ISO-10303-21;
HEADER;
FILE_DESCRIPTION (( 'STEP AP214' ),
    '1' );
FILE_NAME ('IR2101.STEP',
    '2023-05-24T04:29:47',
    ( '' ),
    ( '' ),
    'SwSTEP 2.0',
    'SolidWorks 2021',
    '' );
FILE_SCHEMA (( 'AUTOMOTIVE_DESIGN' ));
ENDSEC;

DATA;
#1 = CARTESIAN_POINT ( 'NONE',  ( 1.041400000000000103, 2.520950000000000024, -3.663949999999999818 ) ) ;
#2 = ORIENTED_EDGE ( 'NONE', *, *, #3067, .F. ) ;
#3 = DIRECTION ( 'NONE',  ( 1.000000000000000000, 0.000000000000000000, 0.000000000000000000 ) ) ;
#4 = ORIENTED_EDGE ( 'NONE', *, *, #363, .F. ) ;
#5 = DIRECTION ( 'NONE',  ( 1.000000000000000000, 0.000000000000000000, 0.000000000000000000 ) ) ;
#6 = DIRECTION ( 'NONE',  ( 1.000000000000000000, 0.000000000000000000, 0.000000000000000000 ) ) ;
#7 = PLANE ( 'NONE',  #3804 ) ;
#8 = ORIENTED_EDGE ( 'NONE', *, *, #2166, .T. ) ;
#9 = DIRECTION ( 'NONE',  ( 0.000000000000000000, -1.000000000000000000, 0.000000000000000000 ) ) ;
#10 = DIRECTION ( 'NONE',  ( 1.000000000000000000, 0.000000000000000000, 0.000000000000000000 ) ) ;
#11 = EDGE_CURVE ( 'NONE', #2461, #2189, #2270, .T. ) ;
#12 = VERTEX_POINT ( 'NONE', #3586 ) ;
#13 = VECTOR ( 'NONE', #265, 1000.000000000000114 ) ;
#14 = ORIENTED_EDGE ( 'NONE', *, *, #3770, .F. ) ;
#15 = ADVANCED_FACE ( 'NONE', ( #429 ), #2581, .F. ) ;
#16 = FACE_OUTER_BOUND ( 'NONE', #1304, .T. ) ;
#17 = MECHANICAL_DESIGN_GEOMETRIC_PRESENTATION_REPRESENTATION (  '', ( #3646 ), #872 ) ;
#18 = EDGE_LOOP ( 'NONE', ( #2990, #1563, #3827, #640 ) ) ;
#19 = LINE ( 'NONE', #3279, #2977 ) ;
#20 = ORIENTED_EDGE ( 'NONE', *, *, #1502, .T. ) ;
#21 = DIRECTION ( 'NONE',  ( 0.000000000000000000, -1.317188039375246045E-16, -1.000000000000000000 ) ) ;
#22 = LINE ( 'NONE', #3911, #2797 ) ;
#23 = VECTOR ( 'NONE', #3382, 1000.000000000000000 ) ;
#24 = CARTESIAN_POINT ( 'NONE',  ( -1.498600000000000154, -4.064000000000000057, 3.663949999999999818 ) ) ;
#25 = PLANE ( 'NONE',  #843 ) ;
#26 = VERTEX_POINT ( 'NONE', #2293 ) ;
#27 = LINE ( 'NONE', #1057, #1894 ) ;
#28 = VECTOR ( 'NONE', #3340, 1000.000000000000000 ) ;
#29 = VECTOR ( 'NONE', #759, 1000.000000000000000 ) ;
#30 = DIRECTION ( 'NONE',  ( 0.000000000000000000, 1.000000000000000000, 0.000000000000000000 ) ) ;
#31 = ORIENTED_EDGE ( 'NONE', *, *, #2006, .F. ) ;
#32 = ORIENTED_EDGE ( 'NONE', *, *, #2780, .T. ) ;
#33 = EDGE_CURVE ( 'NONE', #2068, #12, #1376, .T. ) ;
#34 = ADVANCED_FACE ( 'NONE', ( #388 ), #1663, .T. ) ;
#35 = DIRECTION ( 'NONE',  ( -1.000000000000000000, 0.000000000000000000, 0.000000000000000000 ) ) ;
#36 = ORIENTED_EDGE ( 'NONE', *, *, #1622, .F. ) ;
#37 = DIRECTION ( 'NONE',  ( -1.000000000000000000, 0.000000000000000000, 0.000000000000000000 ) ) ;
#38 = EDGE_CURVE ( 'NONE', #2136, #353, #1041, .T. ) ;
#39 = VERTEX_POINT ( 'NONE', #3083 ) ;
#40 = FACE_OUTER_BOUND ( 'NONE', #665, .T. ) ;
#41 = ORIENTED_EDGE ( 'NONE', *, *, #3716, .F. ) ;
#42 = LINE ( 'NONE', #1993, #1856 ) ;
#43 = LINE ( 'NONE', #3282, #1386 ) ;
#44 = FACE_OUTER_BOUND ( 'NONE', #2819, .T. ) ;
#45 = MECHANICAL_DESIGN_GEOMETRIC_PRESENTATION_REPRESENTATION (  '', ( #312 ), #647 ) ;
#46 = DIRECTION ( 'NONE',  ( 0.000000000000000000, -1.000000000000000000, 0.000000000000000000 ) ) ;
#47 = VECTOR ( 'NONE', #3457, 1000.000000000000000 ) ;
#48 = ORIENTED_EDGE ( 'NONE', *, *, #3922, .F. ) ;
#49 = CARTESIAN_POINT ( 'NONE',  ( 1.498600000000000154, -4.064000000000000057, 3.663949999999999818 ) ) ;
#50 = PLANE ( 'NONE',  #457 ) ;
#51 = ORIENTED_EDGE ( 'NONE', *, *, #2340, .T. ) ;
#52 = VERTEX_POINT ( 'NONE', #4075 ) ;
#53 = AXIS2_PLACEMENT_3D ( 'NONE', #3379, #1467, #2743 ) ;
#54 = ORIENTED_EDGE ( 'NONE', *, *, #2165, .T. ) ;
#55 = PRODUCT_RELATED_PRODUCT_CATEGORY ( 'part', '', ( #1397 ) ) ;
#56 = ADVANCED_FACE ( 'NONE', ( #859 ), #1195, .T. ) ;
#57 = CARTESIAN_POINT ( 'NONE',  ( -3.581400000000000361, 4.336808689942014778E-16, 3.663949999999999818 ) ) ;
#58 = ORIENTED_EDGE ( 'NONE', *, *, #3495, .F. ) ;
#59 = LINE ( 'NONE', #3618, #302 ) ;
#60 = ADVANCED_FACE ( 'NONE', ( #2469 ), #766, .F. ) ;
#61 = EDGE_CURVE ( 'NONE', #3705, #2583, #2404, .T. ) ;
#62 = ORIENTED_EDGE ( 'NONE', *, *, #1667, .F. ) ;
#63 = CARTESIAN_POINT ( 'NONE',  ( 2.000249999999999861, 3.003549999999999720, -3.473449999999999704 ) ) ;
#64 = CARTESIAN_POINT ( 'NONE',  ( -4.038599999999999746, 3.003549999999999720, -3.956049999999999844 ) ) ;
#65 = FACE_OUTER_BOUND ( 'NONE', #2303, .T. ) ;
#66 = LINE ( 'NONE', #1996, #2971 ) ;
#67 = EDGE_LOOP ( 'NONE', ( #951, #2796, #3051, #3040 ) ) ;
#68 = CARTESIAN_POINT ( 'NONE',  ( 4.038599999999999746, 3.003549999999999720, 3.473449999999999704 ) ) ;
#69 = CARTESIAN_POINT ( 'NONE',  ( 1.498600000000000154, 3.003549999999999720, -3.301999999999999602 ) ) ;
#70 = ORIENTED_EDGE ( 'NONE', *, *, #3831, .T. ) ;
#71 = ORIENTED_EDGE ( 'NONE', *, *, #2830, .F. ) ;
#72 = CARTESIAN_POINT ( 'NONE',  ( 4.038599999999999746, 2.711449999999999694, -3.473449999999999704 ) ) ;
#73 = ORIENTED_EDGE ( 'NONE', *, *, #2339, .F. ) ;
#74 = ORIENTED_EDGE ( 'NONE', *, *, #3511, .F. ) ;
#75 = PLANE ( 'NONE',  #1434 ) ;
#76 = VECTOR ( 'NONE', #1952, 1000.000000000000000 ) ;
#77 = LINE ( 'NONE', #3196, #4135 ) ;
#78 = VERTEX_POINT ( 'NONE', #3332 ) ;
#79 = MECHANICAL_DESIGN_GEOMETRIC_PRESENTATION_REPRESENTATION (  '', ( #1019 ), #2688 ) ;
#80 = PLANE ( 'NONE',  #2193 ) ;
#81 = PLANE ( 'NONE',  #1590 ) ;
#82 = DIRECTION ( 'NONE',  ( 0.000000000000000000, 0.000000000000000000, 1.000000000000000000 ) ) ;
#83 = EDGE_CURVE ( 'NONE', #3815, #2383, #4006, .T. ) ;
#84 = DIRECTION ( 'NONE',  ( 0.000000000000000000, 1.000000000000000000, -1.317188039375246045E-16 ) ) ;
#85 = AXIS2_PLACEMENT_3D ( 'NONE', #2748, #2142, #231 ) ;
#86 = ORIENTED_EDGE ( 'NONE', *, *, #88, .T. ) ;
#87 = DIRECTION ( 'NONE',  ( 0.000000000000000000, 0.000000000000000000, -1.000000000000000000 ) ) ;
#88 = EDGE_CURVE ( 'NONE', #2060, #755, #1820, .T. ) ;
#89 = VECTOR ( 'NONE', #4040, 1000.000000000000000 ) ;
#90 = ORIENTED_EDGE ( 'NONE', *, *, #33, .F. ) ;
#91 = ORIENTED_EDGE ( 'NONE', *, *, #3778, .F. ) ;
#92 = CIRCLE ( 'NONE', #2511, 0.1905000000000001414 ) ;
#93 = ORIENTED_EDGE ( 'NONE', *, *, #2695, .F. ) ;
#94 = CARTESIAN_POINT ( 'NONE',  ( -3.079750000000000210, 2.711449999999999694, 3.301999999999999602 ) ) ;
#95 = VECTOR ( 'NONE', #256, 1000.000000000000000 ) ;
#96 = ORIENTED_EDGE ( 'NONE', *, *, #3580, .T. ) ;
#97 = VECTOR ( 'NONE', #3539, 1000.000000000000000 ) ;
#98 = CARTESIAN_POINT ( 'NONE',  ( 3.581400000000000361, -4.064000000000000057, 3.663949999999999818 ) ) ;
#99 = VERTEX_POINT ( 'NONE', #450 ) ;
#100 = CARTESIAN_POINT ( 'NONE',  ( 3.581400000000000361, -4.336808689942014778E-16, 3.956049999999999844 ) ) ;
#101 = ORIENTED_EDGE ( 'NONE', *, *, #983, .T. ) ;
#102 = CARTESIAN_POINT ( 'NONE',  ( 2.000249999999999861, 2.520950000000000024, -3.663949999999999818 ) ) ;
#103 = CARTESIAN_POINT ( 'NONE',  ( 3.079750000000000210, 2.520950000000000024, -3.473449999999999704 ) ) ;
#104 = CARTESIAN_POINT ( 'NONE',  ( 1.498600000000000154, 3.003549999999999720, 3.301999999999999602 ) ) ;
#105 = ORIENTED_EDGE ( 'NONE', *, *, #2281, .T. ) ;
#106 = EDGE_CURVE ( 'NONE', #1806, #3665, #1175, .T. ) ;
#107 = DIRECTION ( 'NONE',  ( -0.9914448613738103822, -0.1305261922200520452, 2.604304476319991012E-16 ) ) ;
#108 = ADVANCED_FACE ( 'NONE', ( #1748 ), #814, .F. ) ;
#109 = AXIS2_PLACEMENT_3D ( 'NONE', #2676, #990, #2262 ) ;
#110 = ORIENTED_EDGE ( 'NONE', *, *, #1371, .F. ) ;
#111 = ORIENTED_EDGE ( 'NONE', *, *, #1600, .F. ) ;
#112 = ADVANCED_FACE ( 'NONE', ( #3009 ), #207, .F. ) ;
#113 = CIRCLE ( 'NONE', #2728, 0.1905000000000001414 ) ;
#114 = LINE ( 'NONE', #2664, #902 ) ;
#115 = CARTESIAN_POINT ( 'NONE',  ( 4.633490436997449891, 0.3810000000000000053, -2.995190436997455130 ) ) ;
#116 = ORIENTED_EDGE ( 'NONE', *, *, #3046, .T. ) ;
#117 = DIRECTION ( 'NONE',  ( 0.000000000000000000, 0.000000000000000000, -1.000000000000000000 ) ) ;
#118 = AXIS2_PLACEMENT_3D ( 'NONE', #3674, #3033, #794 ) ;
#119 = PRODUCT ( 'IR2101', 'IR2101', '', ( #2507 ) ) ;
#120 = ORIENTED_EDGE ( 'NONE', *, *, #1578, .T. ) ;
#121 = DIRECTION ( 'NONE',  ( -1.000000000000000000, 0.000000000000000000, 0.000000000000000000 ) ) ;
#122 = PRESENTATION_LAYER_ASSIGNMENT (  '', '', ( #3953 ) ) ;
#123 = ORIENTED_EDGE ( 'NONE', *, *, #1009, .F. ) ;
#124 = CARTESIAN_POINT ( 'NONE',  ( 3.581400000000000361, 2.520950000000000024, 3.473449999999999704 ) ) ;
#125 = LINE ( 'NONE', #715, #3406 ) ;
#126 = LINE ( 'NONE', #3045, #168 ) ;
#127 = LINE ( 'NONE', #2416, #3394 ) ;
#128 = ORIENTED_EDGE ( 'NONE', *, *, #3799, .F. ) ;
#129 = DIRECTION ( 'NONE',  ( 1.000000000000000000, 0.000000000000000000, 0.000000000000000000 ) ) ;
#130 = DIRECTION ( 'NONE',  ( 0.000000000000000000, 1.000000000000000000, 5.143305367816659412E-17 ) ) ;
#131 = ADVANCED_FACE ( 'NONE', ( #2379 ), #1128, .F. ) ;
#132 = SHAPE_REPRESENTATION_RELATIONSHIP ( 'NONE' , 'NONE' ,  #352, #2927 ) ;
#133 = ORIENTED_EDGE ( 'NONE', *, *, #1679, .T. ) ;
#134 = DIRECTION ( 'NONE',  ( 1.000000000000000000, 0.000000000000000000, 0.000000000000000000 ) ) ;
#135 = LINE ( 'NONE', #2109, #189 ) ;
#136 = PLANE ( 'NONE',  #3380 ) ;
#137 = EDGE_CURVE ( 'NONE', #2082, #2888, #791, .T. ) ;
#138 = EDGE_CURVE ( 'NONE', #2157, #574, #182, .T. ) ;
#139 = VERTEX_POINT ( 'NONE', #1774 ) ;
#140 = ORIENTED_EDGE ( 'NONE', *, *, #2984, .T. ) ;
#141 = DIRECTION ( 'NONE',  ( -0.7071067811865485719, 0.7071067811865464625, -3.636866103296321415E-17 ) ) ;
#142 = ORIENTED_EDGE ( 'NONE', *, *, #703, .T. ) ;
#143 = CARTESIAN_POINT ( 'NONE',  ( -0.5397500000000099440, 0.3047999999999999599, 3.663949999999999818 ) ) ;
#144 = ORIENTED_EDGE ( 'NONE', *, *, #658, .F. ) ;
#145 = CARTESIAN_POINT ( 'NONE',  ( -4.038599999999999746, 2.520950000000000024, 3.473449999999999704 ) ) ;
#146 = CARTESIAN_POINT ( 'NONE',  ( -4.038599999999999746, 3.003549999999999720, -3.301999999999999602 ) ) ;
#147 = VECTOR ( 'NONE', #204, 1000.000000000000000 ) ;
#148 = CARTESIAN_POINT ( 'NONE',  ( -4.038599999999999746, 3.003549999999999720, 3.473449999999999704 ) ) ;
#149 = STYLED_ITEM ( 'NONE', ( #3139 ), #3746 ) ;
#150 = ORIENTED_EDGE ( 'NONE', *, *, #840, .F. ) ;
#151 = CARTESIAN_POINT ( 'NONE',  ( 1.498600000000000154, 3.003549999999999720, 3.301999999999999602 ) ) ;
#152 = AXIS2_PLACEMENT_3D ( 'NONE', #2085, #4033, #497 ) ;
#153 = PLANE ( 'NONE',  #1106 ) ;
#154 = CARTESIAN_POINT ( 'NONE',  ( -4.038599999999999746, 2.520950000000000024, 3.473449999999999704 ) ) ;
#155 = CARTESIAN_POINT ( 'NONE',  ( 1.041400000000000103, 2.520950000000000024, 3.473449999999999704 ) ) ;
#156 = CIRCLE ( 'NONE', #1570, 0.1905000000000001414 ) ;
#157 = CARTESIAN_POINT ( 'NONE',  ( 3.079750000000000210, 2.711449999999999694, 3.473449999999999704 ) ) ;
#158 = ORIENTED_EDGE ( 'NONE', *, *, #2642, .T. ) ;
#159 = DIRECTION ( 'NONE',  ( -1.000000000000000000, 0.000000000000000000, 0.000000000000000000 ) ) ;
#160 = VERTEX_POINT ( 'NONE', #1464 ) ;
#161 = VECTOR ( 'NONE', #3826, 1000.000000000000000 ) ;
#162 = EDGE_CURVE ( 'NONE', #1244, #2040, #1874, .T. ) ;
#163 = DIRECTION ( 'NONE',  ( -0.7071067811865465735, 0.7071067811865485719, -9.313925947400503246E-17 ) ) ;
#164 = EDGE_CURVE ( 'NONE', #2141, #3675, #3375, .T. ) ;
#165 = AXIS2_PLACEMENT_3D ( 'NONE', #2147, #2460, #3113 ) ;
#166 = EDGE_LOOP ( 'NONE', ( #2948, #470, #2385, #1024 ) ) ;
#167 = PLANE ( 'NONE',  #1964 ) ;
#168 = VECTOR ( 'NONE', #511, 1000.000000000000000 ) ;
#169 = VERTEX_POINT ( 'NONE', #2713 ) ;
#170 = FILL_AREA_STYLE_COLOUR ( '', #380 ) ;
#171 = DIRECTION ( 'NONE',  ( -1.000000000000000000, 0.000000000000000000, 0.000000000000000000 ) ) ;
#172 = EDGE_CURVE ( 'NONE', #3438, #1815, #4031, .T. ) ;
#173 = DIRECTION ( 'NONE',  ( -1.000000000000000000, 0.000000000000000000, 0.000000000000000000 ) ) ;
#174 =( LENGTH_UNIT ( ) NAMED_UNIT ( * ) SI_UNIT ( .MILLI., .METRE. ) );
#175 = DIRECTION ( 'NONE',  ( 0.000000000000000000, 1.317188039375246045E-16, -1.000000000000000000 ) ) ;
#176 = EDGE_LOOP ( 'NONE', ( #289, #3247, #557, #1965 ) ) ;
#177 = DIRECTION ( 'NONE',  ( 1.000000000000000000, 0.000000000000000000, 0.000000000000000000 ) ) ;
#178 = LINE ( 'NONE', #3418, #235 ) ;
#179 = DIRECTION ( 'NONE',  ( -1.000000000000000000, 0.000000000000000000, 0.000000000000000000 ) ) ;
#180 = FILL_AREA_STYLE_COLOUR ( '', #756 ) ;
#181 = ORIENTED_EDGE ( 'NONE', *, *, #3153, .T. ) ;
#182 = LINE ( 'NONE', #2062, #3150 ) ;
#183 = CARTESIAN_POINT ( 'NONE',  ( -3.581400000000000361, 2.520950000000000024, -3.663949999999999818 ) ) ;
#184 = AXIS2_PLACEMENT_3D ( 'NONE', #3163, #1539, #2212 ) ;
#185 = VECTOR ( 'NONE', #2226, 1000.000000000000000 ) ;
#186 = FACE_OUTER_BOUND ( 'NONE', #1310, .T. ) ;
#187 = LINE ( 'NONE', #4034, #3211 ) ;
#188 = ORIENTED_EDGE ( 'NONE', *, *, #61, .T. ) ;
#189 = VECTOR ( 'NONE', #1196, 1000.000000000000000 ) ;
#190 = DIRECTION ( 'NONE',  ( -1.000000000000000000, 0.000000000000000000, 0.000000000000000000 ) ) ;
#191 = ORIENTED_EDGE ( 'NONE', *, *, #3176, .T. ) ;
#192 = CARTESIAN_POINT ( 'NONE',  ( -4.038599999999999746, 2.711449999999999694, -3.473449999999999704 ) ) ;
#193 = EDGE_CURVE ( 'NONE', #548, #632, #2783, .T. ) ;
#194 = VERTEX_POINT ( 'NONE', #3718 ) ;
#195 = DIRECTION ( 'NONE',  ( -0.7071067811865465735, 0.7071067811865485719, 9.313925947400503246E-17 ) ) ;
#196 = CARTESIAN_POINT ( 'NONE',  ( -1.041400000000000103, 4.336808689942014778E-16, 3.956049999999999844 ) ) ;
#197 = CARTESIAN_POINT ( 'NONE',  ( 2.000249999999999861, 0.3047999999999999599, -3.663949999999999818 ) ) ;
#198 = SURFACE_STYLE_FILL_AREA ( #828 ) ;
#199 = LINE ( 'NONE', #2705, #1038 ) ;
#200 = CIRCLE ( 'NONE', #259, 0.4826000000000001400 ) ;
#201 = EDGE_CURVE ( 'NONE', #3705, #396, #2761, .T. ) ;
#202 = EDGE_CURVE ( 'NONE', #1481, #1157, #1520, .T. ) ;
#203 = EDGE_LOOP ( 'NONE', ( #1238, #1793, #3278, #684, #3402, #3169, #3426, #2007 ) ) ;
#204 = DIRECTION ( 'NONE',  ( 1.000000000000000000, 0.000000000000000000, 0.000000000000000000 ) ) ;
#205 = CARTESIAN_POINT ( 'NONE',  ( 4.038599999999999746, 2.520950000000000024, 3.956049999999999844 ) ) ;
#206 = ORIENTED_EDGE ( 'NONE', *, *, #3068, .F. ) ;
#207 = PLANE ( 'NONE',  #255 ) ;
#208 = CARTESIAN_POINT ( 'NONE',  ( 4.038599999999999746, 2.520950000000000024, -3.663949999999999818 ) ) ;
#209 = DIRECTION ( 'NONE',  ( -0.1305261922200520452, -0.9914448613738103822, 0.000000000000000000 ) ) ;
#210 = ORIENTED_EDGE ( 'NONE', *, *, #3146, .T. ) ;
#211 = ORIENTED_EDGE ( 'NONE', *, *, #2288, .F. ) ;
#212 = PLANE ( 'NONE',  #85 ) ;
#213 = DIRECTION ( 'NONE',  ( 0.000000000000000000, 1.000000000000000000, 0.000000000000000000 ) ) ;
#214 = LINE ( 'NONE', #2097, #1267 ) ;
#215 = UNCERTAINTY_MEASURE_WITH_UNIT (LENGTH_MEASURE( 1.000000000000000082E-05 ), #4004, 'distance_accuracy_value', 'NONE');
#216 = CARTESIAN_POINT ( 'NONE',  ( -1.498600000000000154, 2.520950000000000024, -3.663949999999999818 ) ) ;
#217 = VERTEX_POINT ( 'NONE', #2154 ) ;
#218 = LINE ( 'NONE', #2955, #3133 ) ;
#219 = EDGE_CURVE ( 'NONE', #3884, #3331, #1263, .T. ) ;
#220 = ADVANCED_FACE ( 'NONE', ( #641 ), #2531, .F. ) ;
#221 = CARTESIAN_POINT ( 'NONE',  ( -0.5397500000000099440, 2.520950000000000024, 3.473449999999999704 ) ) ;
#222 = ORIENTED_EDGE ( 'NONE', *, *, #138, .F. ) ;
#223 = CARTESIAN_POINT ( 'NONE',  ( 1.498600000000000154, -4.336808689942014778E-16, 3.473449999999999704 ) ) ;
#224 = CARTESIAN_POINT ( 'NONE',  ( -1.041400000000000103, 3.003549999999999720, 3.301999999999999602 ) ) ;
#225 = MECHANICAL_DESIGN_GEOMETRIC_PRESENTATION_REPRESENTATION (  '', ( #685 ), #1689 ) ;
#226 = EDGE_CURVE ( 'NONE', #1843, #2180, #4094, .T. ) ;
#227 = DIRECTION ( 'NONE',  ( 1.000000000000000000, 0.000000000000000000, 0.000000000000000000 ) ) ;
#228 = ORIENTED_EDGE ( 'NONE', *, *, #2006, .T. ) ;
#229 = VERTEX_POINT ( 'NONE', #2215 ) ;
#230 = ORIENTED_EDGE ( 'NONE', *, *, #1280, .T. ) ;
#231 = DIRECTION ( 'NONE',  ( 0.000000000000000000, 1.995235157039925019E-15, -1.000000000000000000 ) ) ;
#232 = CARTESIAN_POINT ( 'NONE',  ( 1.041400000000000103, 4.336808689942014778E-16, -3.663949999999999818 ) ) ;
#233 = CARTESIAN_POINT ( 'NONE',  ( -4.940299999999999692, 2.711449999999999694, -3.301999999999999602 ) ) ;
#234 = CARTESIAN_POINT ( 'NONE',  ( 0.5397499999999899600, 2.520950000000000024, -3.663949999999999818 ) ) ;
#235 = VECTOR ( 'NONE', #1461, 1000.000000000000000 ) ;
#236 = DIRECTION ( 'NONE',  ( 0.000000000000000000, 0.000000000000000000, -1.000000000000000000 ) ) ;
#237 = EDGE_LOOP ( 'NONE', ( #3767, #3962, #3063, #1011 ) ) ;
#238 = DIRECTION ( 'NONE',  ( -1.000000000000000000, 0.000000000000000000, 0.000000000000000000 ) ) ;
#239 = DIRECTION ( 'NONE',  ( -0.9914448613738103822, 0.1305261922200520452, 2.604304476319989040E-16 ) ) ;
#240 = ADVANCED_FACE ( 'NONE', ( #1880 ), #1586, .F. ) ;
#241 = EDGE_CURVE ( 'NONE', #347, #1831, #92, .T. ) ;
#242 = ORIENTED_EDGE ( 'NONE', *, *, #3404, .T. ) ;
#243 = DIRECTION ( 'NONE',  ( 0.000000000000000000, -1.000000000000000000, -1.317188039375246045E-16 ) ) ;
#244 = CARTESIAN_POINT ( 'NONE',  ( -3.384549999999999947, -4.336808689942014778E-16, 3.956049999999999844 ) ) ;
#245 = DIRECTION ( 'NONE',  ( 0.000000000000000000, 0.000000000000000000, -1.000000000000000000 ) ) ;
#246 = EDGE_CURVE ( 'NONE', #4129, #2981, #960, .T. ) ;
#247 = EDGE_LOOP ( 'NONE', ( #3061, #1103, #1448, #2378 ) ) ;
#248 = ORIENTED_EDGE ( 'NONE', *, *, #4099, .F. ) ;
#249 = VECTOR ( 'NONE', #1788, 1000.000000000000000 ) ;
#250 = ORIENTED_EDGE ( 'NONE', *, *, #3352, .F. ) ;
#251 = LINE ( 'NONE', #3752, #832 ) ;
#252 = DIRECTION ( 'NONE',  ( 0.000000000000000000, 0.000000000000000000, 1.000000000000000000 ) ) ;
#253 = DIRECTION ( 'NONE',  ( 0.000000000000000000, 1.000000000000000000, 5.143305367816659412E-17 ) ) ;
#254 = DIRECTION ( 'NONE',  ( 0.000000000000000000, 1.000000000000000000, 0.000000000000000000 ) ) ;
#255 = AXIS2_PLACEMENT_3D ( 'NONE', #3982, #1503, #789 ) ;
#256 = DIRECTION ( 'NONE',  ( -1.000000000000000000, 0.000000000000000000, 0.000000000000000000 ) ) ;
#257 = ORIENTED_EDGE ( 'NONE', *, *, #3225, .T. ) ;
#258 = LINE ( 'NONE', #1893, #1165 ) ;
#259 = AXIS2_PLACEMENT_3D ( 'NONE', #3766, #1842, #3149 ) ;
#260 = VECTOR ( 'NONE', #1152, 1000.000000000000000 ) ;
#261 = DIRECTION ( 'NONE',  ( -1.000000000000000000, 0.000000000000000000, 0.000000000000000000 ) ) ;
#262 =( NAMED_UNIT ( * ) SI_UNIT ( $, .STERADIAN. ) SOLID_ANGLE_UNIT ( ) );
#263 = ORIENTED_EDGE ( 'NONE', *, *, #226, .F. ) ;
#264 =( GEOMETRIC_REPRESENTATION_CONTEXT ( 3 ) GLOBAL_UNCERTAINTY_ASSIGNED_CONTEXT ( ( #804 ) ) GLOBAL_UNIT_ASSIGNED_CONTEXT ( ( #1728, #2963, #2336 ) ) REPRESENTATION_CONTEXT ( 'NONE', 'WORKASPACE' ) );
#265 = DIRECTION ( 'NONE',  ( 0.7071067811865474617, 0.7071067811865474617, 9.313925947400492153E-17 ) ) ;
#266 =( LENGTH_UNIT ( ) NAMED_UNIT ( * ) SI_UNIT ( .MILLI., .METRE. ) );
#267 = LINE ( 'NONE', #3786, #2467 ) ;
#268 = CARTESIAN_POINT ( 'NONE',  ( -4.326680873994910748, 5.334000000000000519, 0.7366000000000000325 ) ) ;
#269 = VERTEX_POINT ( 'NONE', #3763 ) ;
#270 = EDGE_CURVE ( 'NONE', #3127, #3858, #602, .T. ) ;
#271 = EDGE_CURVE ( 'NONE', #396, #1519, #2177, .T. ) ;
#272 = ORIENTED_EDGE ( 'NONE', *, *, #839, .T. ) ;
#273 = ORIENTED_EDGE ( 'NONE', *, *, #809, .T. ) ;
#274 = PLANE ( 'NONE',  #2289 ) ;
#275 = FACE_OUTER_BOUND ( 'NONE', #370, .T. ) ;
#276 = LINE ( 'NONE', #1850, #2198 ) ;
#277 = CARTESIAN_POINT ( 'NONE',  ( -3.384549999999999947, -4.604301977989739772E-16, -3.956049999999999844 ) ) ;
#278 = ORIENTED_EDGE ( 'NONE', *, *, #1508, .F. ) ;
#279 = LINE ( 'NONE', #1558, #185 ) ;
#280 = CARTESIAN_POINT ( 'NONE',  ( -4.038599999999999746, -4.064000000000000057, 3.663949999999999818 ) ) ;
#281 = CARTESIAN_POINT ( 'NONE',  ( -0.5397500000000099440, 2.711449999999999694, 3.473449999999999704 ) ) ;
#282 = VERTEX_POINT ( 'NONE', #3186 ) ;
#283 = CARTESIAN_POINT ( 'NONE',  ( -4.940299999999999692, 5.334000000000000519, -0.7366000000000000325 ) ) ;
#284 = DIRECTION ( 'NONE',  ( 0.000000000000000000, 0.000000000000000000, -1.000000000000000000 ) ) ;
#285 = VECTOR ( 'NONE', #243, 1000.000000000000000 ) ;
#286 = LINE ( 'NONE', #2114, #1209 ) ;
#287 = ORIENTED_EDGE ( 'NONE', *, *, #1863, .F. ) ;
#288 = CIRCLE ( 'NONE', #2435, 0.1905000000000001414 ) ;
#289 = ORIENTED_EDGE ( 'NONE', *, *, #1504, .F. ) ;
#290 = ADVANCED_FACE ( 'NONE', ( #883 ), #3144, .F. ) ;
#291 = EDGE_CURVE ( 'NONE', #1061, #931, #305, .T. ) ;
#292 = ORIENTED_EDGE ( 'NONE', *, *, #1885, .T. ) ;
#293 = DIRECTION ( 'NONE',  ( -0.1294283079955640126, -0.9831056027603600755, 0.1294283079955640126 ) ) ;
#294 = VECTOR ( 'NONE', #1627, 1000.000000000000000 ) ;
#295 = CARTESIAN_POINT ( 'NONE',  ( 4.038599999999999746, 2.520950000000000024, 3.956049999999999844 ) ) ;
#296 = ADVANCED_FACE ( 'NONE', ( #1899 ), #4138, .T. ) ;
#297 = ORIENTED_EDGE ( 'NONE', *, *, #1260, .F. ) ;
#298 = LINE ( 'NONE', #1257, #1317 ) ;
#299 = PLANE ( 'NONE',  #184 ) ;
#300 = VECTOR ( 'NONE', #1784, 1000.000000000000000 ) ;
#301 = CARTESIAN_POINT ( 'NONE',  ( -4.940299999999999692, 2.711449999999999694, 3.301999999999999602 ) ) ;
#302 = VECTOR ( 'NONE', #3908, 1000.000000000000000 ) ;
#303 = AXIS2_PLACEMENT_3D ( 'NONE', #716, #1995, #672 ) ;
#304 = ORIENTED_EDGE ( 'NONE', *, *, #1951, .F. ) ;
#305 = LINE ( 'NONE', #2847, #13 ) ;
#306 = DIRECTION ( 'NONE',  ( -0.000000000000000000, 1.000000000000000000, 0.000000000000000000 ) ) ;
#307 = DIRECTION ( 'NONE',  ( 0.000000000000000000, -1.000000000000000000, 0.000000000000000000 ) ) ;
#308 = ORIENTED_EDGE ( 'NONE', *, *, #423, .F. ) ;
#309 = APPLICATION_CONTEXT ( 'automotive_design' ) ;
#310 = CARTESIAN_POINT ( 'NONE',  ( 0.5397499999999899600, 3.003549999999999720, -3.473449999999999704 ) ) ;
#311 = VECTOR ( 'NONE', #1453, 1000.000000000000000 ) ;
#312 = STYLED_ITEM ( 'NONE', ( #333 ), #868 ) ;
#313 = ORIENTED_EDGE ( 'NONE', *, *, #2757, .F. ) ;
#314 = CARTESIAN_POINT ( 'NONE',  ( -1.498600000000000154, 4.336808689942014778E-16, -3.663949999999999818 ) ) ;
#315 = ORIENTED_EDGE ( 'NONE', *, *, #3006, .T. ) ;
#316 = AXIS2_PLACEMENT_3D ( 'NONE', #2480, #911, #4087 ) ;
#317 = CARTESIAN_POINT ( 'NONE',  ( 1.041400000000000103, 4.336808689942014778E-16, 3.663949999999999818 ) ) ;
#318 = DIRECTION ( 'NONE',  ( 0.000000000000000000, 1.000000000000000000, 5.143305367816659412E-17 ) ) ;
#319 = EDGE_CURVE ( 'NONE', #3915, #1804, #2869, .T. ) ;
#320 = EDGE_CURVE ( 'NONE', #3229, #1380, #2547, .T. ) ;
#321 = CARTESIAN_POINT ( 'NONE',  ( 3.581400000000000361, -4.336808689942014778E-16, -3.956049999999999844 ) ) ;
#322 = ORIENTED_EDGE ( 'NONE', *, *, #1477, .T. ) ;
#323 = DIRECTION ( 'NONE',  ( 0.000000000000000000, 0.000000000000000000, 1.000000000000000000 ) ) ;
#324 = AXIS2_PLACEMENT_3D ( 'NONE', #2355, #3940, #3287 ) ;
#325 = EDGE_CURVE ( 'NONE', #2060, #3988, #2232, .T. ) ;
#327 = CARTESIAN_POINT ( 'NONE',  ( -4.038599999999999746, 2.711449999999999694, 3.301999999999999602 ) ) ;
#326 = AXIS2_PLACEMENT_3D ( 'NONE', #1746, #743, #3027 ) ;
#328 = ORIENTED_EDGE ( 'NONE', *, *, #4000, .F. ) ;
#329 = CARTESIAN_POINT ( 'NONE',  ( -4.038599999999999746, 2.520950000000000024, -3.956049999999999844 ) ) ;
#330 = ORIENTED_EDGE ( 'NONE', *, *, #3038, .F. ) ;
#331 = DIRECTION ( 'NONE',  ( 0.000000000000000000, 1.317188039375246045E-16, 1.000000000000000000 ) ) ;
#332 = ORIENTED_EDGE ( 'NONE', *, *, #320, .T. ) ;
#333 = PRESENTATION_STYLE_ASSIGNMENT (( #1631 ) ) ;
#334 = DIRECTION ( 'NONE',  ( 0.000000000000000000, 0.000000000000000000, 1.000000000000000000 ) ) ;
#335 = CARTESIAN_POINT ( 'NONE',  ( -4.633490436997449891, 5.334000000000000519, -0.7366000000000000325 ) ) ;
#336 = CARTESIAN_POINT ( 'NONE',  ( -2.000249999999999861, 0.3047999999999999599, 3.663949999999999818 ) ) ;
#337 = VERTEX_POINT ( 'NONE', #1919 ) ;
#338 = EDGE_CURVE ( 'NONE', #2882, #3649, #1756, .T. ) ;
#339 = DIRECTION ( 'NONE',  ( 0.000000000000000000, 0.000000000000000000, 1.000000000000000000 ) ) ;
#340 = EDGE_CURVE ( 'NONE', #282, #3468, #1604, .T. ) ;
#341 = PLANE ( 'NONE',  #599 ) ;
#342 = EDGE_LOOP ( 'NONE', ( #1348, #2107, #248, #1184 ) ) ;
#343 = EDGE_CURVE ( 'NONE', #1222, #744, #27, .T. ) ;
#344 = VECTOR ( 'NONE', #1169, 1000.000000000000000 ) ;
#345 = LINE ( 'NONE', #2947, #3241 ) ;
#346 = PRESENTATION_LAYER_ASSIGNMENT (  '', '', ( #1019 ) ) ;
#347 = VERTEX_POINT ( 'NONE', #660 ) ;
#348 = CARTESIAN_POINT ( 'NONE',  ( 4.038599999999999746, 2.711449999999999694, -3.301999999999999602 ) ) ;
#349 = AXIS2_PLACEMENT_3D ( 'NONE', #664, #3611, #2623 ) ;
#350 = EDGE_LOOP ( 'NONE', ( #417, #1755, #731, #2312 ) ) ;
#351 = DIRECTION ( 'NONE',  ( -1.000000000000000000, 0.000000000000000000, 0.000000000000000000 ) ) ;
#352 = SHAPE_REPRESENTATION ( 'IR2111', ( #324 ), #2134 ) ;
#353 = VERTEX_POINT ( 'NONE', #994 ) ;
#354 = CARTESIAN_POINT ( 'NONE',  ( 3.079750000000000210, 0.3047999999999999599, 3.956049999999999844 ) ) ;
#355 = DIRECTION ( 'NONE',  ( 1.000000000000000000, 0.000000000000000000, 0.000000000000000000 ) ) ;
#356 = VECTOR ( 'NONE', #3131, 1000.000000000000000 ) ;
#357 = LINE ( 'NONE', #992, #3047 ) ;
#358 = AXIS2_PLACEMENT_3D ( 'NONE', #1159, #121, #2411 ) ;
#359 = VERTEX_POINT ( 'NONE', #2016 ) ;
#360 = CARTESIAN_POINT ( 'NONE',  ( -4.940299999999999692, 2.711449999999999694, 3.301999999999999602 ) ) ;
#361 = AXIS2_PLACEMENT_3D ( 'NONE', #3481, #4092, #3202 ) ;
#362 = AXIS2_PLACEMENT_3D ( 'NONE', #778, #2052, #1765 ) ;
#363 = EDGE_CURVE ( 'NONE', #2812, #2410, #1349, .T. ) ;
#364 = CARTESIAN_POINT ( 'NONE',  ( 2.000249999999999861, 0.3047999999999999599, -3.473449999999999704 ) ) ;
#365 = ORIENTED_EDGE ( 'NONE', *, *, #3270, .F. ) ;
#366 = ORIENTED_EDGE ( 'NONE', *, *, #3690, .T. ) ;
#367 = CARTESIAN_POINT ( 'NONE',  ( -2.000249999999999861, 2.711449999999999694, -3.301999999999999602 ) ) ;
#368 = EDGE_CURVE ( 'NONE', #2765, #4005, #2641, .T. ) ;
#369 = ADVANCED_FACE ( 'NONE', ( #677 ), #1035, .T. ) ;
#370 = EDGE_LOOP ( 'NONE', ( #2712, #2659, #2629, #681 ) ) ;
#371 = ORIENTED_EDGE ( 'NONE', *, *, #3432, .F. ) ;
#372 = FACE_OUTER_BOUND ( 'NONE', #2337, .T. ) ;
#373 = EDGE_CURVE ( 'NONE', #3161, #2474, #2578, .T. ) ;
#374 = ORIENTED_EDGE ( 'NONE', *, *, #1732, .T. ) ;
#375 = CARTESIAN_POINT ( 'NONE',  ( -4.940299999999999692, 3.003549999999999720, -3.301999999999999602 ) ) ;
#376 = ORIENTED_EDGE ( 'NONE', *, *, #3771, .T. ) ;
#377 = DIRECTION ( 'NONE',  ( 0.000000000000000000, 1.000000000000000000, 0.000000000000000000 ) ) ;
#378 = FACE_OUTER_BOUND ( 'NONE', #2561, .T. ) ;
#379 = AXIS2_PLACEMENT_3D ( 'NONE', #1916, #4110, #2171 ) ;
#380 = COLOUR_RGB ( '',0.7960784313725489669, 0.8235294117647058432, 0.9372549019607843146 ) ;
#381 = FACE_OUTER_BOUND ( 'NONE', #3614, .T. ) ;
#382 = VECTOR ( 'NONE', #2784, 1000.000000000000000 ) ;
#383 = ORIENTED_EDGE ( 'NONE', *, *, #1296, .T. ) ;
#384 = LINE ( 'NONE', #3581, #4116 ) ;
#385 = VECTOR ( 'NONE', #3268, 1000.000000000000000 ) ;
#386 = FACE_OUTER_BOUND ( 'NONE', #247, .T. ) ;
#387 = ORIENTED_EDGE ( 'NONE', *, *, #1180, .F. ) ;
#388 = FACE_OUTER_BOUND ( 'NONE', #203, .T. ) ;
#389 = VECTOR ( 'NONE', #2922, 1000.000000000000000 ) ;
#390 = CARTESIAN_POINT ( 'NONE',  ( -3.581400000000000361, -4.336808689942014778E-16, -3.473449999999999704 ) ) ;
#391 = VECTOR ( 'NONE', #3694, 1000.000000000000000 ) ;
#392 = VERTEX_POINT ( 'NONE', #3897 ) ;
#393 = CARTESIAN_POINT ( 'NONE',  ( -1.695450000000000124, -4.604301977989739772E-16, -3.956049999999999844 ) ) ;
#394 = EDGE_CURVE ( 'NONE', #1715, #3165, #2962, .T. ) ;
#395 = DIRECTION ( 'NONE',  ( 0.000000000000000000, 0.000000000000000000, -1.000000000000000000 ) ) ;
#396 = VERTEX_POINT ( 'NONE', #3544 ) ;
#397 = LINE ( 'NONE', #375, #3926 ) ;
#398 = VERTEX_POINT ( 'NONE', #2900 ) ;
#399 = DIRECTION ( 'NONE',  ( 0.000000000000000000, 1.000000000000000000, 0.000000000000000000 ) ) ;
#400 = DIRECTION ( 'NONE',  ( 0.000000000000000000, -5.143305367816659412E-17, 1.000000000000000000 ) ) ;
#401 = ADVANCED_FACE ( 'NONE', ( #2267 ), #3876, .F. ) ;
#402 = CARTESIAN_POINT ( 'NONE',  ( -3.079750000000000210, 2.520950000000000024, 3.473449999999999704 ) ) ;
#403 = FACE_OUTER_BOUND ( 'NONE', #2220, .T. ) ;
#404 = EDGE_LOOP ( 'NONE', ( #1112, #330, #2252, #3902 ) ) ;
#405 = CARTESIAN_POINT ( 'NONE',  ( -1.498600000000000154, -4.064000000000000057, 3.956049999999999844 ) ) ;
#406 = FILL_AREA_STYLE_COLOUR ( '', #1062 ) ;
#407 = VERTEX_POINT ( 'NONE', #3562 ) ;
#408 = EDGE_LOOP ( 'NONE', ( #211, #1630, #950, #3943, #2699, #741, #1662 ) ) ;
#409 = CARTESIAN_POINT ( 'NONE',  ( -1.041400000000000103, -4.336808689942014778E-16, 3.473449999999999704 ) ) ;
#410 = DIRECTION ( 'NONE',  ( 0.000000000000000000, 1.000000000000000000, 0.000000000000000000 ) ) ;
#411 = VERTEX_POINT ( 'NONE', #2562 ) ;
#412 = CARTESIAN_POINT ( 'NONE',  ( 0.8445499999999900309, -4.487044639735940043E-16, 3.663949999999999818 ) ) ;
#413 = ORIENTED_EDGE ( 'NONE', *, *, #1504, .T. ) ;
#414 = CARTESIAN_POINT ( 'NONE',  ( -1.498600000000000154, 2.520950000000000024, 3.473449999999999704 ) ) ;
#415 = ADVANCED_FACE ( 'NONE', ( #1637 ), #2334, .F. ) ;
#416 = EDGE_CURVE ( 'NONE', #2609, #1394, #2250, .T. ) ;
#417 = ORIENTED_EDGE ( 'NONE', *, *, #1173, .T. ) ;
#418 = STYLED_ITEM ( 'NONE', ( #3715 ), #3727 ) ;
#419 = CARTESIAN_POINT ( 'NONE',  ( 0.000000000000000000, 0.3810000000000000053, 0.000000000000000000 ) ) ;
#420 = DIRECTION ( 'NONE',  ( 0.000000000000000000, 1.000000000000000000, 0.000000000000000000 ) ) ;
#421 = CARTESIAN_POINT ( 'NONE',  ( -0.5397500000000099440, -4.336808689942014778E-16, 3.956049999999999844 ) ) ;
#422 = LINE ( 'NONE', #104, #985 ) ;
#423 = EDGE_CURVE ( 'NONE', #1858, #2908, #384, .T. ) ;
#424 = CLOSED_SHELL ( 'NONE', ( #1450, #2645, #296, #3037, #2088, #3912, #3888, #2314, #3122, #1065, #2315, #2887, #3076, #2902, #1114, #2201 ) ) ;
#425 = ORIENTED_EDGE ( 'NONE', *, *, #1606, .F. ) ;
#426 = DIRECTION ( 'NONE',  ( -1.000000000000000000, 0.000000000000000000, 0.000000000000000000 ) ) ;
#427 =( LENGTH_UNIT ( ) NAMED_UNIT ( * ) SI_UNIT ( .MILLI., .METRE. ) );
#428 = ORIENTED_EDGE ( 'NONE', *, *, #708, .F. ) ;
#429 = FACE_OUTER_BOUND ( 'NONE', #1077, .T. ) ;
#430 = VECTOR ( 'NONE', #3041, 1000.000000000000114 ) ;
#431 = CARTESIAN_POINT ( 'NONE',  ( 0.8445499999999900309, -4.336808689942014778E-16, 3.956049999999999844 ) ) ;
#432 = ORIENTED_EDGE ( 'NONE', *, *, #967, .F. ) ;
#433 = ORIENTED_EDGE ( 'NONE', *, *, #1224, .T. ) ;
#434 = VECTOR ( 'NONE', #2595, 1000.000000000000000 ) ;
#435 = DIRECTION ( 'NONE',  ( 0.000000000000000000, -5.143305367816659412E-17, -1.000000000000000000 ) ) ;
#436 = VERTEX_POINT ( 'NONE', #978 ) ;
#437 = DIRECTION ( 'NONE',  ( 0.000000000000000000, 1.000000000000000000, 5.143305367816659412E-17 ) ) ;
#438 = ORIENTED_EDGE ( 'NONE', *, *, #3491, .F. ) ;
#439 = CARTESIAN_POINT ( 'NONE',  ( -4.038599999999999746, 2.520950000000000024, 3.473449999999999704 ) ) ;
#440 = DIRECTION ( 'NONE',  ( 1.000000000000000000, 0.000000000000000000, 0.000000000000000000 ) ) ;
#441 = CARTESIAN_POINT ( 'NONE',  ( -0.5397500000000099440, -4.487044639735940043E-16, -3.663949999999999818 ) ) ;
#442 = DIRECTION ( 'NONE',  ( 0.000000000000000000, -5.143305367816659412E-17, 1.000000000000000000 ) ) ;
#443 = ORIENTED_EDGE ( 'NONE', *, *, #2028, .F. ) ;
#444 = CARTESIAN_POINT ( 'NONE',  ( -2.000249999999999861, 2.711449999999999694, 3.301999999999999602 ) ) ;
#445 = EDGE_CURVE ( 'NONE', #3792, #2136, #1975, .T. ) ;
#446 = CYLINDRICAL_SURFACE ( 'NONE', #2302, 0.1905000000000001414 ) ;
#447 = CIRCLE ( 'NONE', #2925, 0.4826000000000001400 ) ;
#448 = SURFACE_STYLE_USAGE ( .BOTH. , #1682 ) ;
#449 = VERTEX_POINT ( 'NONE', #3916 ) ;
#450 = CARTESIAN_POINT ( 'NONE',  ( 4.038599999999999746, 3.003549999999999720, -3.301999999999999602 ) ) ;
#451 = EDGE_CURVE ( 'NONE', #2908, #2882, #1659, .T. ) ;
#452 = LINE ( 'NONE', #3357, #1242 ) ;
#453 = ORIENTED_EDGE ( 'NONE', *, *, #3612, .T. ) ;
#454 = CARTESIAN_POINT ( 'NONE',  ( 1.695450000000000124, -4.336808689942014778E-16, 3.956049999999999844 ) ) ;
#455 = VERTEX_POINT ( 'NONE', #68 ) ;
#456 = DIRECTION ( 'NONE',  ( 0.000000000000000000, 0.000000000000000000, 1.000000000000000000 ) ) ;
#457 = AXIS2_PLACEMENT_3D ( 'NONE', #69, #1333, #307 ) ;
#458 = ORIENTED_EDGE ( 'NONE', *, *, #1036, .F. ) ;
#459 = FACE_OUTER_BOUND ( 'NONE', #2905, .T. ) ;
#460 = ORIENTED_EDGE ( 'NONE', *, *, #3863, .T. ) ;
#461 = FACE_OUTER_BOUND ( 'NONE', #3253, .T. ) ;
#462 = DIRECTION ( 'NONE',  ( 0.000000000000000000, -1.000000000000000000, 0.000000000000000000 ) ) ;
#463 = LINE ( 'NONE', #3708, #2853 ) ;
#464 = LINE ( 'NONE', #781, #1576 ) ;
#465 = ORIENTED_EDGE ( 'NONE', *, *, #726, .F. ) ;
#466 = CARTESIAN_POINT ( 'NONE',  ( 3.079750000000000210, 0.3047999999999999599, -3.473449999999999704 ) ) ;
#467 = CARTESIAN_POINT ( 'NONE',  ( -3.079750000000000210, 2.711449999999999694, -3.301999999999999602 ) ) ;
#468 = EDGE_CURVE ( 'NONE', #2068, #1286, #3224, .T. ) ;
#469 = EDGE_CURVE ( 'NONE', #3592, #1157, #3286, .T. ) ;
#470 = ORIENTED_EDGE ( 'NONE', *, *, #2029, .T. ) ;
#471 = DIRECTION ( 'NONE',  ( -1.000000000000000000, 0.000000000000000000, 0.000000000000000000 ) ) ;
#472 = PLANE ( 'NONE',  #3074 ) ;
#473 = DIRECTION ( 'NONE',  ( -1.000000000000000000, 0.000000000000000000, 0.000000000000000000 ) ) ;
#474 = VERTEX_POINT ( 'NONE', #405 ) ;
#475 = EDGE_CURVE ( 'NONE', #3977, #1380, #1681, .T. ) ;
#476 = ORIENTED_EDGE ( 'NONE', *, *, #1932, .T. ) ;
#477 = CARTESIAN_POINT ( 'NONE',  ( -4.038599999999999746, 2.520950000000000024, -3.956049999999999844 ) ) ;
#478 = EDGE_LOOP ( 'NONE', ( #2284, #1868, #2997, #1680, #54, #3470, #1961, #689 ) ) ;
#479 = CARTESIAN_POINT ( 'NONE',  ( -4.038599999999999746, 3.003549999999999720, 3.301999999999999602 ) ) ;
#480 = EDGE_LOOP ( 'NONE', ( #2556, #4036, #1352, #4160 ) ) ;
#481 = CARTESIAN_POINT ( 'NONE',  ( -3.079750000000000210, 2.711449999999999694, 3.301999999999999602 ) ) ;
#482 = CARTESIAN_POINT ( 'NONE',  ( -1.041400000000000103, 2.711449999999999694, 3.301999999999999602 ) ) ;
#483 = AXIS2_PLACEMENT_3D ( 'NONE', #1769, #2660, #3645 ) ;
#484 = SURFACE_SIDE_STYLE ('',( #198 ) ) ;
#485 = DIRECTION ( 'NONE',  ( 0.000000000000000000, 1.000000000000000000, 0.000000000000000000 ) ) ;
#486 = AXIS2_PLACEMENT_3D ( 'NONE', #3753, #3428, #4103 ) ;
#487 = ORIENTED_EDGE ( 'NONE', *, *, #2810, .T. ) ;
#488 = CARTESIAN_POINT ( 'NONE',  ( -3.079750000000000210, 0.3047999999999999599, 3.473449999999999704 ) ) ;
#489 = VECTOR ( 'NONE', #569, 1000.000000000000000 ) ;
#490 = PLANE ( 'NONE',  #2443 ) ;
#491 = CARTESIAN_POINT ( 'NONE',  ( 4.038599999999999746, 2.520950000000000024, -3.956049999999999844 ) ) ;
#492 = VERTEX_POINT ( 'NONE', #1078 ) ;
#493 = CARTESIAN_POINT ( 'NONE',  ( -3.581400000000000361, -4.064000000000000057, -3.663949999999999818 ) ) ;
#494 = DIRECTION ( 'NONE',  ( 0.000000000000000000, 1.000000000000000000, 0.000000000000000000 ) ) ;
#495 = VECTOR ( 'NONE', #37, 1000.000000000000000 ) ;
#496 = EDGE_CURVE ( 'NONE', #1266, #2625, #1482, .T. ) ;
#497 = DIRECTION ( 'NONE',  ( 0.000000000000000000, -1.000000000000000000, -1.317188039375246045E-16 ) ) ;
#498 = ORIENTED_EDGE ( 'NONE', *, *, #61, .F. ) ;
#499 = ORIENTED_EDGE ( 'NONE', *, *, #2665, .T. ) ;
#500 = VECTOR ( 'NONE', #2059, 1000.000000000000000 ) ;
#501 = DIRECTION ( 'NONE',  ( -1.000000000000000000, 0.000000000000000000, 0.000000000000000000 ) ) ;
#502 = EDGE_CURVE ( 'NONE', #4143, #3932, #763, .T. ) ;
#503 = ADVANCED_FACE ( 'NONE', ( #2755 ), #3004, .F. ) ;
#504 = VECTOR ( 'NONE', #1966, 1000.000000000000000 ) ;
#505 = ORIENTED_EDGE ( 'NONE', *, *, #3485, .F. ) ;
#506 = CARTESIAN_POINT ( 'NONE',  ( -0.5397500000000099440, 2.711449999999999694, 3.473449999999999704 ) ) ;
#507 = VECTOR ( 'NONE', #2679, 1000.000000000000000 ) ;
#508 = ORIENTED_EDGE ( 'NONE', *, *, #1982, .F. ) ;
#509 =( NAMED_UNIT ( * ) SI_UNIT ( $, .STERADIAN. ) SOLID_ANGLE_UNIT ( ) );
#510 = PLANE ( 'NONE',  #4145 ) ;
#511 = DIRECTION ( 'NONE',  ( -1.000000000000000000, 0.000000000000000000, 0.000000000000000000 ) ) ;
#512 = EDGE_CURVE ( 'NONE', #515, #1815, #3395, .T. ) ;
#513 =( NAMED_UNIT ( * ) SI_UNIT ( $, .STERADIAN. ) SOLID_ANGLE_UNIT ( ) );
#514 = CARTESIAN_POINT ( 'NONE',  ( -1.695450000000000124, -4.604301977989739772E-16, 3.956049999999999844 ) ) ;
#515 = VERTEX_POINT ( 'NONE', #3688 ) ;
#516 = LINE ( 'NONE', #3417, #1233 ) ;
#517 = SURFACE_SIDE_STYLE ('',( #3396 ) ) ;
#518 = SURFACE_STYLE_FILL_AREA ( #3081 ) ;
#519 = ORIENTED_EDGE ( 'NONE', *, *, #2534, .T. ) ;
#520 = DIRECTION ( 'NONE',  ( 0.000000000000000000, -1.000000000000000000, 0.000000000000000000 ) ) ;
#521 = PLANE ( 'NONE',  #2130 ) ;
#522 = VECTOR ( 'NONE', #4065, 1000.000000000000000 ) ;
#523 = AXIS2_PLACEMENT_3D ( 'NONE', #1613, #692, #2261 ) ;
#524 = DIRECTION ( 'NONE',  ( 0.000000000000000000, -1.000000000000000000, 0.000000000000000000 ) ) ;
#525 = LINE ( 'NONE', #3086, #2589 ) ;
#526 = EDGE_LOOP ( 'NONE', ( #2381, #1925, #1596, #206 ) ) ;
#527 = VECTOR ( 'NONE', #1522, 1000.000000000000000 ) ;
#528 = ORIENTED_EDGE ( 'NONE', *, *, #1584, .F. ) ;
#529 = DIRECTION ( 'NONE',  ( -1.000000000000000000, 0.000000000000000000, 0.000000000000000000 ) ) ;
#530 = EDGE_CURVE ( 'NONE', #1403, #2214, #2681, .T. ) ;
#531 = ADVANCED_FACE ( 'NONE', ( #3348 ), #2397, .F. ) ;
#532 = ORIENTED_EDGE ( 'NONE', *, *, #530, .F. ) ;
#533 = DIRECTION ( 'NONE',  ( 0.000000000000000000, -5.143305367816659412E-17, -1.000000000000000000 ) ) ;
#534 = VECTOR ( 'NONE', #179, 1000.000000000000000 ) ;
#535 = FACE_OUTER_BOUND ( 'NONE', #1463, .T. ) ;
#536 = CARTESIAN_POINT ( 'NONE',  ( 1.695450000000000124, -4.336808689942014778E-16, 3.956049999999999844 ) ) ;
#537 = APPLICATION_CONTEXT ( 'automotive_design' ) ;
#538 = DIRECTION ( 'NONE',  ( 0.7071067811865474617, 0.7071067811865474617, -9.313925947400492153E-17 ) ) ;
#539 = CIRCLE ( 'NONE', #2403, 0.1905000000000001414 ) ;
#540 = EDGE_CURVE ( 'NONE', #2802, #931, #1411, .T. ) ;
#541 = EDGE_LOOP ( 'NONE', ( #1507, #2646, #1369, #2972, #443, #4083, #2936, #3312 ) ) ;
#542 = CARTESIAN_POINT ( 'NONE',  ( 2.000249999999999861, 2.520950000000000024, 3.956049999999999844 ) ) ;
#543 = PLANE ( 'NONE',  #2778 ) ;
#544 = ORIENTED_EDGE ( 'NONE', *, *, #650, .T. ) ;
#545 = DIRECTION ( 'NONE',  ( -0.000000000000000000, 1.000000000000000000, 0.000000000000000000 ) ) ;
#546 = CARTESIAN_POINT ( 'NONE',  ( -1.498600000000000154, -4.336808689942014778E-16, -3.956049999999999844 ) ) ;
#547 = PLANE ( 'NONE',  #3082 ) ;
#548 = VERTEX_POINT ( 'NONE', #1725 ) ;
#549 = ORIENTED_EDGE ( 'NONE', *, *, #3587, .F. ) ;
#550 = CARTESIAN_POINT ( 'NONE',  ( -3.079750000000000210, 0.3047999999999999599, -3.473449999999999704 ) ) ;
#551 = SURFACE_STYLE_USAGE ( .BOTH. , #2143 ) ;
#552 = CARTESIAN_POINT ( 'NONE',  ( 4.038599999999999746, 3.003549999999999720, -3.473449999999999704 ) ) ;
#553 = CARTESIAN_POINT ( 'NONE',  ( -1.041400000000000103, 3.003549999999999720, -3.301999999999999602 ) ) ;
#554 = EDGE_CURVE ( 'NONE', #1669, #1390, #2709, .T. ) ;
#555 = EDGE_CURVE ( 'NONE', #3608, #613, #2615, .T. ) ;
#556 = CARTESIAN_POINT ( 'NONE',  ( 4.038599999999999746, 2.520950000000000024, 3.473449999999999704 ) ) ;
#557 = ORIENTED_EDGE ( 'NONE', *, *, #2959, .T. ) ;
#558 = CYLINDRICAL_SURFACE ( 'NONE', #3205, 0.4826000000000001400 ) ;
#559 = VECTOR ( 'NONE', #3978, 1000.000000000000000 ) ;
#560 = EDGE_CURVE ( 'NONE', #1804, #1361, #1145, .T. ) ;
#561 = ORIENTED_EDGE ( 'NONE', *, *, #983, .F. ) ;
#562 = DIRECTION ( 'NONE',  ( 1.000000000000000000, 0.000000000000000000, 0.000000000000000000 ) ) ;
#563 = CARTESIAN_POINT ( 'NONE',  ( -4.038599999999999746, 2.711449999999999694, -3.301999999999999602 ) ) ;
#564 = PLANE ( 'NONE',  #1462 ) ;
#565 = DIRECTION ( 'NONE',  ( -1.000000000000000000, 0.000000000000000000, 0.000000000000000000 ) ) ;
#566 = ORIENTED_EDGE ( 'NONE', *, *, #727, .T. ) ;
#567 = VECTOR ( 'NONE', #501, 1000.000000000000000 ) ;
#568 = ORIENTED_EDGE ( 'NONE', *, *, #3221, .T. ) ;
#569 = DIRECTION ( 'NONE',  ( 0.000000000000000000, 1.000000000000000000, 6.881229203184539713E-16 ) ) ;
#570 = PLANE ( 'NONE',  #1177 ) ;
#571 = DIRECTION ( 'NONE',  ( 0.000000000000000000, 1.000000000000000000, 0.000000000000000000 ) ) ;
#572 = VECTOR ( 'NONE', #2054, 1000.000000000000000 ) ;
#573 = CARTESIAN_POINT ( 'NONE',  ( -0.8445500000000120133, -4.336808689942014778E-16, -3.956049999999999844 ) ) ;
#574 = VERTEX_POINT ( 'NONE', #444 ) ;
#575 = LINE ( 'NONE', #3456, #4049 ) ;
#576 = CARTESIAN_POINT ( 'NONE',  ( -4.940299999999999692, 3.003549999999999720, -3.301999999999999602 ) ) ;
#577 = CARTESIAN_POINT ( 'NONE',  ( -0.5397500000000099440, 2.520950000000000024, -3.663949999999999818 ) ) ;
#578 = ORIENTED_EDGE ( 'NONE', *, *, #246, .F. ) ;
#579 = EDGE_CURVE ( 'NONE', #2716, #2886, #2353, .T. ) ;
#580 = CARTESIAN_POINT ( 'NONE',  ( -0.5397500000000099440, -4.487044639735940043E-16, 3.663949999999999818 ) ) ;
#581 = EDGE_CURVE ( 'NONE', #411, #160, #856, .T. ) ;
#582 = FACE_OUTER_BOUND ( 'NONE', #3899, .T. ) ;
#583 = DIRECTION ( 'NONE',  ( 0.7071067811865465735, 0.7071067811865485719, 9.313925947400503246E-17 ) ) ;
#584 = VERTEX_POINT ( 'NONE', #831 ) ;
#585 = ADVANCED_FACE ( 'NONE', ( #2441 ), #3739, .T. ) ;
#586 = VECTOR ( 'NONE', #1383, 1000.000000000000000 ) ;
#587 = VECTOR ( 'NONE', #3560, 1000.000000000000000 ) ;
#588 = ORIENTED_EDGE ( 'NONE', *, *, #1641, .F. ) ;
#589 = CARTESIAN_POINT ( 'NONE',  ( 4.940299999999999692, 2.711449999999999694, -3.301999999999999602 ) ) ;
#590 = CARTESIAN_POINT ( 'NONE',  ( 2.000249999999999861, -4.487044639735940043E-16, 3.663949999999999818 ) ) ;
#591 = LINE ( 'NONE', #1872, #3384 ) ;
#592 = CARTESIAN_POINT ( 'NONE',  ( -4.038599999999999746, 2.520950000000000024, -3.956049999999999844 ) ) ;
#593 = AXIS2_PLACEMENT_3D ( 'NONE', #835, #545, #134 ) ;
#594 = PRODUCT_DEFINITION_CONTEXT ( 'detailed design', #537, 'design' ) ;
#595 = CARTESIAN_POINT ( 'NONE',  ( -0.5397500000000099440, 0.3047999999999999599, 3.663949999999999818 ) ) ;
#596 = ORIENTED_EDGE ( 'NONE', *, *, #1953, .T. ) ;
#597 = DIRECTION ( 'NONE',  ( 0.000000000000000000, 0.000000000000000000, -1.000000000000000000 ) ) ;
#598 = CARTESIAN_POINT ( 'NONE',  ( -4.810721029249609870, 3.987799999999999567, -0.7366000000000000325 ) ) ;
#599 = AXIS2_PLACEMENT_3D ( 'NONE', #364, #1661, #3226 ) ;
#600 = CARTESIAN_POINT ( 'NONE',  ( -4.940299999999999692, 3.003549999999999720, -3.301999999999999602 ) ) ;
#601 = ORIENTED_EDGE ( 'NONE', *, *, #4153, .F. ) ;
#602 = LINE ( 'NONE', #3166, #2632 ) ;
#603 = CARTESIAN_POINT ( 'NONE',  ( -1.041400000000000103, 2.711449999999999694, -3.301999999999999602 ) ) ;
#604 = EDGE_CURVE ( 'NONE', #613, #2136, #2736, .T. ) ;
#605 = ADVANCED_FACE ( 'NONE', ( #2127 ), #3666, .F. ) ;
#606 = FACE_OUTER_BOUND ( 'NONE', #1413, .T. ) ;
#607 = ORIENTED_EDGE ( 'NONE', *, *, #813, .F. ) ;
#608 = EDGE_CURVE ( 'NONE', #3915, #858, #516, .T. ) ;
#609 = ORIENTED_EDGE ( 'NONE', *, *, #948, .T. ) ;
#610 = DIRECTION ( 'NONE',  ( 0.000000000000000000, 0.000000000000000000, -1.000000000000000000 ) ) ;
#611 = CARTESIAN_POINT ( 'NONE',  ( 0.5397499999999899600, 2.520950000000000024, -3.473449999999999704 ) ) ;
#612 = FACE_OUTER_BOUND ( 'NONE', #3571, .T. ) ;
#613 = VERTEX_POINT ( 'NONE', #1391 ) ;
#614 = DIRECTION ( 'NONE',  ( 0.000000000000000000, 1.000000000000000000, 1.317188039375246045E-16 ) ) ;
#615 = FACE_OUTER_BOUND ( 'NONE', #176, .T. ) ;
#616 = LINE ( 'NONE', #719, #697 ) ;
#617 = ORIENTED_EDGE ( 'NONE', *, *, #754, .F. ) ;
#618 = CARTESIAN_POINT ( 'NONE',  ( 4.038599999999999746, 2.520950000000000024, 3.473449999999999704 ) ) ;
#619 = CARTESIAN_POINT ( 'NONE',  ( -4.038599999999999746, -4.064000000000000057, 3.663949999999999818 ) ) ;
#620 = VECTOR ( 'NONE', #1854, 1000.000000000000000 ) ;
#621 = CARTESIAN_POINT ( 'NONE',  ( 4.038599999999999746, 3.003549999999999720, -3.473449999999999704 ) ) ;
#622 = ORIENTED_EDGE ( 'NONE', *, *, #1171, .F. ) ;
#623 = ADVANCED_FACE ( 'NONE', ( #3960 ), #1499, .T. ) ;
#624 = AXIS2_PLACEMENT_3D ( 'NONE', #1161, #3794, #908 ) ;
#625 = EDGE_LOOP ( 'NONE', ( #3879, #3434, #2231, #3568 ) ) ;
#626 = CLOSED_SHELL ( 'NONE', ( #1299, #2112, #4027, #1977, #3616, #1417, #3276, #2526, #56, #3696, #1204, #112, #918 ) ) ;
#627 = EDGE_CURVE ( 'NONE', #269, #887, #1517, .T. ) ;
#628 = CARTESIAN_POINT ( 'NONE',  ( 3.384549999999999947, -4.487044639735940043E-16, -3.663949999999999818 ) ) ;
#629 = EDGE_CURVE ( 'NONE', #26, #775, #258, .T. ) ;
#630 = VECTOR ( 'NONE', #213, 1000.000000000000000 ) ;
#631 = FACE_OUTER_BOUND ( 'NONE', #2126, .T. ) ;
#632 = VERTEX_POINT ( 'NONE', #2150 ) ;
#633 = LINE ( 'NONE', #2820, #2867 ) ;
#634 = DIRECTION ( 'NONE',  ( 0.000000000000000000, 0.000000000000000000, 1.000000000000000000 ) ) ;
#635 = ADVANCED_FACE ( 'NONE', ( #916 ), #2798, .F. ) ;
#636 = VECTOR ( 'NONE', #1561, 1000.000000000000114 ) ;
#637 = CARTESIAN_POINT ( 'NONE',  ( -4.940299999999999692, 3.003549999999999720, -3.301999999999999602 ) ) ;
#638 = VECTOR ( 'NONE', #2818, 1000.000000000000000 ) ;
#639 = AXIS2_PLACEMENT_3D ( 'NONE', #482, #2074, #1408 ) ;
#640 = ORIENTED_EDGE ( 'NONE', *, *, #3918, .F. ) ;
#641 = FACE_OUTER_BOUND ( 'NONE', #2066, .T. ) ;
#642 = FACE_OUTER_BOUND ( 'NONE', #3653, .T. ) ;
#643 = ORIENTED_EDGE ( 'NONE', *, *, #1483, .T. ) ;
#644 = ORIENTED_EDGE ( 'NONE', *, *, #3714, .F. ) ;
#645 = LINE ( 'NONE', #1609, #2299 ) ;
#646 = VECTOR ( 'NONE', #571, 1000.000000000000000 ) ;
#647 =( GEOMETRIC_REPRESENTATION_CONTEXT ( 3 ) GLOBAL_UNCERTAINTY_ASSIGNED_CONTEXT ( ( #2392 ) ) GLOBAL_UNIT_ASSIGNED_CONTEXT ( ( #2278, #3364, #1763 ) ) REPRESENTATION_CONTEXT ( 'NONE', 'WORKASPACE' ) );
#648 = VERTEX_POINT ( 'NONE', #2861 ) ;
#649 = DIRECTION ( 'NONE',  ( -1.000000000000000000, 0.000000000000000000, 0.000000000000000000 ) ) ;
#650 = EDGE_CURVE ( 'NONE', #3393, #1266, #575, .T. ) ;
#651 = EDGE_CURVE ( 'NONE', #3762, #2655, #2227, .T. ) ;
#652 = VERTEX_POINT ( 'NONE', #3824 ) ;
#653 = AXIS2_PLACEMENT_3D ( 'NONE', #2426, #2446, #3765 ) ;
#654 = PLANE ( 'NONE',  #3407 ) ;
#655 = LINE ( 'NONE', #3218, #3874 ) ;
#656 = DIRECTION ( 'NONE',  ( 1.000000000000000000, 0.000000000000000000, 0.000000000000000000 ) ) ;
#657 = LINE ( 'NONE', #2311, #2253 ) ;
#658 = EDGE_CURVE ( 'NONE', #347, #3494, #4071, .T. ) ;
#659 = VERTEX_POINT ( 'NONE', #3780 ) ;
#660 = CARTESIAN_POINT ( 'NONE',  ( 4.038599999999999746, 2.711449999999999694, 3.473449999999999704 ) ) ;
#662 = PLANE ( 'NONE',  #2259 ) ;
#661 =( GEOMETRIC_REPRESENTATION_CONTEXT ( 3 ) GLOBAL_UNCERTAINTY_ASSIGNED_CONTEXT ( ( #215 ) ) GLOBAL_UNIT_ASSIGNED_CONTEXT ( ( #4004, #2400, #262 ) ) REPRESENTATION_CONTEXT ( 'NONE', 'WORKASPACE' ) );
#663 = ORIENTED_EDGE ( 'NONE', *, *, #3889, .F. ) ;
#664 = CARTESIAN_POINT ( 'NONE',  ( -0.5397500000000099440, 2.520950000000000024, 3.473449999999999704 ) ) ;
#665 = EDGE_LOOP ( 'NONE', ( #676, #1549, #3319, #2860, #242, #2669, #3632, #438, #1168, #304 ) ) ;
#666 = LINE ( 'NONE', #1942, #2363 ) ;
#667 = EDGE_LOOP ( 'NONE', ( #3077, #1457, #2026, #188 ) ) ;
#668 = CARTESIAN_POINT ( 'NONE',  ( -4.038599999999999746, 2.711449999999999694, -3.301999999999999602 ) ) ;
#669 = ORIENTED_EDGE ( 'NONE', *, *, #3994, .F. ) ;
#670 = CARTESIAN_POINT ( 'NONE',  ( -4.326680873994910748, 5.334000000000000519, 0.000000000000000000 ) ) ;
#671 = DIRECTION ( 'NONE',  ( 0.000000000000000000, 0.000000000000000000, 1.000000000000000000 ) ) ;
#672 = DIRECTION ( 'NONE',  ( 0.000000000000000000, -1.000000000000000000, -1.317188039375246045E-16 ) ) ;
#673 = ADVANCED_FACE ( 'NONE', ( #1192 ), #558, .T. ) ;
#674 = EDGE_CURVE ( 'NONE', #2410, #1713, #633, .T. ) ;
#675 = DIRECTION ( 'NONE',  ( -1.000000000000000000, 0.000000000000000000, 0.000000000000000000 ) ) ;
#676 = ORIENTED_EDGE ( 'NONE', *, *, #1171, .T. ) ;
#677 = FACE_OUTER_BOUND ( 'NONE', #1288, .T. ) ;
#678 = EDGE_CURVE ( 'NONE', #1486, #1843, #298, .T. ) ;
#679 = CARTESIAN_POINT ( 'NONE',  ( -3.079750000000000210, 2.520950000000000024, -3.473449999999999704 ) ) ;
#680 = ORIENTED_EDGE ( 'NONE', *, *, #875, .F. ) ;
#681 = ORIENTED_EDGE ( 'NONE', *, *, #3658, .T. ) ;
#682 = VECTOR ( 'NONE', #426, 1000.000000000000000 ) ;
#683 = DIRECTION ( 'NONE',  ( 0.000000000000000000, -5.143305367816659412E-17, -1.000000000000000000 ) ) ;
#684 = ORIENTED_EDGE ( 'NONE', *, *, #651, .T. ) ;
#685 = STYLED_ITEM ( 'NONE', ( #900 ), #3684 ) ;
#686 = ORIENTED_EDGE ( 'NONE', *, *, #2012, .F. ) ;
#687 = LINE ( 'NONE', #1, #1837 ) ;
#688 = VECTOR ( 'NONE', #2456, 1000.000000000000000 ) ;
#689 = ORIENTED_EDGE ( 'NONE', *, *, #3352, .T. ) ;
#690 = LINE ( 'NONE', #2243, #1844 ) ;
#691 = EDGE_LOOP ( 'NONE', ( #3620, #1451, #3125, #3673 ) ) ;
#692 = DIRECTION ( 'NONE',  ( -0.000000000000000000, 1.000000000000000000, 0.000000000000000000 ) ) ;
#693 = DIRECTION ( 'NONE',  ( -0.000000000000000000, 1.000000000000000000, 0.000000000000000000 ) ) ;
#694 = AXIS2_PLACEMENT_3D ( 'NONE', #1924, #3532, #2876 ) ;
#695 = FACE_OUTER_BOUND ( 'NONE', #1026, .T. ) ;
#696 = LINE ( 'NONE', #2331, #4066 ) ;
#697 = VECTOR ( 'NONE', #3873, 1000.000000000000000 ) ;
#698 = ORIENTED_EDGE ( 'NONE', *, *, #3922, .T. ) ;
#699 = CARTESIAN_POINT ( 'NONE',  ( 1.498600000000000154, 2.711449999999999694, -3.473449999999999704 ) ) ;
#700 = AXIS2_PLACEMENT_3D ( 'NONE', #936, #2209, #4147 ) ;
#701 = VECTOR ( 'NONE', #173, 1000.000000000000000 ) ;
#702 = LINE ( 'NONE', #3209, #3619 ) ;
#703 = EDGE_CURVE ( 'NONE', #492, #2429, #2502, .T. ) ;
#704 = ORIENTED_EDGE ( 'NONE', *, *, #3664, .T. ) ;
#705 = ORIENTED_EDGE ( 'NONE', *, *, #3013, .F. ) ;
#706 = DIRECTION ( 'NONE',  ( 0.000000000000000000, 1.000000000000000000, 0.000000000000000000 ) ) ;
#707 = EDGE_LOOP ( 'NONE', ( #292, #1205, #2352, #2149 ) ) ;
#708 = EDGE_CURVE ( 'NONE', #3608, #2429, #3759, .T. ) ;
#709 = EDGE_LOOP ( 'NONE', ( #2846, #937, #1785, #1225 ) ) ;
#710 = PLANE ( 'NONE',  #3650 ) ;
#711 = ORIENTED_EDGE ( 'NONE', *, *, #3748, .F. ) ;
#712 = CARTESIAN_POINT ( 'NONE',  ( -3.079750000000000210, 2.520950000000000024, 3.956049999999999844 ) ) ;
#713 = ORIENTED_EDGE ( 'NONE', *, *, #3270, .T. ) ;
#714 = CARTESIAN_POINT ( 'NONE',  ( -4.038599999999999746, 3.003549999999999720, 3.301999999999999602 ) ) ;
#715 = CARTESIAN_POINT ( 'NONE',  ( 4.940299999999999692, 5.334000000000000519, -2.995190436997455130 ) ) ;
#716 = CARTESIAN_POINT ( 'NONE',  ( -4.038599999999999746, 2.520950000000000024, 3.663949999999999818 ) ) ;
#717 = VECTOR ( 'NONE', #1117, 1000.000000000000000 ) ;
#718 = VECTOR ( 'NONE', #238, 1000.000000000000000 ) ;
#719 = CARTESIAN_POINT ( 'NONE',  ( -1.041400000000000103, 2.520950000000000024, -3.663949999999999818 ) ) ;
#720 = VECTOR ( 'NONE', #3818, 1000.000000000000000 ) ;
#721 = EDGE_LOOP ( 'NONE', ( #1853, #1747, #20, #1491 ) ) ;
#722 = CARTESIAN_POINT ( 'NONE',  ( -4.940299999999999692, 2.711449999999999694, 3.301999999999999602 ) ) ;
#723 = CARTESIAN_POINT ( 'NONE',  ( -1.041400000000000103, 2.520950000000000024, 3.663949999999999818 ) ) ;
#724 = ORIENTED_EDGE ( 'NONE', *, *, #2952, .F. ) ;
#725 = VERTEX_POINT ( 'NONE', #3115 ) ;
#726 = EDGE_CURVE ( 'NONE', #3595, #3438, #2650, .T. ) ;
#727 = EDGE_CURVE ( 'NONE', #846, #169, #879, .T. ) ;
#728 = AXIS2_PLACEMENT_3D ( 'NONE', #1350, #1014, #2234 ) ;
#729 = CARTESIAN_POINT ( 'NONE',  ( -1.498600000000000154, 2.520950000000000024, 3.956049999999999844 ) ) ;
#730 = ORIENTED_EDGE ( 'NONE', *, *, #2872, .T. ) ;
#731 = ORIENTED_EDGE ( 'NONE', *, *, #1937, .F. ) ;
#732 = CARTESIAN_POINT ( 'NONE',  ( 0.8445499999999900309, -4.604301977989739772E-16, 3.956049999999999844 ) ) ;
#733 = EDGE_CURVE ( 'NONE', #1665, #574, #279, .T. ) ;
#734 = ORIENTED_EDGE ( 'NONE', *, *, #2239, .F. ) ;
#735 = CARTESIAN_POINT ( 'NONE',  ( 3.581400000000000361, -4.064000000000000057, -3.663949999999999818 ) ) ;
#736 = EDGE_LOOP ( 'NONE', ( #3326, #2433, #4030, #1044 ) ) ;
#737 = FILL_AREA_STYLE ('',( #1049 ) ) ;
#738 = CARTESIAN_POINT ( 'NONE',  ( 1.498600000000000154, -4.064000000000000057, 3.663949999999999818 ) ) ;
#739 = DIRECTION ( 'NONE',  ( 0.000000000000000000, 0.000000000000000000, 1.000000000000000000 ) ) ;
#740 = DIRECTION ( 'NONE',  ( -0.000000000000000000, 1.000000000000000000, 0.000000000000000000 ) ) ;
#741 = ORIENTED_EDGE ( 'NONE', *, *, #325, .T. ) ;
#742 = DIRECTION ( 'NONE',  ( -0.1294283079955640126, 0.9831056027603600755, 0.1294283079955640126 ) ) ;
#743 = DIRECTION ( 'NONE',  ( -1.000000000000000000, -2.085497804995183578E-16, -1.387778780781445676E-16 ) ) ;
#744 = VERTEX_POINT ( 'NONE', #2841 ) ;
#745 = ORIENTED_EDGE ( 'NONE', *, *, #3993, .T. ) ;
#746 = FACE_OUTER_BOUND ( 'NONE', #2182, .T. ) ;
#747 = ORIENTED_EDGE ( 'NONE', *, *, #4152, .F. ) ;
#748 = FACE_OUTER_BOUND ( 'NONE', #1666, .T. ) ;
#749 = ORIENTED_EDGE ( 'NONE', *, *, #1366, .F. ) ;
#750 = PLANE ( 'NONE',  #1245 ) ;
#751 = ORIENTED_EDGE ( 'NONE', *, *, #2450, .F. ) ;
#752 = CARTESIAN_POINT ( 'NONE',  ( -3.079750000000000210, 3.003549999999999720, -3.473449999999999704 ) ) ;
#753 = EDGE_CURVE ( 'NONE', #2802, #139, #4130, .T. ) ;
#754 = EDGE_CURVE ( 'NONE', #2000, #160, #2543, .T. ) ;
#755 = VERTEX_POINT ( 'NONE', #1915 ) ;
#756 = COLOUR_RGB ( '',0.7960784313725489669, 0.8235294117647058432, 0.9372549019607843146 ) ;
#757 = CARTESIAN_POINT ( 'NONE',  ( -3.581400000000000361, 2.520950000000000024, 3.956049999999999844 ) ) ;
#758 = DIRECTION ( 'NONE',  ( -0.000000000000000000, 1.000000000000000000, 0.000000000000000000 ) ) ;
#759 = DIRECTION ( 'NONE',  ( 0.000000000000000000, 0.000000000000000000, 1.000000000000000000 ) ) ;
#760 = LINE ( 'NONE', #1766, #1776 ) ;
#761 = EDGE_CURVE ( 'NONE', #3687, #2298, #218, .T. ) ;
#762 = ORIENTED_EDGE ( 'NONE', *, *, #2566, .T. ) ;
#763 = LINE ( 'NONE', #1101, #1949 ) ;
#764 = FACE_OUTER_BOUND ( 'NONE', #2823, .T. ) ;
#765 = FILL_AREA_STYLE ('',( #406 ) ) ;
#766 = PLANE ( 'NONE',  #593 ) ;
#767 = VECTOR ( 'NONE', #1611, 1000.000000000000000 ) ;
#768 = LINE ( 'NONE', #1750, #3178 ) ;
#769 = EDGE_LOOP ( 'NONE', ( #3840, #1693, #1711, #2828 ) ) ;
#770 = DIRECTION ( 'NONE',  ( 1.000000000000000000, 0.000000000000000000, 0.000000000000000000 ) ) ;
#771 = EDGE_LOOP ( 'NONE', ( #3230, #1425, #1285, #4118 ) ) ;
#772 = CARTESIAN_POINT ( 'NONE',  ( 4.038599999999999746, 2.520950000000000024, 3.956049999999999844 ) ) ;
#773 = ORIENTED_EDGE ( 'NONE', *, *, #2757, .T. ) ;
#774 = LINE ( 'NONE', #1137, #3588 ) ;
#775 = VERTEX_POINT ( 'NONE', #354 ) ;
#776 = LINE ( 'NONE', #2050, #3671 ) ;
#777 = CARTESIAN_POINT ( 'NONE',  ( -0.5397500000000099440, 3.003549999999999720, -3.473449999999999704 ) ) ;
#778 = CARTESIAN_POINT ( 'NONE',  ( 4.940299999999999692, 3.003549999999999720, 3.301999999999999602 ) ) ;
#779 = EDGE_CURVE ( 'NONE', #1056, #3595, #2879, .T. ) ;
#780 = EDGE_CURVE ( 'NONE', #929, #1858, #989, .T. ) ;
#781 = CARTESIAN_POINT ( 'NONE',  ( 2.000249999999999861, 3.003549999999999720, 3.301999999999999602 ) ) ;
#782 = ORIENTED_EDGE ( 'NONE', *, *, #1959, .T. ) ;
#783 = CARTESIAN_POINT ( 'NONE',  ( 1.498600000000000154, -4.336808689942014778E-16, -3.473449999999999704 ) ) ;
#784 = ADVANCED_FACE ( 'NONE', ( #3598 ), #654, .F. ) ;
#785 = DIRECTION ( 'NONE',  ( 0.000000000000000000, 1.000000000000000000, 0.000000000000000000 ) ) ;
#786 = AXIS2_PLACEMENT_3D ( 'NONE', #3521, #634, #3856 ) ;
#787 = DIRECTION ( 'NONE',  ( 1.000000000000000000, 0.000000000000000000, 0.000000000000000000 ) ) ;
#788 = ORIENTED_EDGE ( 'NONE', *, *, #1560, .T. ) ;
#789 = DIRECTION ( 'NONE',  ( 0.000000000000000000, 0.000000000000000000, 1.000000000000000000 ) ) ;
#790 = FACE_OUTER_BOUND ( 'NONE', #959, .T. ) ;
#791 = CIRCLE ( 'NONE', #3141, 0.4826000000000001400 ) ;
#792 = DIRECTION ( 'NONE',  ( 0.000000000000000000, 0.000000000000000000, -1.000000000000000000 ) ) ;
#793 = ORIENTED_EDGE ( 'NONE', *, *, #1983, .F. ) ;
#794 = DIRECTION ( 'NONE',  ( 0.000000000000000000, 5.143305367816659412E-17, -1.000000000000000000 ) ) ;
#795 = ORIENTED_EDGE ( 'NONE', *, *, #2221, .F. ) ;
#796 = DIRECTION ( 'NONE',  ( 0.000000000000000000, -1.000000000000000000, 0.000000000000000000 ) ) ;
#797 = VECTOR ( 'NONE', #3012, 1000.000000000000000 ) ;
#798 = VERTEX_POINT ( 'NONE', #2937 ) ;
#799 = DIRECTION ( 'NONE',  ( 0.000000000000000000, 1.000000000000000000, 0.000000000000000000 ) ) ;
#800 = MECHANICAL_DESIGN_GEOMETRIC_PRESENTATION_REPRESENTATION (  '', ( #3953 ), #264 ) ;
#801 = ORIENTED_EDGE ( 'NONE', *, *, #319, .F. ) ;
#802 = PLANE ( 'NONE',  #1794 ) ;
#803 = LINE ( 'NONE', #441, #701 ) ;
#804 = UNCERTAINTY_MEASURE_WITH_UNIT (LENGTH_MEASURE( 1.000000000000000082E-05 ), #1728, 'distance_accuracy_value', 'NONE');
#805 = CARTESIAN_POINT ( 'NONE',  ( -4.940299999999999692, 2.711449999999999694, -3.301999999999999602 ) ) ;
#806 = ORIENTED_EDGE ( 'NONE', *, *, #3846, .T. ) ;
#807 = ADVANCED_FACE ( 'NONE', ( #3855 ), #2245, .F. ) ;
#808 = CARTESIAN_POINT ( 'NONE',  ( 0.5397499999999899600, -4.487044639735940043E-16, -3.663949999999999818 ) ) ;
#809 = EDGE_CURVE ( 'NONE', #407, #4155, #3555, .T. ) ;
#810 = DIRECTION ( 'NONE',  ( -1.000000000000000000, 0.000000000000000000, 0.000000000000000000 ) ) ;
#811 = CARTESIAN_POINT ( 'NONE',  ( 0.000000000000000000, 0.000000000000000000, 0.000000000000000000 ) ) ;
#812 = ORIENTED_EDGE ( 'NONE', *, *, #4047, .T. ) ;
#813 = EDGE_CURVE ( 'NONE', #2554, #3951, #973, .T. ) ;
#814 = PLANE ( 'NONE',  #3877 ) ;
#815 = ADVANCED_FACE ( 'NONE', ( #2895 ), #1027, .F. ) ;
#816 = LINE ( 'NONE', #1153, #865 ) ;
#817 = CARTESIAN_POINT ( 'NONE',  ( -1.041400000000000103, -4.336808689942014778E-16, -3.473449999999999704 ) ) ;
#818 = ORIENTED_EDGE ( 'NONE', *, *, #1089, .F. ) ;
#819 =( NAMED_UNIT ( * ) PLANE_ANGLE_UNIT ( ) SI_UNIT ( $, .RADIAN. ) );
#820 = ORIENTED_EDGE ( 'NONE', *, *, #226, .T. ) ;
#821 = CARTESIAN_POINT ( 'NONE',  ( -3.079750000000000210, 3.003549999999999720, -3.301999999999999602 ) ) ;
#822 = VERTEX_POINT ( 'NONE', #3259 ) ;
#823 = CARTESIAN_POINT ( 'NONE',  ( -0.5397500000000099440, 2.711449999999999694, 3.301999999999999602 ) ) ;
#824 = EDGE_LOOP ( 'NONE', ( #686, #788, #257, #3749 ) ) ;
#825 = SURFACE_SIDE_STYLE ('',( #3706 ) ) ;
#826 = FACE_OUTER_BOUND ( 'NONE', #3946, .T. ) ;
#827 = DIRECTION ( 'NONE',  ( 0.000000000000000000, 0.000000000000000000, 1.000000000000000000 ) ) ;
#828 = FILL_AREA_STYLE ('',( #3121 ) ) ;
#829 = AXIS2_PLACEMENT_3D ( 'NONE', #590, #2792, #3795 ) ;
#830 = ORIENTED_EDGE ( 'NONE', *, *, #888, .F. ) ;
#831 = CARTESIAN_POINT ( 'NONE',  ( 1.041400000000000103, -4.064000000000000057, 3.956049999999999844 ) ) ;
#832 = VECTOR ( 'NONE', #3427, 1000.000000000000000 ) ;
#833 = CARTESIAN_POINT ( 'NONE',  ( -4.038599999999999746, -4.064000000000000057, 3.956049999999999844 ) ) ;
#834 = ORIENTED_EDGE ( 'NONE', *, *, #137, .F. ) ;
#835 = CARTESIAN_POINT ( 'NONE',  ( 4.038599999999999746, 2.711449999999999694, 3.301999999999999602 ) ) ;
#836 = CARTESIAN_POINT ( 'NONE',  ( -1.041400000000000103, -4.487044639735940043E-16, -3.663949999999999818 ) ) ;
#837 = AXIS2_PLACEMENT_3D ( 'NONE', #329, #969, #2950 ) ;
#838 = CARTESIAN_POINT ( 'NONE',  ( 1.498600000000000154, 2.520950000000000024, -3.956049999999999844 ) ) ;
#839 = EDGE_CURVE ( 'NONE', #3951, #396, #3066, .T. ) ;
#840 = EDGE_CURVE ( 'NONE', #3165, #3981, #42, .T. ) ;
#841 = FACE_OUTER_BOUND ( 'NONE', #736, .T. ) ;
#842 = VERTEX_POINT ( 'NONE', #63 ) ;
#843 = AXIS2_PLACEMENT_3D ( 'NONE', #3284, #3577, #1635 ) ;
#844 = EDGE_CURVE ( 'NONE', #2298, #1191, #1005, .T. ) ;
#845 = AXIS2_PLACEMENT_3D ( 'NONE', #1003, #2276, #1025 ) ;
#846 = VERTEX_POINT ( 'NONE', #3910 ) ;
#847 = DIRECTION ( 'NONE',  ( 0.000000000000000000, 0.000000000000000000, 1.000000000000000000 ) ) ;
#848 = AXIS2_PLACEMENT_3D ( 'NONE', #103, #3623, #739 ) ;
#849 = ORIENTED_EDGE ( 'NONE', *, *, #2393, .F. ) ;
#850 = FACE_OUTER_BOUND ( 'NONE', #4101, .T. ) ;
#851 = DIRECTION ( 'NONE',  ( 0.1294283079955640126, -0.9831056027603600755, -0.1294283079955640126 ) ) ;
#852 = DIRECTION ( 'NONE',  ( 0.000000000000000000, -5.143305367816659412E-17, -1.000000000000000000 ) ) ;
#853 = SURFACE_STYLE_USAGE ( .BOTH. , #484 ) ;
#854 = DIRECTION ( 'NONE',  ( 0.7071067811865465735, -0.7071067811865485719, -9.313925947400503246E-17 ) ) ;
#855 = ORIENTED_EDGE ( 'NONE', *, *, #3220, .F. ) ;
#856 = LINE ( 'NONE', #488, #2890 ) ;
#857 = CARTESIAN_POINT ( 'NONE',  ( -1.041400000000000103, 2.520950000000000024, 3.473449999999999704 ) ) ;
#858 = VERTEX_POINT ( 'NONE', #1945 ) ;
#859 = FACE_OUTER_BOUND ( 'NONE', #1739, .T. ) ;
#860 = CARTESIAN_POINT ( 'NONE',  ( -4.540250000000000341, -4.336808689942014778E-16, 3.956049999999999844 ) ) ;
#861 = VECTOR ( 'NONE', #976, 1000.000000000000000 ) ;
#862 = PRESENTATION_LAYER_ASSIGNMENT (  '', '', ( #312 ) ) ;
#863 = LINE ( 'NONE', #3124, #3881 ) ;
#864 = ORIENTED_EDGE ( 'NONE', *, *, #1347, .T. ) ;
#865 = VECTOR ( 'NONE', #3376, 1000.000000000000000 ) ;
#866 = ADVANCED_FACE ( 'NONE', ( #3237 ), #80, .F. ) ;
#867 = ADVANCED_FACE ( 'NONE', ( #1324 ), #1362, .T. ) ;
#868 = MANIFOLD_SOLID_BREP ( 'NONE', #1300 ) ;
#869 = EDGE_LOOP ( 'NONE', ( #3032, #1759, #1557, #1249 ) ) ;
#870 = CARTESIAN_POINT ( 'NONE',  ( 3.384549999999999947, -4.604301977989739772E-16, -3.956049999999999844 ) ) ;
#871 = PRESENTATION_STYLE_ASSIGNMENT (( #3450 ) ) ;
#872 =( GEOMETRIC_REPRESENTATION_CONTEXT ( 3 ) GLOBAL_UNCERTAINTY_ASSIGNED_CONTEXT ( ( #3957 ) ) GLOBAL_UNIT_ASSIGNED_CONTEXT ( ( #2647, #819, #1110 ) ) REPRESENTATION_CONTEXT ( 'NONE', 'WORKASPACE' ) );
#873 = DIRECTION ( 'NONE',  ( -1.000000000000000000, 0.000000000000000000, 6.144902299373339843E-16 ) ) ;
#874 = LINE ( 'NONE', #1514, #2649 ) ;
#875 = EDGE_CURVE ( 'NONE', #217, #3119, #2368, .T. ) ;
#876 = CARTESIAN_POINT ( 'NONE',  ( -0.5397500000000099440, 0.3047999999999999599, 3.473449999999999704 ) ) ;
#877 = PRODUCT_DEFINITION_FORMATION_WITH_SPECIFIED_SOURCE ( 'ANY', '', #119, .NOT_KNOWN. ) ;
#878 = ORIENTED_EDGE ( 'NONE', *, *, #1280, .F. ) ;
#879 = LINE ( 'NONE', #3502, #1796 ) ;
#880 = CARTESIAN_POINT ( 'NONE',  ( 0.5397499999999899600, 2.520950000000000024, 3.956049999999999844 ) ) ;
#881 = DIRECTION ( 'NONE',  ( 0.000000000000000000, 0.000000000000000000, 1.000000000000000000 ) ) ;
#882 = ORIENTED_EDGE ( 'NONE', *, *, #2140, .T. ) ;
#883 = FACE_OUTER_BOUND ( 'NONE', #1709, .T. ) ;
#884 = CARTESIAN_POINT ( 'NONE',  ( -4.038599999999999746, 3.003549999999999720, 3.301999999999999602 ) ) ;
#885 = DIRECTION ( 'NONE',  ( 0.000000000000000000, -5.143305367816659412E-17, -1.000000000000000000 ) ) ;
#886 = CARTESIAN_POINT ( 'NONE',  ( -3.079750000000000210, 2.520950000000000024, 3.663949999999999818 ) ) ;
#887 = VERTEX_POINT ( 'NONE', #317 ) ;
#888 = EDGE_CURVE ( 'NONE', #2768, #1286, #1094, .T. ) ;
#889 = VERTEX_POINT ( 'NONE', #2749 ) ;
#890 = PLANE ( 'NONE',  #2440 ) ;
#891 = CARTESIAN_POINT ( 'NONE',  ( 4.940299999999999692, 3.003549999999999720, 3.301999999999999602 ) ) ;
#892 = DIRECTION ( 'NONE',  ( 0.000000000000000000, -5.143305367816659412E-17, -1.000000000000000000 ) ) ;
#893 = EDGE_CURVE ( 'NONE', #1824, #3486, #776, .T. ) ;
#894 = ORIENTED_EDGE ( 'NONE', *, *, #3220, .T. ) ;
#895 = DIRECTION ( 'NONE',  ( -1.000000000000000000, 0.000000000000000000, 0.000000000000000000 ) ) ;
#896 = AXIS2_PLACEMENT_3D ( 'NONE', #2057, #3053, #4026 ) ;
#897 = MECHANICAL_DESIGN_GEOMETRIC_PRESENTATION_REPRESENTATION (  '', ( #418 ), #2092 ) ;
#898 = EDGE_LOOP ( 'NONE', ( #849, #2995, #2333, #713 ) ) ;
#899 = DIRECTION ( 'NONE',  ( -1.000000000000000000, 0.000000000000000000, 0.000000000000000000 ) ) ;
#900 = PRESENTATION_STYLE_ASSIGNMENT (( #551 ) ) ;
#901 = CARTESIAN_POINT ( 'NONE',  ( 1.498600000000000154, 2.711449999999999694, -3.301999999999999602 ) ) ;
#902 = VECTOR ( 'NONE', #3272, 1000.000000000000000 ) ;
#903 = PLANE ( 'NONE',  #1277 ) ;
#904 = ORIENTED_EDGE ( 'NONE', *, *, #4020, .F. ) ;
#905 = VECTOR ( 'NONE', #2694, 1000.000000000000000 ) ;
#906 = AXIS2_PLACEMENT_3D ( 'NONE', #1896, #1583, #3782 ) ;
#907 = ORIENTED_EDGE ( 'NONE', *, *, #2217, .F. ) ;
#908 = DIRECTION ( 'NONE',  ( 0.000000000000000000, 0.000000000000000000, 1.000000000000000000 ) ) ;
#909 = CARTESIAN_POINT ( 'NONE',  ( -0.5397500000000099440, 2.520950000000000024, 3.663949999999999818 ) ) ;
#910 = LINE ( 'NONE', #1849, #630 ) ;
#911 = DIRECTION ( 'NONE',  ( 0.000000000000000000, 1.000000000000000000, 5.143305367816659412E-17 ) ) ;
#912 = CIRCLE ( 'NONE', #3252, 0.4826000000000001400 ) ;
#913 = AXIS2_PLACEMENT_3D ( 'NONE', #402, #1676, #2280 ) ;
#914 = DIRECTION ( 'NONE',  ( 0.000000000000000000, 1.000000000000000000, -6.881229203184539713E-16 ) ) ;
#915 = ORIENTED_EDGE ( 'NONE', *, *, #3964, .F. ) ;
#916 = FACE_OUTER_BOUND ( 'NONE', #721, .T. ) ;
#917 = FACE_OUTER_BOUND ( 'NONE', #2680, .T. ) ;
#918 = ADVANCED_FACE ( 'NONE', ( #461 ), #3320, .T. ) ;
#919 = ADVANCED_FACE ( 'NONE', ( #1406 ), #1116, .F. ) ;
#920 = LINE ( 'NONE', #3164, #636 ) ;
#921 = ORIENTED_EDGE ( 'NONE', *, *, #338, .F. ) ;
#922 = DIRECTION ( 'NONE',  ( 0.000000000000000000, 1.000000000000000000, 0.000000000000000000 ) ) ;
#923 = LINE ( 'NONE', #2510, #3208 ) ;
#924 = EDGE_CURVE ( 'NONE', #3223, #3951, #2998, .T. ) ;
#925 = DIRECTION ( 'NONE',  ( 0.000000000000000000, -5.143305367816659412E-17, -1.000000000000000000 ) ) ;
#926 = ORIENTED_EDGE ( 'NONE', *, *, #2527, .T. ) ;
#927 = VECTOR ( 'NONE', #671, 1000.000000000000000 ) ;
#928 = VECTOR ( 'NONE', #2573, 1000.000000000000000 ) ;
#929 = VERTEX_POINT ( 'NONE', #2436 ) ;
#930 = VECTOR ( 'NONE', #961, 1000.000000000000000 ) ;
#931 = VERTEX_POINT ( 'NONE', #1139 ) ;
#932 =( NAMED_UNIT ( * ) SI_UNIT ( $, .STERADIAN. ) SOLID_ANGLE_UNIT ( ) );
#933 = FACE_OUTER_BOUND ( 'NONE', #3513, .T. ) ;
#934 = DIRECTION ( 'NONE',  ( 0.000000000000000000, 5.143305367816659412E-17, -1.000000000000000000 ) ) ;
#935 = AXIS2_PLACEMENT_3D ( 'NONE', #2083, #3056, #3398 ) ;
#936 = CARTESIAN_POINT ( 'NONE',  ( -1.695450000000000124, -4.487044639735940043E-16, 3.663949999999999818 ) ) ;
#937 = ORIENTED_EDGE ( 'NONE', *, *, #678, .F. ) ;
#938 = DIRECTION ( 'NONE',  ( -1.000000000000000000, 0.000000000000000000, 0.000000000000000000 ) ) ;
#939 = LINE ( 'NONE', #3503, #2722 ) ;
#940 = VECTOR ( 'NONE', #2717, 1000.000000000000000 ) ;
#941 = CARTESIAN_POINT ( 'NONE',  ( -4.940299999999999692, 3.003549999999999720, 3.301999999999999602 ) ) ;
#942 = EDGE_CURVE ( 'NONE', #3107, #2768, #3043, .T. ) ;
#943 = ORIENTED_EDGE ( 'NONE', *, *, #629, .F. ) ;
#944 = DIRECTION ( 'NONE',  ( 0.000000000000000000, 0.000000000000000000, -1.000000000000000000 ) ) ;
#945 = FACE_OUTER_BOUND ( 'NONE', #2899, .T. ) ;
#946 = MANIFOLD_SOLID_BREP ( 'NONE', #4059 ) ;
#947 = DIRECTION ( 'NONE',  ( 0.000000000000000000, 0.000000000000000000, 1.000000000000000000 ) ) ;
#948 = EDGE_CURVE ( 'NONE', #1992, #52, #2700, .T. ) ;
#949 = EDGE_CURVE ( 'NONE', #744, #1767, #2031, .T. ) ;
#950 = ORIENTED_EDGE ( 'NONE', *, *, #629, .T. ) ;
#951 = ORIENTED_EDGE ( 'NONE', *, *, #2702, .T. ) ;
#952 = CARTESIAN_POINT ( 'NONE',  ( -1.041400000000000103, 3.003549999999999720, 3.301999999999999602 ) ) ;
#953 = LINE ( 'NONE', #628, #1905 ) ;
#954 = LINE ( 'NONE', #2224, #1910 ) ;
#955 = ORIENTED_EDGE ( 'NONE', *, *, #674, .T. ) ;
#956 = CARTESIAN_POINT ( 'NONE',  ( -3.079750000000000210, 2.520950000000000024, 3.956049999999999844 ) ) ;
#957 = CARTESIAN_POINT ( 'NONE',  ( 4.038599999999999746, 2.520950000000000024, 3.473449999999999704 ) ) ;
#958 = CARTESIAN_POINT ( 'NONE',  ( 4.540250000000000341, -4.487044639735940043E-16, 3.663949999999999818 ) ) ;
#959 = EDGE_LOOP ( 'NONE', ( #1201, #2388, #1109, #2412, #36, #1111, #3028, #1650, #680, #432 ) ) ;
#960 = LINE ( 'NONE', #3785, #1247 ) ;
#961 = DIRECTION ( 'NONE',  ( -1.000000000000000000, 0.000000000000000000, 0.000000000000000000 ) ) ;
#962 = APPLICATION_CONTEXT ( 'automotive_design' ) ;
#963 = LINE ( 'NONE', #3898, #1533 ) ;
#964 = ORIENTED_EDGE ( 'NONE', *, *, #3747, .F. ) ;
#965 = VECTOR ( 'NONE', #1990, 1000.000000000000000 ) ;
#966 = ADVANCED_FACE ( 'NONE', ( #2010 ), #3300, .T. ) ;
#967 = EDGE_CURVE ( 'NONE', #3745, #217, #2162, .T. ) ;
#968 = VECTOR ( 'NONE', #1958, 1000.000000000000000 ) ;
#969 = DIRECTION ( 'NONE',  ( 0.000000000000000000, 1.317188039375246045E-16, 1.000000000000000000 ) ) ;
#970 = ORIENTED_EDGE ( 'NONE', *, *, #753, .T. ) ;
#971 = CARTESIAN_POINT ( 'NONE',  ( -4.038599999999999746, 2.520950000000000024, 3.956049999999999844 ) ) ;
#972 = ORIENTED_EDGE ( 'NONE', *, *, #888, .T. ) ;
#973 = LINE ( 'NONE', #1653, #3820 ) ;
#974 = LINE ( 'NONE', #576, #4008 ) ;
#975 = CARTESIAN_POINT ( 'NONE',  ( -4.326680873994910748, 3.987799999999999567, 0.000000000000000000 ) ) ;
#976 = DIRECTION ( 'NONE',  ( -1.000000000000000000, 0.000000000000000000, 0.000000000000000000 ) ) ;
#977 = ORIENTED_EDGE ( 'NONE', *, *, #3038, .T. ) ;
#978 = CARTESIAN_POINT ( 'NONE',  ( 2.000249999999999861, 2.711449999999999694, -3.301999999999999602 ) ) ;
#979 = FACE_OUTER_BOUND ( 'NONE', #18, .T. ) ;
#980 = ORIENTED_EDGE ( 'NONE', *, *, #3437, .T. ) ;
#981 = LINE ( 'NONE', #390, #1902 ) ;
#982 = EDGE_CURVE ( 'NONE', #3042, #492, #910, .T. ) ;
#983 = EDGE_CURVE ( 'NONE', #822, #2180, #3451, .T. ) ;
#984 = DIRECTION ( 'NONE',  ( -2.626776916984869807E-16, 0.000000000000000000, -1.000000000000000000 ) ) ;
#985 = VECTOR ( 'NONE', #1934, 1000.000000000000000 ) ;
#986 = LINE ( 'NONE', #3867, #504 ) ;
#987 = ADVANCED_FACE ( 'NONE', ( #535 ), #570, .F. ) ;
#988 = ORIENTED_EDGE ( 'NONE', *, *, #2117, .T. ) ;
#989 = LINE ( 'NONE', #3281, #928 ) ;
#990 = DIRECTION ( 'NONE',  ( 0.000000000000000000, 1.000000000000000000, 0.000000000000000000 ) ) ;
#991 = LINE ( 'NONE', #2957, #2181 ) ;
#992 = CARTESIAN_POINT ( 'NONE',  ( 1.498600000000000154, -4.064000000000000057, 3.956049999999999844 ) ) ;
#993 = ORIENTED_EDGE ( 'NONE', *, *, #844, .T. ) ;
#994 = CARTESIAN_POINT ( 'NONE',  ( 2.000249999999999861, 0.3047999999999999599, 3.663949999999999818 ) ) ;
#995 = VECTOR ( 'NONE', #30, 1000.000000000000000 ) ;
#996 = CARTESIAN_POINT ( 'NONE',  ( -1.041400000000000103, -4.064000000000000057, -3.663949999999999818 ) ) ;
#997 = ORIENTED_EDGE ( 'NONE', *, *, #475, .T. ) ;
#998 = ORIENTED_EDGE ( 'NONE', *, *, #779, .T. ) ;
#999 = CYLINDRICAL_SURFACE ( 'NONE', #1923, 0.1905000000000001414 ) ;
#1000 = ORIENTED_EDGE ( 'NONE', *, *, #2952, .T. ) ;
#1001 = LINE ( 'NONE', #3255, #1768 ) ;
#1002 = VERTEX_POINT ( 'NONE', #2540 ) ;
#1003 = CARTESIAN_POINT ( 'NONE',  ( -4.038599999999999746, 2.711449999999999694, 3.301999999999999602 ) ) ;
#1004 = ORIENTED_EDGE ( 'NONE', *, *, #1042, .F. ) ;
#1005 = LINE ( 'NONE', #3200, #1591 ) ;
#1006 = DIRECTION ( 'NONE',  ( 0.000000000000000000, 0.000000000000000000, 1.000000000000000000 ) ) ;
#1007 = DIRECTION ( 'NONE',  ( 0.000000000000000000, 1.000000000000000000, -5.143305367816659412E-17 ) ) ;
#1008 = ADVANCED_FACE ( 'NONE', ( #1251 ), #890, .F. ) ;
#1009 = EDGE_CURVE ( 'NONE', #798, #2985, #1534, .T. ) ;
#1010 = PLANE ( 'NONE',  #1052 ) ;
#1011 = ORIENTED_EDGE ( 'NONE', *, *, #1009, .T. ) ;
#1012 = DIRECTION ( 'NONE',  ( 0.000000000000000000, 0.000000000000000000, -1.000000000000000000 ) ) ;
#1013 = EDGE_CURVE ( 'NONE', #3023, #2768, #2479, .T. ) ;
#1014 = DIRECTION ( 'NONE',  ( 1.000000000000000000, 0.000000000000000000, 0.000000000000000000 ) ) ;
#1015 = VERTEX_POINT ( 'NONE', #3775 ) ;
#1016 = CARTESIAN_POINT ( 'NONE',  ( 4.038599999999999746, -4.064000000000000057, -3.663949999999999818 ) ) ;
#1017 = VECTOR ( 'NONE', #3487, 1000.000000000000000 ) ;
#1018 = FACE_OUTER_BOUND ( 'NONE', #625, .T. ) ;
#1019 = STYLED_ITEM ( 'NONE', ( #4022 ), #3701 ) ;
#1020 = EDGE_LOOP ( 'NONE', ( #2517, #1753, #882, #3408, #51, #1099, #3501 ) ) ;
#1021 = DIRECTION ( 'NONE',  ( 0.000000000000000000, 1.000000000000000000, -1.317188039375246045E-16 ) ) ;
#1022 = VECTOR ( 'NONE', #1847, 1000.000000000000000 ) ;
#1023 = CARTESIAN_POINT ( 'NONE',  ( 1.041400000000000103, -4.064000000000000057, 3.663949999999999818 ) ) ;
#1024 = ORIENTED_EDGE ( 'NONE', *, *, #1758, .F. ) ;
#1025 = DIRECTION ( 'NONE',  ( 1.000000000000000000, 0.000000000000000000, 0.000000000000000000 ) ) ;
#1026 = EDGE_LOOP ( 'NONE', ( #1573, #1000, #4093, #2552 ) ) ;
#1027 = PLANE ( 'NONE',  #1199 ) ;
#1028 = DIRECTION ( 'NONE',  ( -2.887788576812115453E-16, -1.000000000000000000, 0.000000000000000000 ) ) ;
#1029 = VECTOR ( 'NONE', #1068, 1000.000000000000000 ) ;
#1030 = DIRECTION ( 'NONE',  ( 0.000000000000000000, -5.143305367816659412E-17, -1.000000000000000000 ) ) ;
#1031 = DIRECTION ( 'NONE',  ( 1.000000000000000000, 0.000000000000000000, 0.000000000000000000 ) ) ;
#1032 = VECTOR ( 'NONE', #3117, 1000.000000000000000 ) ;
#1033 = ORIENTED_EDGE ( 'NONE', *, *, #512, .F. ) ;
#1034 = EDGE_CURVE ( 'NONE', #1356, #725, #2770, .T. ) ;
#1035 = PLANE ( 'NONE',  #3372 ) ;
#1036 = EDGE_CURVE ( 'NONE', #574, #3592, #591, .T. ) ;
#1037 = VECTOR ( 'NONE', #3215, 1000.000000000000000 ) ;
#1038 = VECTOR ( 'NONE', #3325, 1000.000000000000000 ) ;
#1039 = LINE ( 'NONE', #723, #1805 ) ;
#1040 = ORIENTED_EDGE ( 'NONE', *, *, #3013, .T. ) ;
#1041 = LINE ( 'NONE', #3609, #2734 ) ;
#1042 = EDGE_CURVE ( 'NONE', #4142, #3595, #2520, .T. ) ;
#1043 = LINE ( 'NONE', #409, #1389 ) ;
#1044 = ORIENTED_EDGE ( 'NONE', *, *, #1700, .T. ) ;
#1045 = VERTEX_POINT ( 'NONE', #1188 ) ;
#1046 = CARTESIAN_POINT ( 'NONE',  ( 3.384549999999999947, -4.487044639735940043E-16, 3.663949999999999818 ) ) ;
#1047 = LINE ( 'NONE', #735, #1183 ) ;
#1048 = EDGE_LOOP ( 'NONE', ( #1498, #365, #2056, #453 ) ) ;
#1049 = FILL_AREA_STYLE_COLOUR ( '', #2128 ) ;
#1050 = CARTESIAN_POINT ( 'NONE',  ( 4.038599999999999746, 3.003549999999999720, 3.301999999999999602 ) ) ;
#1051 = CARTESIAN_POINT ( 'NONE',  ( -0.5397500000000099440, 3.003549999999999720, 3.473449999999999704 ) ) ;
#1052 = AXIS2_PLACEMENT_3D ( 'NONE', #1948, #1657, #675 ) ;
#1053 = VECTOR ( 'NONE', #895, 1000.000000000000000 ) ;
#1054 = LINE ( 'NONE', #2980, #861 ) ;
#1055 = VECTOR ( 'NONE', #3845, 1000.000000000000000 ) ;
#1056 = VERTEX_POINT ( 'NONE', #3091 ) ;
#1057 = CARTESIAN_POINT ( 'NONE',  ( -3.581400000000000361, -4.336808689942014778E-16, 3.473449999999999704 ) ) ;
#1058 = EDGE_CURVE ( 'NONE', #1002, #1015, #1494, .T. ) ;
#1059 = DIRECTION ( 'NONE',  ( -1.000000000000000000, 0.000000000000000000, 0.000000000000000000 ) ) ;
#1060 = VERTEX_POINT ( 'NONE', #3817 ) ;
#1061 = VERTEX_POINT ( 'NONE', #3158 ) ;
#1062 = COLOUR_RGB ( '',0.7960784313725489669, 0.8235294117647058432, 0.9372549019607843146 ) ;
#1063 = DIRECTION ( 'NONE',  ( 1.000000000000000000, 0.000000000000000000, 0.000000000000000000 ) ) ;
#1064 = EDGE_CURVE ( 'NONE', #1876, #2851, #3754, .T. ) ;
#1065 = ADVANCED_FACE ( 'NONE', ( #275 ), #1553, .F. ) ;
#1066 = CARTESIAN_POINT ( 'NONE',  ( 2.000249999999999861, 3.003549999999999720, -3.301999999999999602 ) ) ;
#1067 = ORIENTED_EDGE ( 'NONE', *, *, #3831, .F. ) ;
#1068 = DIRECTION ( 'NONE',  ( -1.000000000000000000, 0.000000000000000000, 0.000000000000000000 ) ) ;
#1069 = ADVANCED_FACE ( 'NONE', ( #933 ), #2206, .F. ) ;
#1070 = EDGE_LOOP ( 'NONE', ( #2183, #2827, #1935, #519, #2966, #2431, #111, #3730 ) ) ;
#1071 = DIRECTION ( 'NONE',  ( -0.7071067811865465735, -0.7071067811865485719, -9.313925947400503246E-17 ) ) ;
#1072 = EDGE_LOOP ( 'NONE', ( #297, #3016, #1527, #2855 ) ) ;
#1073 = DIRECTION ( 'NONE',  ( 0.000000000000000000, 1.000000000000000000, 0.000000000000000000 ) ) ;
#1074 = PLANE ( 'NONE',  #3336 ) ;
#1075 = LINE ( 'NONE', #1454, #1185 ) ;
#1076 = PLANE ( 'NONE',  #1442 ) ;
#1077 = EDGE_LOOP ( 'NONE', ( #508, #2624, #3862, #105 ) ) ;
#1078 = CARTESIAN_POINT ( 'NONE',  ( 0.5397499999999899600, 3.003549999999999720, 3.301999999999999602 ) ) ;
#1079 =( NAMED_UNIT ( * ) SI_UNIT ( $, .STERADIAN. ) SOLID_ANGLE_UNIT ( ) );
#1080 = ORIENTED_EDGE ( 'NONE', *, *, #38, .F. ) ;
#1081 = ORIENTED_EDGE ( 'NONE', *, *, #271, .F. ) ;
#1082 = DIRECTION ( 'NONE',  ( -1.000000000000000000, 0.000000000000000000, 0.000000000000000000 ) ) ;
#1083 = VERTEX_POINT ( 'NONE', #3498 ) ;
#1084 = CARTESIAN_POINT ( 'NONE',  ( -0.5397500000000099440, 2.711449999999999694, -3.473449999999999704 ) ) ;
#1085 = ORIENTED_EDGE ( 'NONE', *, *, #2527, .F. ) ;
#1086 = VECTOR ( 'NONE', #2313, 1000.000000000000000 ) ;
#1087 = EDGE_CURVE ( 'NONE', #1246, #3505, #2101, .T. ) ;
#1088 = CARTESIAN_POINT ( 'NONE',  ( 1.498600000000000154, 2.520950000000000024, -3.663949999999999818 ) ) ;
#1089 = EDGE_CURVE ( 'NONE', #648, #3042, #1574, .T. ) ;
#1090 = VECTOR ( 'NONE', #3187, 1000.000000000000000 ) ;
#1091 = VERTEX_POINT ( 'NONE', #3569 ) ;
#1092 = CARTESIAN_POINT ( 'NONE',  ( -4.540250000000000341, -4.487044639735940043E-16, 3.663949999999999818 ) ) ;
#1093 = ORIENTED_EDGE ( 'NONE', *, *, #1601, .F. ) ;
#1094 = LINE ( 'NONE', #1474, #2992 ) ;
#1095 = CARTESIAN_POINT ( 'NONE',  ( -4.038599999999999746, 2.520950000000000024, -3.663949999999999818 ) ) ;
#1096 = ADVANCED_FACE ( 'NONE', ( #16 ), #710, .F. ) ;
#1097 = CARTESIAN_POINT ( 'NONE',  ( -0.5397500000000099440, 2.711449999999999694, -3.473449999999999704 ) ) ;
#1098 = CARTESIAN_POINT ( 'NONE',  ( -4.038599999999999746, -4.064000000000000057, -3.956049999999999844 ) ) ;
#1099 = ORIENTED_EDGE ( 'NONE', *, *, #3531, .T. ) ;
#1100 = VECTOR ( 'NONE', #3472, 1000.000000000000114 ) ;
#1101 = CARTESIAN_POINT ( 'NONE',  ( 4.038599999999999746, 2.711449999999999694, 3.301999999999999602 ) ) ;
#1102 = DIRECTION ( 'NONE',  ( 0.000000000000000000, -1.000000000000000000, -1.317188039375246045E-16 ) ) ;
#1103 = ORIENTED_EDGE ( 'NONE', *, *, #1667, .T. ) ;
#1104 = DIRECTION ( 'NONE',  ( 1.000000000000000000, 0.000000000000000000, 0.000000000000000000 ) ) ;
#1105 = DIRECTION ( 'NONE',  ( 0.000000000000000000, -1.317188039375246045E-16, -1.000000000000000000 ) ) ;
#1106 = AXIS2_PLACEMENT_3D ( 'NONE', #2420, #1125, #1436 ) ;
#1107 = VECTOR ( 'NONE', #854, 1000.000000000000000 ) ;
#1108 = DIRECTION ( 'NONE',  ( 0.000000000000000000, 5.143305367816659412E-17, -1.000000000000000000 ) ) ;
#1109 = ORIENTED_EDGE ( 'NONE', *, *, #3221, .F. ) ;
#1110 =( NAMED_UNIT ( * ) SI_UNIT ( $, .STERADIAN. ) SOLID_ANGLE_UNIT ( ) );
#1111 = ORIENTED_EDGE ( 'NONE', *, *, #1834, .F. ) ;
#1112 = ORIENTED_EDGE ( 'NONE', *, *, #2320, .T. ) ;
#1113 = PLANE ( 'NONE',  #4132 ) ;
#1114 = ADVANCED_FACE ( 'NONE', ( #3214 ), #2912, .F. ) ;
#1115 = ORIENTED_EDGE ( 'NONE', *, *, #2339, .T. ) ;
#1116 = PLANE ( 'NONE',  #1722 ) ;
#1117 = DIRECTION ( 'NONE',  ( 0.000000000000000000, 5.143305367816659412E-17, 1.000000000000000000 ) ) ;
#1118 = CARTESIAN_POINT ( 'NONE',  ( 0.5397499999999899600, 2.711449999999999694, 3.473449999999999704 ) ) ;
#1119 = LINE ( 'NONE', #3391, #572 ) ;
#1120 = ADVANCED_FACE ( 'NONE', ( #2254 ), #2568, .F. ) ;
#1121 = EDGE_CURVE ( 'NONE', #1091, #846, #1001, .T. ) ;
#1122 = ORIENTED_EDGE ( 'NONE', *, *, #3006, .F. ) ;
#1123 = DIRECTION ( 'NONE',  ( -0.7071067811865465735, 0.7071067811865485719, 9.313925947400503246E-17 ) ) ;
#1124 = AXIS2_PLACEMENT_3D ( 'NONE', #670, #377, #3621 ) ;
#1125 = DIRECTION ( 'NONE',  ( 0.000000000000000000, -1.317188039375246045E-16, 1.000000000000000000 ) ) ;
#1126 = LINE ( 'NONE', #491, #2061 ) ;
#1127 = ORIENTED_EDGE ( 'NONE', *, *, #1146, .T. ) ;
#1128 = PLANE ( 'NONE',  #1326 ) ;
#1129 = FACE_OUTER_BOUND ( 'NONE', #898, .T. ) ;
#1130 = VECTOR ( 'NONE', #3102, 1000.000000000000000 ) ;
#1131 = CARTESIAN_POINT ( 'NONE',  ( 4.940299999999999692, 2.711449999999999694, 3.301999999999999602 ) ) ;
#1132 = ORIENTED_EDGE ( 'NONE', *, *, #1064, .F. ) ;
#1133 = LINE ( 'NONE', #3967, #3686 ) ;
#1134 = EDGE_LOOP ( 'NONE', ( #3416, #3703, #1658, #250 ) ) ;
#1135 = CARTESIAN_POINT ( 'NONE',  ( 1.041400000000000103, -4.064000000000000057, -3.956049999999999844 ) ) ;
#1136 = ORIENTED_EDGE ( 'NONE', *, *, #3865, .F. ) ;
#1137 = CARTESIAN_POINT ( 'NONE',  ( 1.041400000000000103, -4.336808689942014778E-16, 3.473449999999999704 ) ) ;
#1138 = ORIENTED_EDGE ( 'NONE', *, *, #3941, .T. ) ;
#1139 = CARTESIAN_POINT ( 'NONE',  ( -0.5397500000000099440, 0.3047999999999999599, 3.956049999999999844 ) ) ;
#1140 = LINE ( 'NONE', #2414, #522 ) ;
#1141 = CARTESIAN_POINT ( 'NONE',  ( 0.5397499999999899600, 0.3047999999999999599, 3.956049999999999844 ) ) ;
#1142 = UNCERTAINTY_MEASURE_WITH_UNIT (LENGTH_MEASURE( 1.000000000000000082E-05 ), #266, 'distance_accuracy_value', 'NONE');
#1143 = CARTESIAN_POINT ( 'NONE',  ( 0.8445499999999900309, -4.487044639735940043E-16, -3.663949999999999818 ) ) ;
#1144 = ORIENTED_EDGE ( 'NONE', *, *, #2811, .T. ) ;
#1145 = LINE ( 'NONE', #783, #344 ) ;
#1146 = EDGE_CURVE ( 'NONE', #2367, #3173, #953, .T. ) ;
#1147 = EDGE_CURVE ( 'NONE', #3087, #3858, #2300, .T. ) ;
#1148 = LINE ( 'NONE', #2737, #2849 ) ;
#1149 = APPLICATION_PROTOCOL_DEFINITION ( 'draft international standard', 'automotive_design', 1998, #537 ) ;
#1150 = DIRECTION ( 'NONE',  ( -0.000000000000000000, 1.000000000000000000, 0.000000000000000000 ) ) ;
#1151 = ORIENTED_EDGE ( 'NONE', *, *, #3324, .T. ) ;
#1152 = DIRECTION ( 'NONE',  ( 0.000000000000000000, 0.000000000000000000, 1.000000000000000000 ) ) ;
#1153 = CARTESIAN_POINT ( 'NONE',  ( 1.498600000000000154, -4.064000000000000057, -3.663949999999999818 ) ) ;
#1154 = EDGE_CURVE ( 'NONE', #217, #1824, #645, .T. ) ;
#1155 = DIRECTION ( 'NONE',  ( 0.000000000000000000, -5.143305367816659412E-17, 1.000000000000000000 ) ) ;
#1156 = DIRECTION ( 'NONE',  ( -1.000000000000000000, 0.000000000000000000, 0.000000000000000000 ) ) ;
#1157 = VERTEX_POINT ( 'NONE', #2889 ) ;
#1158 = ORIENTED_EDGE ( 'NONE', *, *, #1456, .T. ) ;
#1159 = CARTESIAN_POINT ( 'NONE',  ( 4.038599999999999746, 2.520950000000000024, 3.473449999999999704 ) ) ;
#1160 = ORIENTED_EDGE ( 'NONE', *, *, #4052, .T. ) ;
#1161 = CARTESIAN_POINT ( 'NONE',  ( -4.038599999999999746, 2.520950000000000024, -3.473449999999999704 ) ) ;
#1162 = DIRECTION ( 'NONE',  ( 1.000000000000000000, 0.000000000000000000, 0.000000000000000000 ) ) ;
#1163 = DIRECTION ( 'NONE',  ( 0.7071067811865475727, -0.7071067811865475727, 3.636866103296330043E-17 ) ) ;
#1164 = LINE ( 'NONE', #2390, #2516 ) ;
#1165 = VECTOR ( 'NONE', #3435, 1000.000000000000000 ) ;
#1166 = CARTESIAN_POINT ( 'NONE',  ( -4.038599999999999746, -4.064000000000000057, -3.663949999999999818 ) ) ;
#1167 =( GEOMETRIC_REPRESENTATION_CONTEXT ( 3 ) GLOBAL_UNCERTAINTY_ASSIGNED_CONTEXT ( ( #2773 ) ) GLOBAL_UNIT_ASSIGNED_CONTEXT ( ( #1215, #2799, #2172 ) ) REPRESENTATION_CONTEXT ( 'NONE', 'WORKASPACE' ) );
#1168 = ORIENTED_EDGE ( 'NONE', *, *, #2398, .T. ) ;
#1169 = DIRECTION ( 'NONE',  ( 0.000000000000000000, 5.143305367816659412E-17, -1.000000000000000000 ) ) ;
#1170 = DIRECTION ( 'NONE',  ( 1.000000000000000000, 0.000000000000000000, 0.000000000000000000 ) ) ;
#1171 = EDGE_CURVE ( 'NONE', #858, #1361, #3550, .T. ) ;
#1172 =( LENGTH_UNIT ( ) NAMED_UNIT ( * ) SI_UNIT ( .MILLI., .METRE. ) );
#1173 = EDGE_CURVE ( 'NONE', #3468, #1876, #666, .T. ) ;
#1174 = ORIENTED_EDGE ( 'NONE', *, *, #2165, .F. ) ;
#1175 = LINE ( 'NONE', #2445, #3273 ) ;
#1176 = LINE ( 'NONE', #860, #2994 ) ;
#1177 = AXIS2_PLACEMENT_3D ( 'NONE', #2815, #3410, #4144 ) ;
#1178 = CARTESIAN_POINT ( 'NONE',  ( 2.000249999999999861, 2.520950000000000024, -3.473449999999999704 ) ) ;
#1179 =( REPRESENTATION_RELATIONSHIP ('NONE','NONE', #2043, #352 ) REPRESENTATION_RELATIONSHIP_WITH_TRANSFORMATION ( #2105 )SHAPE_REPRESENTATION_RELATIONSHIP( ) );
#1180 = EDGE_CURVE ( 'NONE', #1337, #3554, #3231, .T. ) ;
#1181 = ORIENTED_EDGE ( 'NONE', *, *, #2140, .F. ) ;
#1182 = VECTOR ( 'NONE', #2545, 1000.000000000000000 ) ;
#1183 = VECTOR ( 'NONE', #3853, 1000.000000000000000 ) ;
#1184 = ORIENTED_EDGE ( 'NONE', *, *, #1423, .F. ) ;
#1185 = VECTOR ( 'NONE', #2703, 1000.000000000000000 ) ;
#1186 = EDGE_LOOP ( 'NONE', ( #4137, #31, #308, #4089, #2176, #2604, #1433, #2964 ) ) ;
#1187 = CARTESIAN_POINT ( 'NONE',  ( 0.5397499999999899600, 3.003549999999999720, -3.301999999999999602 ) ) ;
#1188 = CARTESIAN_POINT ( 'NONE',  ( -0.5397500000000099440, 0.3047999999999999599, -3.956049999999999844 ) ) ;
#1189 = DIRECTION ( 'NONE',  ( 0.000000000000000000, -5.143305367816659412E-17, 1.000000000000000000 ) ) ;
#1190 = DIRECTION ( 'NONE',  ( 0.7071067811865465735, -0.7071067811865485719, -9.313925947400503246E-17 ) ) ;
#1191 = VERTEX_POINT ( 'NONE', #1318 ) ;
#1192 = FACE_OUTER_BOUND ( 'NONE', #1072, .T. ) ;
#1193 = DIRECTION ( 'NONE',  ( -6.092331808357809327E-16, 0.1305261922200520452, -0.9914448613738103822 ) ) ;
#1194 = ORIENTED_EDGE ( 'NONE', *, *, #3659, .F. ) ;
#1195 = CYLINDRICAL_SURFACE ( 'NONE', #935, 0.4826000000000001400 ) ;
#1196 = DIRECTION ( 'NONE',  ( 1.000000000000000000, 0.000000000000000000, -6.144902299373339843E-16 ) ) ;
#1197 = EDGE_CURVE ( 'NONE', #2812, #436, #3275, .T. ) ;
#1198 = VECTOR ( 'NONE', #1252, 1000.000000000000000 ) ;
#1199 = AXIS2_PLACEMENT_3D ( 'NONE', #1929, #21, #1968 ) ;
#1200 = LINE ( 'NONE', #2472, #3547 ) ;
#1201 = ORIENTED_EDGE ( 'NONE', *, *, #3969, .T. ) ;
#1202 = VECTOR ( 'NONE', #1981, 1000.000000000000000 ) ;
#1203 = EDGE_CURVE ( 'NONE', #725, #3629, #687, .T. ) ;
#1204 = ADVANCED_FACE ( 'NONE', ( #372 ), #75, .F. ) ;
#1205 = ORIENTED_EDGE ( 'NONE', *, *, #3271, .F. ) ;
#1206 = ORIENTED_EDGE ( 'NONE', *, *, #3146, .F. ) ;
#1207 = CARTESIAN_POINT ( 'NONE',  ( 0.5397499999999899600, 2.520950000000000024, -3.473449999999999704 ) ) ;
#1208 = LINE ( 'NONE', #952, #1497 ) ;
#1209 = VECTOR ( 'NONE', #3467, 1000.000000000000000 ) ;
#1210 = DIRECTION ( 'NONE',  ( -0.000000000000000000, 1.000000000000000000, 0.000000000000000000 ) ) ;
#1211 = LINE ( 'NONE', #3452, #4012 ) ;
#1212 = PLANE ( 'NONE',  #3591 ) ;
#1213 = ORIENTED_EDGE ( 'NONE', *, *, #1552, .T. ) ;
#1214 = DIRECTION ( 'NONE',  ( 0.000000000000000000, 0.000000000000000000, 1.000000000000000000 ) ) ;
#1215 =( LENGTH_UNIT ( ) NAMED_UNIT ( * ) SI_UNIT ( .MILLI., .METRE. ) );
#1216 = LINE ( 'NONE', #301, #1509 ) ;
#1217 = ORIENTED_EDGE ( 'NONE', *, *, #1064, .T. ) ;
#1218 = DIRECTION ( 'NONE',  ( -1.000000000000000000, 0.000000000000000000, 0.000000000000000000 ) ) ;
#1219 = CARTESIAN_POINT ( 'NONE',  ( 4.940299999999999692, 2.711449999999999694, 3.301999999999999602 ) ) ;
#1220 = FACE_OUTER_BOUND ( 'NONE', #2492, .T. ) ;
#1221 = ORIENTED_EDGE ( 'NONE', *, *, #2320, .F. ) ;
#1222 = VERTEX_POINT ( 'NONE', #57 ) ;
#1223 = EDGE_CURVE ( 'NONE', #3675, #2609, #1338, .T. ) ;
#1224 = EDGE_CURVE ( 'NONE', #4129, #1244, #3594, .T. ) ;
#1225 = ORIENTED_EDGE ( 'NONE', *, *, #3349, .F. ) ;
#1226 = PLANE ( 'NONE',  #624 ) ;
#1227 = DIRECTION ( 'NONE',  ( 0.000000000000000000, -1.000000000000000000, 0.000000000000000000 ) ) ;
#1228 = DIRECTION ( 'NONE',  ( 0.000000000000000000, 0.000000000000000000, -1.000000000000000000 ) ) ;
#1229 = DIRECTION ( 'NONE',  ( -1.000000000000000000, 0.000000000000000000, 0.000000000000000000 ) ) ;
#1230 = EDGE_CURVE ( 'NONE', #1608, #2882, #2223, .T. ) ;
#1231 = EDGE_LOOP ( 'NONE', ( #2019, #1181, #3314, #322 ) ) ;
#1232 = CARTESIAN_POINT ( 'NONE',  ( 3.079750000000000210, 2.520950000000000024, -3.473449999999999704 ) ) ;
#1233 = VECTOR ( 'NONE', #1816, 1000.000000000000000 ) ;
#1234 = CARTESIAN_POINT ( 'NONE',  ( 2.000249999999999861, 2.711449999999999694, 3.473449999999999704 ) ) ;
#1235 = SURFACE_STYLE_FILL_AREA ( #3116 ) ;
#1236 = LINE ( 'NONE', #1855, #1032 ) ;
#1237 = MECHANICAL_DESIGN_GEOMETRIC_PRESENTATION_REPRESENTATION (  '', ( #149 ), #1167 ) ;
#1238 = ORIENTED_EDGE ( 'NONE', *, *, #604, .T. ) ;
#1239 = DIRECTION ( 'NONE',  ( -1.000000000000000000, 0.000000000000000000, 0.000000000000000000 ) ) ;
#1240 =( NAMED_UNIT ( * ) PLANE_ANGLE_UNIT ( ) SI_UNIT ( $, .RADIAN. ) );
#1241 = DIRECTION ( 'NONE',  ( -0.000000000000000000, 1.000000000000000000, 0.000000000000000000 ) ) ;
#1242 = VECTOR ( 'NONE', #1082, 1000.000000000000000 ) ;
#1243 = DIRECTION ( 'NONE',  ( 0.000000000000000000, 1.000000000000000000, 0.000000000000000000 ) ) ;
#1244 = VERTEX_POINT ( 'NONE', #3195 ) ;
#1245 = AXIS2_PLACEMENT_3D ( 'NONE', #3315, #2627, #796 ) ;
#1246 = VERTEX_POINT ( 'NONE', #310 ) ;
#1247 = VECTOR ( 'NONE', #562, 1000.000000000000000 ) ;
#1248 = VECTOR ( 'NONE', #1071, 1000.000000000000000 ) ;
#1249 = ORIENTED_EDGE ( 'NONE', *, *, #1154, .F. ) ;
#1250 = SURFACE_STYLE_FILL_AREA ( #2185 ) ;
#1251 = FACE_OUTER_BOUND ( 'NONE', #1808, .T. ) ;
#1252 = DIRECTION ( 'NONE',  ( 0.000000000000000000, -1.000000000000000000, 1.317188039375246045E-16 ) ) ;
#1253 = AXIS2_PLACEMENT_3D ( 'NONE', #556, #1496, #1852 ) ;
#1254 = ADVANCED_FACE ( 'NONE', ( #1593 ), #1379, .F. ) ;
#1255 = PLANE ( 'NONE',  #700 ) ;
#1256 = ORIENTED_EDGE ( 'NONE', *, *, #2265, .F. ) ;
#1257 = CARTESIAN_POINT ( 'NONE',  ( -1.498600000000000154, 2.520950000000000024, 3.663949999999999818 ) ) ;
#1258 = LINE ( 'NONE', #280, #3474 ) ;
#1259 = EDGE_CURVE ( 'NONE', #613, #2321, #2409, .T. ) ;
#1260 = EDGE_CURVE ( 'NONE', #392, #26, #3968, .T. ) ;
#1261 = CARTESIAN_POINT ( 'NONE',  ( -2.000249999999999861, 2.520950000000000024, 3.663949999999999818 ) ) ;
#1262 = VERTEX_POINT ( 'NONE', #3337 ) ;
#1263 = LINE ( 'NONE', #3829, #2817 ) ;
#1264 = CARTESIAN_POINT ( 'NONE',  ( -4.038599999999999746, 3.003549999999999720, -3.473449999999999704 ) ) ;
#1265 = DIRECTION ( 'NONE',  ( 0.000000000000000000, 0.000000000000000000, -1.000000000000000000 ) ) ;
#1266 = VERTEX_POINT ( 'NONE', #412 ) ;
#1267 = VECTOR ( 'NONE', #2437, 1000.000000000000000 ) ;
#1268 = AXIS2_PLACEMENT_3D ( 'NONE', #2633, #2557, #3933 ) ;
#1269 = ORIENTED_EDGE ( 'NONE', *, *, #106, .F. ) ;
#1270 = AXIS2_PLACEMENT_3D ( 'NONE', #901, #1241, #2178 ) ;
#1271 = CARTESIAN_POINT ( 'NONE',  ( 2.000249999999999861, 2.520950000000000024, 3.663949999999999818 ) ) ;
#1272 = DIRECTION ( 'NONE',  ( 0.000000000000000000, 5.143305367816659412E-17, -1.000000000000000000 ) ) ;
#1273 = CARTESIAN_POINT ( 'NONE',  ( 1.695450000000000124, -4.487044639735940043E-16, 3.663949999999999818 ) ) ;
#1274 = VERTEX_POINT ( 'NONE', #98 ) ;
#1275 = CARTESIAN_POINT ( 'NONE',  ( -1.041400000000000103, 2.520950000000000024, 3.956049999999999844 ) ) ;
#1276 = DIRECTION ( 'NONE',  ( 1.000000000000000000, 0.000000000000000000, 0.000000000000000000 ) ) ;
#1277 = AXIS2_PLACEMENT_3D ( 'NONE', #2451, #1526, #2806 ) ;
#1278 = CARTESIAN_POINT ( 'NONE',  ( 4.633490436997449891, 0.3810000000000000053, 2.995190436997455130 ) ) ;
#1279 = EDGE_LOOP ( 'NONE', ( #1085, #2086, #1845, #2672, #413, #1819, #3059 ) ) ;
#1280 = EDGE_CURVE ( 'NONE', #2625, #2854, #1757, .T. ) ;
#1281 = CARTESIAN_POINT ( 'NONE',  ( -0.5397500000000099440, 2.520950000000000024, -3.473449999999999704 ) ) ;
#1282 = EDGE_CURVE ( 'NONE', #2832, #2886, #3950, .T. ) ;
#1283 = CARTESIAN_POINT ( 'NONE',  ( 2.000249999999999861, -4.487044639735940043E-16, 3.663949999999999818 ) ) ;
#1284 = DIRECTION ( 'NONE',  ( -1.000000000000000000, 0.000000000000000000, 0.000000000000000000 ) ) ;
#1285 = ORIENTED_EDGE ( 'NONE', *, *, #2665, .F. ) ;
#1286 = VERTEX_POINT ( 'NONE', #2970 ) ;
#1287 = DIRECTION ( 'NONE',  ( 1.000000000000000000, 0.000000000000000000, 0.000000000000000000 ) ) ;
#1288 = EDGE_LOOP ( 'NONE', ( #4058, #3725, #90, #3179 ) ) ;
#1289 = CARTESIAN_POINT ( 'NONE',  ( 0.5397499999999899600, 2.520950000000000024, -3.956049999999999844 ) ) ;
#1290 = ORIENTED_EDGE ( 'NONE', *, *, #2781, .F. ) ;
#1291 = CARTESIAN_POINT ( 'NONE',  ( 0.8445499999999900309, -4.487044639735940043E-16, -3.663949999999999818 ) ) ;
#1292 = PLANE ( 'NONE',  #1922 ) ;
#1293 = ORIENTED_EDGE ( 'NONE', *, *, #2810, .F. ) ;
#1294 = CARTESIAN_POINT ( 'NONE',  ( 3.079750000000000210, 2.520950000000000024, 3.473449999999999704 ) ) ;
#1295 = EDGE_CURVE ( 'NONE', #755, #3925, #1402, .T. ) ;
#1296 = EDGE_CURVE ( 'NONE', #52, #3171, #1447, .T. ) ;
#1297 = LINE ( 'NONE', #4159, #995 ) ;
#1298 = ORIENTED_EDGE ( 'NONE', *, *, #368, .F. ) ;
#1299 = ADVANCED_FACE ( 'NONE', ( #1736 ), #3634, .F. ) ;
#1300 = CLOSED_SHELL ( 'NONE', ( #2839, #503, #1341, #3724, #966, #369, #3093, #3551, #2258, #4054, #2372, #2287, #1555, #1392, #3484, #2345, #2425, #415 ) ) ;
#1301 = DIRECTION ( 'NONE',  ( 0.000000000000000000, 5.143305367816659412E-17, -1.000000000000000000 ) ) ;
#1302 = ORIENTED_EDGE ( 'NONE', *, *, #2983, .T. ) ;
#1303 = CARTESIAN_POINT ( 'NONE',  ( 2.000249999999999861, 3.003549999999999720, -3.301999999999999602 ) ) ;
#1304 = EDGE_LOOP ( 'NONE', ( #3295, #3758, #3579, #3299 ) ) ;
#1305 = DIRECTION ( 'NONE',  ( 1.000000000000000000, 0.000000000000000000, 0.000000000000000000 ) ) ;
#1306 = FACE_OUTER_BOUND ( 'NONE', #4074, .T. ) ;
#1307 = VECTOR ( 'NONE', #3318, 1000.000000000000000 ) ;
#1308 = CARTESIAN_POINT ( 'NONE',  ( -1.695450000000000124, -4.487044639735940043E-16, -3.663949999999999818 ) ) ;
#1309 = CARTESIAN_POINT ( 'NONE',  ( 4.038599999999999746, 2.520950000000000024, -3.663949999999999818 ) ) ;
#1310 = EDGE_LOOP ( 'NONE', ( #3233, #3896, #1221, #972 ) ) ;
#1311 = DIRECTION ( 'NONE',  ( 0.000000000000000000, -1.000000000000000000, 0.000000000000000000 ) ) ;
#1312 = FACE_OUTER_BOUND ( 'NONE', #3772, .T. ) ;
#1313 = ORIENTED_EDGE ( 'NONE', *, *, #2569, .F. ) ;
#1314 = ORIENTED_EDGE ( 'NONE', *, *, #1834, .T. ) ;
#1315 = LINE ( 'NONE', #3924, #3791 ) ;
#1316 = EDGE_LOOP ( 'NONE', ( #1898, #4100, #2932, #561 ) ) ;
#1317 = VECTOR ( 'NONE', #614, 1000.000000000000000 ) ;
#1318 = CARTESIAN_POINT ( 'NONE',  ( 3.581400000000000361, -4.064000000000000057, -3.956049999999999844 ) ) ;
#1319 = EDGE_CURVE ( 'NONE', #4016, #1045, #2719, .T. ) ;
#1320 = AXIS2_PLACEMENT_3D ( 'NONE', #553, #3682, #3430 ) ;
#1321 = EDGE_LOOP ( 'NONE', ( #3035, #830, #1501, #2076 ) ) ;
#1322 = LINE ( 'NONE', #668, #2240 ) ;
#1323 = ORIENTED_EDGE ( 'NONE', *, *, #3251, .F. ) ;
#1324 = FACE_OUTER_BOUND ( 'NONE', #2631, .T. ) ;
#1325 = CARTESIAN_POINT ( 'NONE',  ( 3.079750000000000210, 2.711449999999999694, -3.473449999999999704 ) ) ;
#1326 = AXIS2_PLACEMENT_3D ( 'NONE', #3742, #1104, #3421 ) ;
#1327 = EDGE_CURVE ( 'NONE', #3665, #2396, #156, .T. ) ;
#1328 = DIRECTION ( 'NONE',  ( -1.000000000000000000, 0.000000000000000000, 0.000000000000000000 ) ) ;
#1329 = DIRECTION ( 'NONE',  ( 0.000000000000000000, -1.000000000000000000, 1.317188039375246045E-16 ) ) ;
#1330 = EDGE_LOOP ( 'NONE', ( #3381, #3419, #3477, #328 ) ) ;
#1331 = DIRECTION ( 'NONE',  ( 0.7071067811865465735, -0.7071067811865485719, 9.313925947400503246E-17 ) ) ;
#1332 = VECTOR ( 'NONE', #2883, 1000.000000000000000 ) ;
#1333 = DIRECTION ( 'NONE',  ( 0.000000000000000000, 0.000000000000000000, -1.000000000000000000 ) ) ;
#1334 = ORIENTED_EDGE ( 'NONE', *, *, #1393, .F. ) ;
#1335 = ORIENTED_EDGE ( 'NONE', *, *, #2930, .T. ) ;
#1336 = CARTESIAN_POINT ( 'NONE',  ( -0.5397500000000099440, 3.003549999999999720, 3.301999999999999602 ) ) ;
#1337 = VERTEX_POINT ( 'NONE', #3929 ) ;
#1338 = LINE ( 'NONE', #2605, #4060 ) ;
#1339 = LINE ( 'NONE', #1289, #1037 ) ;
#1340 = EDGE_CURVE ( 'NONE', #3629, #1683, #3615, .T. ) ;
#1341 = ADVANCED_FACE ( 'NONE', ( #3678 ), #750, .F. ) ;
#1342 = ORIENTED_EDGE ( 'NONE', *, *, #678, .T. ) ;
#1343 = DIRECTION ( 'NONE',  ( -1.000000000000000000, 0.000000000000000000, 0.000000000000000000 ) ) ;
#1344 = DIRECTION ( 'NONE',  ( 1.000000000000000000, 0.000000000000000000, 0.000000000000000000 ) ) ;
#1345 = DIRECTION ( 'NONE',  ( 0.7071067811865485719, 0.7071067811865464625, 3.636866103296324497E-17 ) ) ;
#1346 = CARTESIAN_POINT ( 'NONE',  ( -4.326680873994910748, 3.987799999999999567, 0.7366000000000000325 ) ) ;
#1347 = EDGE_CURVE ( 'NONE', #1394, #269, #1691, .T. ) ;
#1348 = ORIENTED_EDGE ( 'NONE', *, *, #2830, .T. ) ;
#1349 = LINE ( 'NONE', #699, #3905 ) ;
#1350 = CARTESIAN_POINT ( 'NONE',  ( -0.5397500000000099440, 2.520950000000000024, -3.473449999999999704 ) ) ;
#1351 = VERTEX_POINT ( 'NONE', #477 ) ;
#1352 = ORIENTED_EDGE ( 'NONE', *, *, #4081, .T. ) ;
#1353 = VECTOR ( 'NONE', #1744, 1000.000000000000000 ) ;
#1354 = CARTESIAN_POINT ( 'NONE',  ( 1.498600000000000154, -4.064000000000000057, -3.956049999999999844 ) ) ;
#1355 = MECHANICAL_DESIGN_GEOMETRIC_PRESENTATION_REPRESENTATION (  '', ( #2836 ), #3790 ) ;
#1356 = VERTEX_POINT ( 'NONE', #1135 ) ;
#1357 = DIRECTION ( 'NONE',  ( 0.000000000000000000, 0.000000000000000000, 1.000000000000000000 ) ) ;
#1358 = AXIS2_PLACEMENT_3D ( 'NONE', #3651, #792, #3031 ) ;
#1359 = VERTEX_POINT ( 'NONE', #3062 ) ;
#1360 = DIRECTION ( 'NONE',  ( 0.000000000000000000, 5.143305367816659412E-17, -1.000000000000000000 ) ) ;
#1361 = VERTEX_POINT ( 'NONE', #3360 ) ;
#1362 = PLANE ( 'NONE',  #1268 ) ;
#1363 = DIRECTION ( 'NONE',  ( 0.000000000000000000, 1.000000000000000000, 1.317188039375246045E-16 ) ) ;
#1364 = AXIS2_PLACEMENT_3D ( 'NONE', #1513, #1210, #2793 ) ;
#1365 = DIRECTION ( 'NONE',  ( -1.000000000000000000, 0.000000000000000000, 0.000000000000000000 ) ) ;
#1366 = EDGE_CURVE ( 'NONE', #1683, #2716, #1714, .T. ) ;
#1367 = CARTESIAN_POINT ( 'NONE',  ( -2.000249999999999861, 2.520950000000000024, -3.663949999999999818 ) ) ;
#1368 = CIRCLE ( 'NONE', #2373, 0.4826000000000001400 ) ;
#1369 = ORIENTED_EDGE ( 'NONE', *, *, #4128, .T. ) ;
#1370 = DIRECTION ( 'NONE',  ( 0.000000000000000000, 5.143305367816659412E-17, 1.000000000000000000 ) ) ;
#1371 = EDGE_CURVE ( 'NONE', #2214, #2082, #3702, .T. ) ;
#1372 = EDGE_CURVE ( 'NONE', #1623, #3393, #2324, .T. ) ;
#1373 = VECTOR ( 'NONE', #351, 1000.000000000000000 ) ;
#1374 = VECTOR ( 'NONE', #1742, 1000.000000000000000 ) ;
#1375 = ORIENTED_EDGE ( 'NONE', *, *, #733, .T. ) ;
#1376 = LINE ( 'NONE', #2622, #385 ) ;
#1377 = CARTESIAN_POINT ( 'NONE',  ( -1.695450000000000124, -4.336808689942014778E-16, -3.956049999999999844 ) ) ;
#1378 = ORIENTED_EDGE ( 'NONE', *, *, #2423, .F. ) ;
#1379 = CYLINDRICAL_SURFACE ( 'NONE', #3919, 0.1905000000000001414 ) ;
#1380 = VERTEX_POINT ( 'NONE', #3294 ) ;
#1381 = CARTESIAN_POINT ( 'NONE',  ( -4.633490436997449891, 0.3810000000000000053, 2.995190436997455130 ) ) ;
#1382 = ORIENTED_EDGE ( 'NONE', *, *, #1483, .F. ) ;
#1383 = DIRECTION ( 'NONE',  ( 2.626776916984869807E-16, 0.000000000000000000, 1.000000000000000000 ) ) ;
#1384 = CARTESIAN_POINT ( 'NONE',  ( -3.079750000000000210, 2.711449999999999694, -3.473449999999999704 ) ) ;
#1385 = DIRECTION ( 'NONE',  ( 0.000000000000000000, -1.000000000000000000, 1.317188039375246045E-16 ) ) ;
#1386 = VECTOR ( 'NONE', #1363, 1000.000000000000000 ) ;
#1387 = VECTOR ( 'NONE', #3520, 1000.000000000000000 ) ;
#1388 = CARTESIAN_POINT ( 'NONE',  ( 0.5397499999999899600, 0.3047999999999999599, 3.473449999999999704 ) ) ;
#1389 = VECTOR ( 'NONE', #2341, 1000.000000000000000 ) ;
#1390 = VERTEX_POINT ( 'NONE', #2843 ) ;
#1391 = CARTESIAN_POINT ( 'NONE',  ( 2.000249999999999861, 2.520950000000000024, 3.956049999999999844 ) ) ;
#1392 = ADVANCED_FACE ( 'NONE', ( #1931 ), #3219, .T. ) ;
#1393 = EDGE_CURVE ( 'NONE', #2554, #3705, #2708, .T. ) ;
#1394 = VERTEX_POINT ( 'NONE', #2575 ) ;
#1395 = VECTOR ( 'NONE', #209, 1000.000000000000000 ) ;
#1396 = DIRECTION ( 'NONE',  ( 0.000000000000000000, -5.143305367816659412E-17, -1.000000000000000000 ) ) ;
#1397 = PRODUCT ( 'IR2111', 'IR2111', '', ( #3100 ) ) ;
#1398 = ORIENTED_EDGE ( 'NONE', *, *, #1700, .F. ) ;
#1399 = CARTESIAN_POINT ( 'NONE',  ( -4.038599999999999746, -4.064000000000000057, -3.663949999999999818 ) ) ;
#1400 = ADVANCED_FACE ( 'NONE', ( #695 ), #1971, .F. ) ;
#1401 = ORIENTED_EDGE ( 'NONE', *, *, #2550, .T. ) ;
#1402 = LINE ( 'NONE', #1046, #1962 ) ;
#1403 = VERTEX_POINT ( 'NONE', #2309 ) ;
#1404 = CARTESIAN_POINT ( 'NONE',  ( -3.384549999999999947, -4.604301977989739772E-16, 3.956049999999999844 ) ) ;
#1405 = ORIENTED_EDGE ( 'NONE', *, *, #1478, .T. ) ;
#1406 = FACE_OUTER_BOUND ( 'NONE', #3096, .T. ) ;
#1407 = CYLINDRICAL_SURFACE ( 'NONE', #109, 0.7366000000000000325 ) ;
#1408 = DIRECTION ( 'NONE',  ( 1.000000000000000000, 0.000000000000000000, 0.000000000000000000 ) ) ;
#1409 = DIRECTION ( 'NONE',  ( 0.000000000000000000, 1.000000000000000000, 0.000000000000000000 ) ) ;
#1410 = VERTEX_POINT ( 'NONE', #1656 ) ;
#1411 = LINE ( 'NONE', #1435, #559 ) ;
#1412 = CARTESIAN_POINT ( 'NONE',  ( 3.079750000000000210, 2.711449999999999694, 3.301999999999999602 ) ) ;
#1413 = EDGE_LOOP ( 'NONE', ( #568, #3886, #3363, #2745, #2546, #3875, #1302, #3519 ) ) ;
#1414 = DIRECTION ( 'NONE',  ( 2.626776916984869807E-16, 0.000000000000000000, 1.000000000000000000 ) ) ;
#1415 = CARTESIAN_POINT ( 'NONE',  ( 0.5397499999999899600, 0.3047999999999999599, -3.956049999999999844 ) ) ;
#1416 = EDGE_CURVE ( 'NONE', #3127, #652, #2940, .T. ) ;
#1417 = ADVANCED_FACE ( 'NONE', ( #65 ), #2330, .F. ) ;
#1418 = LINE ( 'NONE', #817, #2621 ) ;
#1419 = DIRECTION ( 'NONE',  ( -0.7071067811865474617, -0.7071067811865474617, 9.313925947400492153E-17 ) ) ;
#1420 = ORIENTED_EDGE ( 'NONE', *, *, #3298, .T. ) ;
#1421 = VECTOR ( 'NONE', #3078, 1000.000000000000000 ) ;
#1422 = DIRECTION ( 'NONE',  ( -5.143305367816639691E-17, 0.000000000000000000, 1.000000000000000000 ) ) ;
#1423 = EDGE_CURVE ( 'NONE', #3258, #1351, #2637, .T. ) ;
#1424 = VECTOR ( 'NONE', #2204, 1000.000000000000000 ) ;
#1425 = ORIENTED_EDGE ( 'NONE', *, *, #3466, .F. ) ;
#1426 = CARTESIAN_POINT ( 'NONE',  ( 3.581400000000000361, 4.336808689942014778E-16, 3.663949999999999818 ) ) ;
#1427 = ORIENTED_EDGE ( 'NONE', *, *, #3404, .F. ) ;
#1428 = VECTOR ( 'NONE', #35, 1000.000000000000000 ) ;
#1429 =( NAMED_UNIT ( * ) PLANE_ANGLE_UNIT ( ) SI_UNIT ( $, .RADIAN. ) );
#1430 = LINE ( 'NONE', #2726, #717 ) ;
#1431 = DIRECTION ( 'NONE',  ( -1.000000000000000000, 0.000000000000000000, 0.000000000000000000 ) ) ;
#1432 = CARTESIAN_POINT ( 'NONE',  ( 4.038599999999999746, 2.520950000000000024, -3.473449999999999704 ) ) ;
#1433 = ORIENTED_EDGE ( 'NONE', *, *, #3969, .F. ) ;
#1434 = AXIS2_PLACEMENT_3D ( 'NONE', #1647, #1357, #2929 ) ;
#1435 = CARTESIAN_POINT ( 'NONE',  ( -0.5397500000000099440, 2.520950000000000024, 3.956049999999999844 ) ) ;
#1436 = DIRECTION ( 'NONE',  ( 0.000000000000000000, -1.000000000000000000, -1.317188039375246045E-16 ) ) ;
#1437 = VECTOR ( 'NONE', #1471, 1000.000000000000000 ) ;
#1438 = PRESENTATION_STYLE_ASSIGNMENT (( #448 ) ) ;
#1439 = ORIENTED_EDGE ( 'NONE', *, *, #2449, .T. ) ;
#1440 = DIRECTION ( 'NONE',  ( 0.000000000000000000, 5.143305367816659412E-17, 1.000000000000000000 ) ) ;
#1441 = DIRECTION ( 'NONE',  ( 0.000000000000000000, -1.000000000000000000, 1.317188039375246045E-16 ) ) ;
#1442 = AXIS2_PLACEMENT_3D ( 'NONE', #1432, #3999, #1409 ) ;
#1443 = AXIS2_PLACEMENT_3D ( 'NONE', #3261, #1007, #1030 ) ;
#1444 = PLANE ( 'NONE',  #1358 ) ;
#1445 = LINE ( 'NONE', #2668, #940 ) ;
#1446 = ORIENTED_EDGE ( 'NONE', *, *, #3963, .F. ) ;
#1447 = LINE ( 'NONE', #2025, #2901 ) ;
#1448 = ORIENTED_EDGE ( 'NONE', *, *, #1867, .T. ) ;
#1449 = DIRECTION ( 'NONE',  ( 0.000000000000000000, 1.000000000000000000, 1.317188039375246045E-16 ) ) ;
#1450 = ADVANCED_FACE ( 'NONE', ( #3872 ), #2612, .F. ) ;
#1451 = ORIENTED_EDGE ( 'NONE', *, *, #3756, .T. ) ;
#1452 = DIRECTION ( 'NONE',  ( 0.000000000000000000, -1.000000000000000000, 0.000000000000000000 ) ) ;
#1453 = DIRECTION ( 'NONE',  ( 2.887788576812115453E-16, 1.000000000000000000, 0.000000000000000000 ) ) ;
#1454 = CARTESIAN_POINT ( 'NONE',  ( 4.038599999999999746, 3.003549999999999720, -3.301999999999999602 ) ) ;
#1455 = LINE ( 'NONE', #2395, #3052 ) ;
#1456 = EDGE_CURVE ( 'NONE', #3942, #3128, #2310, .T. ) ;
#1457 = ORIENTED_EDGE ( 'NONE', *, *, #3689, .T. ) ;
#1458 = CIRCLE ( 'NONE', #1986, 0.4826000000000001400 ) ;
#1459 = DIRECTION ( 'NONE',  ( 0.000000000000000000, -1.000000000000000000, 0.000000000000000000 ) ) ;
#1460 =( GEOMETRIC_REPRESENTATION_CONTEXT ( 3 ) GLOBAL_UNCERTAINTY_ASSIGNED_CONTEXT ( ( #3414 ) ) GLOBAL_UNIT_ASSIGNED_CONTEXT ( ( #3732, #1429, #509 ) ) REPRESENTATION_CONTEXT ( 'NONE', 'WORKASPACE' ) );
#1461 = DIRECTION ( 'NONE',  ( 0.000000000000000000, 5.143305367816659412E-17, -1.000000000000000000 ) ) ;
#1462 = AXIS2_PLACEMENT_3D ( 'NONE', #3695, #2084, #885 ) ;
#1463 = EDGE_LOOP ( 'NONE', ( #3693, #1589, #3644, #2924, #2044, #458, #3003, #1735 ) ) ;
#1464 = CARTESIAN_POINT ( 'NONE',  ( -3.079750000000000210, 0.3047999999999999599, 3.956049999999999844 ) ) ;
#1465 = DIRECTION ( 'NONE',  ( 0.000000000000000000, 0.000000000000000000, -1.000000000000000000 ) ) ;
#1466 = CARTESIAN_POINT ( 'NONE',  ( 3.079750000000000210, 2.520950000000000024, -3.956049999999999844 ) ) ;
#1467 = DIRECTION ( 'NONE',  ( 1.000000000000000000, 0.000000000000000000, 0.000000000000000000 ) ) ;
#1468 = ORIENTED_EDGE ( 'NONE', *, *, #3587, .T. ) ;
#1469 = AXIS2_PLACEMENT_3D ( 'NONE', #1399, #2067, #2342 ) ;
#1470 = EDGE_LOOP ( 'NONE', ( #2620, #588, #3681, #3448 ) ) ;
#1471 = DIRECTION ( 'NONE',  ( 1.000000000000000000, 0.000000000000000000, 0.000000000000000000 ) ) ;
#1472 = ORIENTED_EDGE ( 'NONE', *, *, #3007, .F. ) ;
#1473 = CARTESIAN_POINT ( 'NONE',  ( 3.384549999999999947, -4.487044639735940043E-16, 3.663949999999999818 ) ) ;
#1474 = CARTESIAN_POINT ( 'NONE',  ( -4.940299999999999692, 3.003549999999999720, 3.301999999999999602 ) ) ;
#1475 = CARTESIAN_POINT ( 'NONE',  ( 4.940299999999999692, 3.003549999999999720, -3.301999999999999602 ) ) ;
#1476 = FACE_OUTER_BOUND ( 'NONE', #3235, .T. ) ;
#1477 = EDGE_CURVE ( 'NONE', #1002, #3988, #991, .T. ) ;
#1478 = EDGE_CURVE ( 'NONE', #2045, #2060, #2263, .T. ) ;
#1479 = CARTESIAN_POINT ( 'NONE',  ( -4.326680873994910748, 3.987799999999999567, -0.7366000000000000325 ) ) ;
#1480 = LINE ( 'NONE', #1098, #507 ) ;
#1481 = VERTEX_POINT ( 'NONE', #1051 ) ;
#1482 = LINE ( 'NONE', #3097, #3232 ) ;
#1483 = EDGE_CURVE ( 'NONE', #3981, #2724, #2241, .T. ) ;
#1484 = CARTESIAN_POINT ( 'NONE',  ( -3.079750000000000210, 3.003549999999999720, -3.301999999999999602 ) ) ;
#1485 = PLANE ( 'NONE',  #3445 ) ;
#1486 = VERTEX_POINT ( 'NONE', #24 ) ;
#1487 = CARTESIAN_POINT ( 'NONE',  ( 3.079750000000000210, 2.520950000000000024, -3.956049999999999844 ) ) ;
#1488 = DIRECTION ( 'NONE',  ( -1.000000000000000000, 0.000000000000000000, 0.000000000000000000 ) ) ;
#1489 = CARTESIAN_POINT ( 'NONE',  ( -4.038599999999999746, 2.520950000000000024, -3.473449999999999704 ) ) ;
#1490 = ORIENTED_EDGE ( 'NONE', *, *, #3174, .T. ) ;
#1491 = ORIENTED_EDGE ( 'NONE', *, *, #3298, .F. ) ;
#1492 = ORIENTED_EDGE ( 'NONE', *, *, #1701, .T. ) ;
#1493 = DIRECTION ( 'NONE',  ( 0.000000000000000000, -1.000000000000000000, 0.000000000000000000 ) ) ;
#1494 = LINE ( 'NONE', #2458, #3798 ) ;
#1495 = FACE_OUTER_BOUND ( 'NONE', #1330, .T. ) ;
#1496 = DIRECTION ( 'NONE',  ( -1.000000000000000000, 0.000000000000000000, 0.000000000000000000 ) ) ;
#1497 = VECTOR ( 'NONE', #3774, 1000.000000000000000 ) ;
#1498 = ORIENTED_EDGE ( 'NONE', *, *, #1173, .F. ) ;
#1499 = CYLINDRICAL_SURFACE ( 'NONE', #2960, 0.4826000000000001400 ) ;
#1500 = DIRECTION ( 'NONE',  ( 0.000000000000000000, 0.000000000000000000, 1.000000000000000000 ) ) ;
#1501 = ORIENTED_EDGE ( 'NONE', *, *, #942, .F. ) ;
#1502 = EDGE_CURVE ( 'NONE', #1061, #2961, #2013, .T. ) ;
#1503 = DIRECTION ( 'NONE',  ( -1.000000000000000000, 0.000000000000000000, 0.000000000000000000 ) ) ;
#1504 = EDGE_CURVE ( 'NONE', #2298, #2367, #3557, .T. ) ;
#1505 = CARTESIAN_POINT ( 'NONE',  ( 3.384549999999999947, -4.487044639735944974E-16, -3.663949999999999818 ) ) ;
#1506 = CARTESIAN_POINT ( 'NONE',  ( -2.000249999999999861, 2.520950000000000024, -3.473449999999999704 ) ) ;
#1507 = ORIENTED_EDGE ( 'NONE', *, *, #1121, .T. ) ;
#1508 = EDGE_CURVE ( 'NONE', #449, #548, #2657, .T. ) ;
#1509 = VECTOR ( 'NONE', #3761, 1000.000000000000000 ) ;
#1510 = EDGE_LOOP ( 'NONE', ( #3660, #2518, #2570, #1439 ) ) ;
#1511 = DIRECTION ( 'NONE',  ( -1.000000000000000000, 0.000000000000000000, 0.000000000000000000 ) ) ;
#1512 = LINE ( 'NONE', #1870, #1424 ) ;
#1513 = CARTESIAN_POINT ( 'NONE',  ( -1.041400000000000103, -4.064000000000000057, -3.663949999999999818 ) ) ;
#1514 = CARTESIAN_POINT ( 'NONE',  ( -0.5397500000000099440, -4.336808689942014778E-16, 3.956049999999999844 ) ) ;
#1515 = LINE ( 'NONE', #277, #3808 ) ;
#1516 = ORIENTED_EDGE ( 'NONE', *, *, #3806, .F. ) ;
#1517 = LINE ( 'NONE', #4090, #620 ) ;
#1518 =( NAMED_UNIT ( * ) PLANE_ANGLE_UNIT ( ) SI_UNIT ( $, .RADIAN. ) );
#1519 = VERTEX_POINT ( 'NONE', #335 ) ;
#1520 = LINE ( 'NONE', #3464, #2591 ) ;
#1521 = FACE_OUTER_BOUND ( 'NONE', #2674, .T. ) ;
#1522 = DIRECTION ( 'NONE',  ( 0.000000000000000000, -5.143305367816659412E-17, -1.000000000000000000 ) ) ;
#1523 = VECTOR ( 'NONE', #1973, 1000.000000000000114 ) ;
#1524 = EDGE_CURVE ( 'NONE', #3023, #194, #3239, .T. ) ;
#1525 = ADVANCED_FACE ( 'NONE', ( #44 ), #3000, .F. ) ;
#1526 = DIRECTION ( 'NONE',  ( 1.000000000000000000, 0.000000000000000000, 0.000000000000000000 ) ) ;
#1527 = ORIENTED_EDGE ( 'NONE', *, *, #4158, .T. ) ;
#1528 = ADVANCED_FACE ( 'NONE', ( #3366 ), #2415, .T. ) ;
#1529 = ORIENTED_EDGE ( 'NONE', *, *, #1034, .T. ) ;
#1530 = ORIENTED_EDGE ( 'NONE', *, *, #1758, .T. ) ;
#1531 = CARTESIAN_POINT ( 'NONE',  ( 1.498600000000000154, 2.711449999999999694, -3.301999999999999602 ) ) ;
#1532 = DIRECTION ( 'NONE',  ( 0.000000000000000000, 5.143305367816659412E-17, 1.000000000000000000 ) ) ;
#1533 = VECTOR ( 'NONE', #2563, 1000.000000000000000 ) ;
#1534 = LINE ( 'NONE', #2495, #1626 ) ;
#1535 = CARTESIAN_POINT ( 'NONE',  ( -2.000249999999999861, 0.3047999999999999599, -3.473449999999999704 ) ) ;
#1536 = DIRECTION ( 'NONE',  ( 0.000000000000000000, 1.317188039375246045E-16, -1.000000000000000000 ) ) ;
#1537 = EDGE_LOOP ( 'NONE', ( #1081, #2949, #2597, #1636, #4061, #3868, #1144, #3822 ) ) ;
#1538 = CARTESIAN_POINT ( 'NONE',  ( 4.038599999999999746, 2.520950000000000024, 3.473449999999999704 ) ) ;
#1539 = DIRECTION ( 'NONE',  ( -0.7071067811865485719, 0.7071067811865464625, 3.636866103296321415E-17 ) ) ;
#1540 = FILL_AREA_STYLE ('',( #180 ) ) ;
#1541 = LINE ( 'NONE', #958, #3390 ) ;
#1542 = ORIENTED_EDGE ( 'NONE', *, *, #2116, .F. ) ;
#1543 = DIRECTION ( 'NONE',  ( -1.000000000000000000, 0.000000000000000000, 0.000000000000000000 ) ) ;
#1544 = CARTESIAN_POINT ( 'NONE',  ( -1.041400000000000103, 2.520950000000000024, 3.663949999999999818 ) ) ;
#1545 = CARTESIAN_POINT ( 'NONE',  ( -0.5397500000000099440, 0.3047999999999999599, 3.663949999999999818 ) ) ;
#1546 = ORIENTED_EDGE ( 'NONE', *, *, #3612, .F. ) ;
#1547 = ADVANCED_FACE ( 'NONE', ( #1476 ), #2350, .F. ) ;
#1548 = EDGE_CURVE ( 'NONE', #2724, #3554, #463, .T. ) ;
#1549 = ORIENTED_EDGE ( 'NONE', *, *, #3716, .T. ) ;
#1550 = DIRECTION ( 'NONE',  ( 0.000000000000000000, 0.000000000000000000, -1.000000000000000000 ) ) ;
#1551 = CARTESIAN_POINT ( 'NONE',  ( -4.038599999999999746, 2.520950000000000024, 3.473449999999999704 ) ) ;
#1552 = EDGE_CURVE ( 'NONE', #99, #1056, #1075, .T. ) ;
#1553 = PLANE ( 'NONE',  #1364 ) ;
#1554 = FACE_OUTER_BOUND ( 'NONE', #3523, .T. ) ;
#1555 = ADVANCED_FACE ( 'NONE', ( #3641 ), #2098, .T. ) ;
#1556 = FACE_OUTER_BOUND ( 'NONE', #2210, .T. ) ;
#1557 = ORIENTED_EDGE ( 'NONE', *, *, #893, .F. ) ;
#1558 = CARTESIAN_POINT ( 'NONE',  ( -2.000249999999999861, 2.711449999999999694, 3.473449999999999704 ) ) ;
#1559 = VECTOR ( 'NONE', #3264, 1000.000000000000114 ) ;
#1560 = EDGE_CURVE ( 'NONE', #3843, #929, #4019, .T. ) ;
#1561 = DIRECTION ( 'NONE',  ( -0.1294283079955640126, 0.9831056027603600755, -0.1294283079955640126 ) ) ;
#1562 = CIRCLE ( 'NONE', #2894, 0.1905000000000001414 ) ;
#1563 = ORIENTED_EDGE ( 'NONE', *, *, #1036, .T. ) ;
#1564 = DIRECTION ( 'NONE',  ( 0.000000000000000000, 0.000000000000000000, -1.000000000000000000 ) ) ;
#1565 = CARTESIAN_POINT ( 'NONE',  ( 3.581400000000000361, 4.336808689942014778E-16, -3.663949999999999818 ) ) ;
#1566 = DIRECTION ( 'NONE',  ( 0.000000000000000000, -1.000000000000000000, -1.317188039375246045E-16 ) ) ;
#1567 = VECTOR ( 'NONE', #1511, 1000.000000000000000 ) ;
#1568 = CARTESIAN_POINT ( 'NONE',  ( 3.079750000000000210, 2.711449999999999694, 3.301999999999999602 ) ) ;
#1569 = ORIENTED_EDGE ( 'NONE', *, *, #949, .T. ) ;
#1570 = AXIS2_PLACEMENT_3D ( 'NONE', #2344, #3989, #2651 ) ;
#1571 = EDGE_LOOP ( 'NONE', ( #4097, #2203, #943, #2874, #734, #1256, #505, #644 ) ) ;
#1572 = AXIS2_PLACEMENT_3D ( 'NONE', #637, #2800, #2485 ) ;
#1573 = ORIENTED_EDGE ( 'NONE', *, *, #3559, .F. ) ;
#1574 = LINE ( 'NONE', #2857, #294 ) ;
#1575 = CIRCLE ( 'NONE', #1253, 0.4826000000000001400 ) ;
#1576 = VECTOR ( 'NONE', #3022, 1000.000000000000000 ) ;
#1577 = CARTESIAN_POINT ( 'NONE',  ( 3.079750000000000210, -4.487044639735940043E-16, -3.663949999999999818 ) ) ;
#1578 = EDGE_CURVE ( 'NONE', #2716, #3161, #3662, .T. ) ;
#1579 = EDGE_CURVE ( 'NONE', #353, #3762, #3998, .T. ) ;
#1580 = ORIENTED_EDGE ( 'NONE', *, *, #1724, .F. ) ;
#1581 = CARTESIAN_POINT ( 'NONE',  ( 1.498600000000000154, 3.003549999999999720, 3.473449999999999704 ) ) ;
#1582 = PLANE ( 'NONE',  #786 ) ;
#1583 = DIRECTION ( 'NONE',  ( 0.000000000000000000, 1.317188039375246045E-16, 1.000000000000000000 ) ) ;
#1584 = EDGE_CURVE ( 'NONE', #1921, #474, #126, .T. ) ;
#1585 = ORIENTED_EDGE ( 'NONE', *, *, #708, .T. ) ;
#1586 = PLANE ( 'NONE',  #1605 ) ;
#1587 = DIRECTION ( 'NONE',  ( 1.000000000000000000, 0.000000000000000000, 0.000000000000000000 ) ) ;
#1588 = CARTESIAN_POINT ( 'NONE',  ( -3.079750000000000210, 2.520950000000000024, 3.473449999999999704 ) ) ;
#1589 = ORIENTED_EDGE ( 'NONE', *, *, #11, .T. ) ;
#1590 = AXIS2_PLACEMENT_3D ( 'NONE', #3260, #693, #1632 ) ;
#1591 = VECTOR ( 'NONE', #2328, 1000.000000000000000 ) ;
#1592 = AXIS2_PLACEMENT_3D ( 'NONE', #1801, #1488, #1860 ) ;
#1593 = FACE_OUTER_BOUND ( 'NONE', #2327, .T. ) ;
#1594 = LINE ( 'NONE', #3553, #1373 ) ;
#1595 = AXIS2_PLACEMENT_3D ( 'NONE', #679, #2873, #947 ) ;
#1596 = ORIENTED_EDGE ( 'NONE', *, *, #2550, .F. ) ;
#1597 = PRODUCT_DEFINITION_SHAPE ( 'NONE', 'NONE',  #1976 ) ;
#1598 = DIRECTION ( 'NONE',  ( 0.000000000000000000, 5.143305367816659412E-17, -1.000000000000000000 ) ) ;
#1599 = PLANE ( 'NONE',  #379 ) ;
#1600 = EDGE_CURVE ( 'NONE', #3223, #3023, #2751, .T. ) ;
#1601 = EDGE_CURVE ( 'NONE', #3698, #1403, #1790, .T. ) ;
#1602 = CARTESIAN_POINT ( 'NONE',  ( 3.384549999999999947, -4.336808689942014778E-16, -3.956049999999999844 ) ) ;
#1603 = VERTEX_POINT ( 'NONE', #1118 ) ;
#1604 = LINE ( 'NONE', #3626, #2158 ) ;
#1605 = AXIS2_PLACEMENT_3D ( 'NONE', #1294, #3506, #922 ) ;
#1606 = EDGE_CURVE ( 'NONE', #1394, #2141, #1164, .T. ) ;
#1607 = DIRECTION ( 'NONE',  ( 0.000000000000000000, -1.000000000000000000, 0.000000000000000000 ) ) ;
#1608 = VERTEX_POINT ( 'NONE', #3683 ) ;
#1609 = CARTESIAN_POINT ( 'NONE',  ( -0.8445500000000120133, -4.336808689942014778E-16, -3.956049999999999844 ) ) ;
#1610 = VERTEX_POINT ( 'NONE', #197 ) ;
#1611 = DIRECTION ( 'NONE',  ( 0.000000000000000000, 0.000000000000000000, 1.000000000000000000 ) ) ;
#1612 = VERTEX_POINT ( 'NONE', #3956 ) ;
#1613 = CARTESIAN_POINT ( 'NONE',  ( -4.038599999999999746, 2.711449999999999694, -3.301999999999999602 ) ) ;
#1614 = LINE ( 'NONE', #2503, #3750 ) ;
#1615 = CARTESIAN_POINT ( 'NONE',  ( -4.940299999999999692, 5.334000000000000519, 2.995190436997455130 ) ) ;
#1616 = CARTESIAN_POINT ( 'NONE',  ( 4.940299999999999692, 0.3810000000000000053, 2.995190436997455130 ) ) ;
#1617 = VECTOR ( 'NONE', #742, 1000.000000000000114 ) ;
#1618 = ORIENTED_EDGE ( 'NONE', *, *, #2475, .T. ) ;
#1619 = CARTESIAN_POINT ( 'NONE',  ( -1.041400000000000103, -4.064000000000000057, -3.663949999999999818 ) ) ;
#1620 = AXIS2_PLACEMENT_3D ( 'NONE', #1551, #1826, #252 ) ;
#1621 = DIRECTION ( 'NONE',  ( 1.000000000000000000, 0.000000000000000000, 0.000000000000000000 ) ) ;
#1622 = EDGE_CURVE ( 'NONE', #1979, #1060, #803, .T. ) ;
#1623 = VERTEX_POINT ( 'NONE', #1141 ) ;
#1624 = VECTOR ( 'NONE', #3156, 1000.000000000000114 ) ;
#1625 = DIRECTION ( 'NONE',  ( 0.000000000000000000, 0.000000000000000000, -1.000000000000000000 ) ) ;
#1626 = VECTOR ( 'NONE', #851, 1000.000000000000114 ) ;
#1627 = DIRECTION ( 'NONE',  ( -1.000000000000000000, 0.000000000000000000, 0.000000000000000000 ) ) ;
#1628 = VERTEX_POINT ( 'NONE', #2099 ) ;
#1629 = PLANE ( 'NONE',  #845 ) ;
#1630 = ORIENTED_EDGE ( 'NONE', *, *, #1260, .T. ) ;
#1631 = SURFACE_STYLE_USAGE ( .BOTH. , #3537 ) ;
#1632 = DIRECTION ( 'NONE',  ( 1.000000000000000000, 0.000000000000000000, 0.000000000000000000 ) ) ;
#1633 = MECHANICAL_DESIGN_GEOMETRIC_PRESENTATION_REPRESENTATION (  '', ( #2628 ), #2512 ) ;
#1634 = VECTOR ( 'NONE', #538, 1000.000000000000114 ) ;
#1635 = DIRECTION ( 'NONE',  ( 1.000000000000000000, 0.000000000000000000, -6.144902299373339843E-16 ) ) ;
#1636 = ORIENTED_EDGE ( 'NONE', *, *, #1600, .T. ) ;
#1637 = FACE_OUTER_BOUND ( 'NONE', #350, .T. ) ;
#1638 = FACE_OUTER_BOUND ( 'NONE', #1231, .T. ) ;
#1639 = ORIENTED_EDGE ( 'NONE', *, *, #271, .T. ) ;
#1640 = EDGE_LOOP ( 'NONE', ( #2346, #1468, #955, #2616, #1530, #1941, #476, #3055 ) ) ;
#1641 = EDGE_CURVE ( 'NONE', #2625, #1623, #2731, .T. ) ;
#1642 = EDGE_CURVE ( 'NONE', #1083, #3608, #464, .T. ) ;
#1643 = FACE_OUTER_BOUND ( 'NONE', #1470, .T. ) ;
#1644 = ORIENTED_EDGE ( 'NONE', *, *, #3828, .F. ) ;
#1645 = AXIS2_PLACEMENT_3D ( 'NONE', #3936, #3222, #46 ) ;
#1646 = MECHANICAL_DESIGN_GEOMETRIC_PRESENTATION_REPRESENTATION (  '', ( #2921 ), #1460 ) ;
#1647 = CARTESIAN_POINT ( 'NONE',  ( -4.038599999999999746, 3.003549999999999720, 3.301999999999999602 ) ) ;
#1648 = EDGE_CURVE ( 'NONE', #2888, #3291, #199, .T. ) ;
#1649 = VECTOR ( 'NONE', #462, 1000.000000000000000 ) ;
#1650 = ORIENTED_EDGE ( 'NONE', *, *, #2450, .T. ) ;
#1651 = LINE ( 'NONE', #2608, #2110 ) ;
#1652 = ORIENTED_EDGE ( 'NONE', *, *, #3246, .T. ) ;
#1653 = CARTESIAN_POINT ( 'NONE',  ( -4.326680873994910748, 3.987799999999999567, 0.7366000000000000325 ) ) ;
#1654 = LINE ( 'NONE', #1384, #3939 ) ;
#1655 = AXIS2_PLACEMENT_3D ( 'NONE', #1016, #1980, #1887 ) ;
#1656 = CARTESIAN_POINT ( 'NONE',  ( 1.498600000000000154, -4.064000000000000057, -3.663949999999999818 ) ) ;
#1657 = DIRECTION ( 'NONE',  ( 0.000000000000000000, 1.317188039375246045E-16, -1.000000000000000000 ) ) ;
#1658 = ORIENTED_EDGE ( 'NONE', *, *, #753, .F. ) ;
#1659 = LINE ( 'NONE', #2943, #682 ) ;
#1660 = VECTOR ( 'NONE', #2850, 1000.000000000000000 ) ;
#1661 = DIRECTION ( 'NONE',  ( 0.7071067811865475727, -0.7071067811865475727, -3.636866103296330043E-17 ) ) ;
#1662 = ORIENTED_EDGE ( 'NONE', *, *, #1477, .F. ) ;
#1663 = PLANE ( 'NONE',  #2055 ) ;
#1664 = DIRECTION ( 'NONE',  ( 0.000000000000000000, 5.143305367816659412E-17, -1.000000000000000000 ) ) ;
#1665 = VERTEX_POINT ( 'NONE', #3001 ) ;
#1666 = EDGE_LOOP ( 'NONE', ( #1956, #1127, #181, #3447 ) ) ;
#1667 = EDGE_CURVE ( 'NONE', #436, #3793, #1455, .T. ) ;
#1668 = DIRECTION ( 'NONE',  ( 0.7071067811865465735, -0.7071067811865485719, 9.313925947400503246E-17 ) ) ;
#1669 = VERTEX_POINT ( 'NONE', #3958 ) ;
#1670 = DIRECTION ( 'NONE',  ( -1.000000000000000000, 0.000000000000000000, 0.000000000000000000 ) ) ;
#1671 = ADVANCED_FACE ( 'NONE', ( #4023 ), #1792, .F. ) ;
#1672 = EDGE_CURVE ( 'NONE', #842, #1246, #1119, .T. ) ;
#1673 = ORIENTED_EDGE ( 'NONE', *, *, #754, .T. ) ;
#1674 = DIRECTION ( 'NONE',  ( 0.000000000000000000, 5.143305367816659412E-17, -1.000000000000000000 ) ) ;
#1675 = LINE ( 'NONE', #2634, #2582 ) ;
#1676 = DIRECTION ( 'NONE',  ( -1.000000000000000000, 0.000000000000000000, 0.000000000000000000 ) ) ;
#1677 = PRODUCT_DEFINITION_CONTEXT ( 'detailed design', #2682, 'design' ) ;
#1678 = PLANE ( 'NONE',  #2236 ) ;
#1679 = EDGE_CURVE ( 'NONE', #2189, #822, #3643, .T. ) ;
#1680 = ORIENTED_EDGE ( 'NONE', *, *, #1327, .T. ) ;
#1681 = LINE ( 'NONE', #2982, #1421 ) ;
#1682 = SURFACE_SIDE_STYLE ('',( #3330 ) ) ;
#1683 = VERTEX_POINT ( 'NONE', #1143 ) ;
#1684 = ORIENTED_EDGE ( 'NONE', *, *, #1121, .F. ) ;
#1685 = AXIS2_PLACEMENT_3D ( 'NONE', #4109, #2190, #2776 ) ;
#1686 = DIRECTION ( 'NONE',  ( 0.000000000000000000, 0.000000000000000000, 1.000000000000000000 ) ) ;
#1687 = ORIENTED_EDGE ( 'NONE', *, *, #3198, .F. ) ;
#1689 =( GEOMETRIC_REPRESENTATION_CONTEXT ( 3 ) GLOBAL_UNCERTAINTY_ASSIGNED_CONTEXT ( ( #1142 ) ) GLOBAL_UNIT_ASSIGNED_CONTEXT ( ( #266, #1240, #2532 ) ) REPRESENTATION_CONTEXT ( 'NONE', 'WORKASPACE' ) );
#1688 = CARTESIAN_POINT ( 'NONE',  ( -3.581400000000000361, -4.064000000000000057, 3.663949999999999818 ) ) ;
#1690 = ORIENTED_EDGE ( 'NONE', *, *, #761, .T. ) ;
#1691 = LINE ( 'NONE', #4013, #3809 ) ;
#1692 = CLOSED_SHELL ( 'NONE', ( #866, #4021, #867, #3517, #1008, #2831, #3197, #3323, #815, #1096, #1908, #1528, #3512, #4098, #2592, #2618 ) ) ;
#1693 = ORIENTED_EDGE ( 'NONE', *, *, #2864, .F. ) ;
#1694 = LINE ( 'NONE', #479, #28 ) ;
#1695 = ORIENTED_EDGE ( 'NONE', *, *, #2763, .F. ) ;
#1696 = CARTESIAN_POINT ( 'NONE',  ( 0.000000000000000000, 5.334000000000000519, 0.7366000000000000325 ) ) ;
#1697 = LINE ( 'NONE', #2999, #3605 ) ;
#1698 = VECTOR ( 'NONE', #2274, 1000.000000000000000 ) ;
#1699 = CARTESIAN_POINT ( 'NONE',  ( 4.540250000000000341, -4.336808689942014778E-16, -3.956049999999999844 ) ) ;
#1700 = EDGE_CURVE ( 'NONE', #359, #548, #1480, .T. ) ;
#1701 = EDGE_CURVE ( 'NONE', #1831, #889, #127, .T. ) ;
#1702 = DIRECTION ( 'NONE',  ( -1.000000000000000000, 0.000000000000000000, 0.000000000000000000 ) ) ;
#1703 = VECTOR ( 'NONE', #2151, 1000.000000000000000 ) ;
#1704 = ORIENTED_EDGE ( 'NONE', *, *, #2884, .T. ) ;
#1705 = CARTESIAN_POINT ( 'NONE',  ( -2.000249999999999861, 3.003549999999999720, 3.301999999999999602 ) ) ;
#1706 = EDGE_CURVE ( 'NONE', #359, #1091, #2753, .T. ) ;
#1707 = AXIS2_PLACEMENT_3D ( 'NONE', #1308, #1345, #3283 ) ;
#1708 = ORIENTED_EDGE ( 'NONE', *, *, #1648, .T. ) ;
#1709 = EDGE_LOOP ( 'NONE', ( #596, #3779, #532, #1093 ) ) ;
#1710 = DIRECTION ( 'NONE',  ( 0.7071067811865485719, 0.7071067811865464625, -3.636866103296324497E-17 ) ) ;
#1711 = ORIENTED_EDGE ( 'NONE', *, *, #3531, .F. ) ;
#1712 = CARTESIAN_POINT ( 'NONE',  ( 2.000249999999999861, 0.3047999999999999599, -3.663949999999999818 ) ) ;
#1713 = VERTEX_POINT ( 'NONE', #2034 ) ;
#1714 = LINE ( 'NONE', #2993, #4136 ) ;
#1715 = VERTEX_POINT ( 'NONE', #2125 ) ;
#1716 = DIRECTION ( 'NONE',  ( 0.000000000000000000, 0.000000000000000000, -1.000000000000000000 ) ) ;
#1717 = VERTEX_POINT ( 'NONE', #148 ) ;
#1718 = DIRECTION ( 'NONE',  ( 1.000000000000000000, 0.000000000000000000, 0.000000000000000000 ) ) ;
#1719 = DIRECTION ( 'NONE',  ( 0.000000000000000000, 1.000000000000000000, 6.881229203184539713E-16 ) ) ;
#1720 = DIRECTION ( 'NONE',  ( 0.000000000000000000, 0.000000000000000000, 1.000000000000000000 ) ) ;
#1721 = VECTOR ( 'NONE', #2521, 1000.000000000000000 ) ;
#1722 = AXIS2_PLACEMENT_3D ( 'NONE', #124, #1718, #1073 ) ;
#1723 = ORIENTED_EDGE ( 'NONE', *, *, #530, .T. ) ;
#1724 = EDGE_CURVE ( 'NONE', #1824, #1045, #3415, .T. ) ;
#1725 = CARTESIAN_POINT ( 'NONE',  ( -3.581400000000000361, -4.064000000000000057, -3.956049999999999844 ) ) ;
#1726 = EDGE_CURVE ( 'NONE', #3762, #2854, #2351, .T. ) ;
#1727 = CARTESIAN_POINT ( 'NONE',  ( -4.540250000000000341, -4.487044639735940043E-16, -3.663949999999999818 ) ) ;
#1728 =( LENGTH_UNIT ( ) NAMED_UNIT ( * ) SI_UNIT ( .MILLI., .METRE. ) );
#1729 = EDGE_LOOP ( 'NONE', ( #498, #3154, #1639, #1687 ) ) ;
#1730 = VECTOR ( 'NONE', #1243, 1000.000000000000000 ) ;
#1731 = DIRECTION ( 'NONE',  ( 0.000000000000000000, 0.000000000000000000, -1.000000000000000000 ) ) ;
#1732 = EDGE_CURVE ( 'NONE', #1045, #3745, #3735, .T. ) ;
#1733 = CARTESIAN_POINT ( 'NONE',  ( 2.000249999999999861, -4.487044639735940043E-16, -3.663949999999999818 ) ) ;
#1734 = SURFACE_SIDE_STYLE ('',( #1851 ) ) ;
#1735 = ORIENTED_EDGE ( 'NONE', *, *, #3756, .F. ) ;
#1736 = FACE_OUTER_BOUND ( 'NONE', #3369, .T. ) ;
#1737 = EDGE_LOOP ( 'NONE', ( #1886, #3309, #4011, #3907 ) ) ;
#1738 = CARTESIAN_POINT ( 'NONE',  ( 2.000249999999999861, 0.3047999999999999599, 3.956049999999999844 ) ) ;
#1739 = EDGE_LOOP ( 'NONE', ( #1115, #1290, #2244, #3210 ) ) ;
#1740 = DIRECTION ( 'NONE',  ( -1.000000000000000000, 0.000000000000000000, 0.000000000000000000 ) ) ;
#1741 = CARTESIAN_POINT ( 'NONE',  ( 4.940299999999999692, 3.003549999999999720, -3.301999999999999602 ) ) ;
#1742 = DIRECTION ( 'NONE',  ( 0.000000000000000000, 5.143305367816659412E-17, -1.000000000000000000 ) ) ;
#1743 = ORIENTED_EDGE ( 'NONE', *, *, #2453, .F. ) ;
#1744 = DIRECTION ( 'NONE',  ( 0.000000000000000000, 5.143305367816659412E-17, -1.000000000000000000 ) ) ;
#1745 = DIRECTION ( 'NONE',  ( -1.000000000000000000, 0.000000000000000000, 6.144902299373339843E-16 ) ) ;
#1746 = CARTESIAN_POINT ( 'NONE',  ( 0.000000000000000000, 0.000000000000000000, 0.000000000000000000 ) ) ;
#1747 = ORIENTED_EDGE ( 'NONE', *, *, #3659, .T. ) ;
#1748 = FACE_OUTER_BOUND ( 'NONE', #1866, .T. ) ;
#1749 = DIRECTION ( 'NONE',  ( 1.000000000000000000, 0.000000000000000000, 0.000000000000000000 ) ) ;
#1750 = CARTESIAN_POINT ( 'NONE',  ( -3.079750000000000210, 2.711449999999999694, 3.473449999999999704 ) ) ;
#1751 = ADVANCED_FACE ( 'NONE', ( #3049 ), #1076, .T. ) ;
#1752 = EDGE_CURVE ( 'NONE', #2851, #1286, #3095, .T. ) ;
#1753 = ORIENTED_EDGE ( 'NONE', *, *, #2366, .F. ) ;
#1754 = CARTESIAN_POINT ( 'NONE',  ( -1.041400000000000103, 2.520950000000000024, -3.956049999999999844 ) ) ;
#1755 = ORIENTED_EDGE ( 'NONE', *, *, #2984, .F. ) ;
#1756 = CIRCLE ( 'NONE', #2829, 0.4826000000000001400 ) ;
#1757 = LINE ( 'NONE', #3036, #3039 ) ;
#1758 = EDGE_CURVE ( 'NONE', #3565, #1246, #760, .T. ) ;
#1759 = ORIENTED_EDGE ( 'NONE', *, *, #3459, .T. ) ;
#1760 = LINE ( 'NONE', #1404, #1248 ) ;
#1761 = ORIENTED_EDGE ( 'NONE', *, *, #4106, .T. ) ;
#1762 = AXIS2_PLACEMENT_3D ( 'NONE', #3567, #1710, #683 ) ;
#1763 =( NAMED_UNIT ( * ) SI_UNIT ( $, .STERADIAN. ) SOLID_ANGLE_UNIT ( ) );
#1764 = DIRECTION ( 'NONE',  ( 0.000000000000000000, -1.000000000000000000, 0.000000000000000000 ) ) ;
#1765 = DIRECTION ( 'NONE',  ( 0.000000000000000000, -1.995235157039925019E-15, -1.000000000000000000 ) ) ;
#1766 = CARTESIAN_POINT ( 'NONE',  ( 0.5397499999999899600, 3.003549999999999720, -3.301999999999999602 ) ) ;
#1767 = VERTEX_POINT ( 'NONE', #2482 ) ;
#1768 = VECTOR ( 'NONE', #1021, 1000.000000000000000 ) ;
#1769 = CARTESIAN_POINT ( 'NONE',  ( -1.041400000000000103, 2.520950000000000024, 3.473449999999999704 ) ) ;
#1770 = FACE_OUTER_BOUND ( 'NONE', #691, .T. ) ;
#1771 = AXIS2_PLACEMENT_3D ( 'NONE', #2442, #2466, #2039 ) ;
#1772 = DIRECTION ( 'NONE',  ( 0.000000000000000000, -1.000000000000000000, 1.317188039375246045E-16 ) ) ;
#1773 = ORIENTED_EDGE ( 'NONE', *, *, #270, .T. ) ;
#1774 = CARTESIAN_POINT ( 'NONE',  ( -2.000249999999999861, 2.520950000000000024, 3.956049999999999844 ) ) ;
#1775 = CARTESIAN_POINT ( 'NONE',  ( 3.384549999999999947, -4.487044639735940043E-16, -3.663949999999999818 ) ) ;
#1776 = VECTOR ( 'NONE', #236, 1000.000000000000000 ) ;
#1777 = VECTOR ( 'NONE', #2371, 1000.000000000000000 ) ;
#1778 = LINE ( 'NONE', #3058, #2292 ) ;
#1779 = ORIENTED_EDGE ( 'NONE', *, *, #2642, .F. ) ;
#1780 = EDGE_CURVE ( 'NONE', #1858, #1608, #2188, .T. ) ;
#1781 = CARTESIAN_POINT ( 'NONE',  ( -0.5397500000000099440, 2.520950000000000024, -3.956049999999999844 ) ) ;
#1782 = EDGE_CURVE ( 'NONE', #3165, #3710, #2447, .T. ) ;
#1783 = VERTEX_POINT ( 'NONE', #3777 ) ;
#1784 = DIRECTION ( 'NONE',  ( 0.000000000000000000, 0.000000000000000000, -1.000000000000000000 ) ) ;
#1785 = ORIENTED_EDGE ( 'NONE', *, *, #1885, .F. ) ;
#1786 = PLANE ( 'NONE',  #3034 ) ;
#1787 = CARTESIAN_POINT ( 'NONE',  ( -4.038599999999999746, 2.520950000000000024, 3.956049999999999844 ) ) ;
#1788 = DIRECTION ( 'NONE',  ( -1.000000000000000000, 0.000000000000000000, 0.000000000000000000 ) ) ;
#1789 = EDGE_CURVE ( 'NONE', #3291, #3280, #1515, .T. ) ;
#1790 = LINE ( 'NONE', #146, #2911 ) ;
#1791 = CARTESIAN_POINT ( 'NONE',  ( 4.038599999999999746, 2.711449999999999694, -3.473449999999999704 ) ) ;
#1792 = PLANE ( 'NONE',  #3529 ) ;
#1793 = ORIENTED_EDGE ( 'NONE', *, *, #38, .T. ) ;
#1794 = AXIS2_PLACEMENT_3D ( 'NONE', #3072, #1163, #852 ) ;
#1795 = CARTESIAN_POINT ( 'NONE',  ( -4.940299999999999692, 3.987799999999999567, 0.7366000000000000325 ) ) ;
#1796 = VECTOR ( 'NONE', #3162, 1000.000000000000000 ) ;
#1797 = SURFACE_STYLE_USAGE ( .BOTH. , #517 ) ;
#1798 = AXIS2_PLACEMENT_3D ( 'NONE', #1544, #2825, #1566 ) ;
#1799 = ORIENTED_EDGE ( 'NONE', *, *, #1548, .F. ) ;
#1800 = DIRECTION ( 'NONE',  ( 0.000000000000000000, -1.000000000000000000, 0.000000000000000000 ) ) ;
#1801 = CARTESIAN_POINT ( 'NONE',  ( 1.498600000000000154, 2.520950000000000024, 3.473449999999999704 ) ) ;
#1802 = LINE ( 'NONE', #838, #1957 ) ;
#1803 = DIRECTION ( 'NONE',  ( 1.000000000000000000, 0.000000000000000000, 0.000000000000000000 ) ) ;
#1804 = VERTEX_POINT ( 'NONE', #1912 ) ;
#1805 = VECTOR ( 'NONE', #1059, 1000.000000000000000 ) ;
#1806 = VERTEX_POINT ( 'NONE', #595 ) ;
#1807 = CARTESIAN_POINT ( 'NONE',  ( -2.000249999999999861, 0.3047999999999999599, 3.956049999999999844 ) ) ;
#1808 = EDGE_LOOP ( 'NONE', ( #1427, #795, #2878, #58 ) ) ;
#1809 = CARTESIAN_POINT ( 'NONE',  ( -2.000249999999999861, -4.487044639735940043E-16, 3.663949999999999818 ) ) ;
#1810 = DIRECTION ( 'NONE',  ( 0.000000000000000000, 0.000000000000000000, 1.000000000000000000 ) ) ;
#1811 = LINE ( 'NONE', #2051, #2462 ) ;
#1812 = CARTESIAN_POINT ( 'NONE',  ( -0.5397500000000099440, 0.3047999999999999599, -3.663949999999999818 ) ) ;
#1813 = ADVANCED_FACE ( 'NONE', ( #1875 ), #4067, .F. ) ;
#1814 = EDGE_CURVE ( 'NONE', #515, #3981, #2498, .T. ) ;
#1815 = VERTEX_POINT ( 'NONE', #2859 ) ;
#1816 = DIRECTION ( 'NONE',  ( 0.000000000000000000, 5.143305367816659412E-17, -1.000000000000000000 ) ) ;
#1817 = DIRECTION ( 'NONE',  ( 0.000000000000000000, 5.143305367816659412E-17, -1.000000000000000000 ) ) ;
#1818 = EDGE_CURVE ( 'NONE', #78, #1519, #3160, .T. ) ;
#1819 = ORIENTED_EDGE ( 'NONE', *, *, #3558, .F. ) ;
#1820 = LINE ( 'NONE', #2740, #3338 ) ;
#1821 = DIRECTION ( 'NONE',  ( 0.000000000000000000, -1.000000000000000000, 0.000000000000000000 ) ) ;
#1822 = EDGE_LOOP ( 'NONE', ( #1585, #1138, #3263, #3444 ) ) ;
#1823 = AXIS2_PLACEMENT_3D ( 'NONE', #1281, #1839, #2824 ) ;
#1824 = VERTEX_POINT ( 'NONE', #573 ) ;
#1825 = FACE_OUTER_BOUND ( 'NONE', #1048, .T. ) ;
#1826 = DIRECTION ( 'NONE',  ( 1.000000000000000000, 0.000000000000000000, 0.000000000000000000 ) ) ;
#1827 = DIRECTION ( 'NONE',  ( 0.000000000000000000, 0.000000000000000000, -1.000000000000000000 ) ) ;
#1828 = DIRECTION ( 'NONE',  ( 0.000000000000000000, -1.317188039375246045E-16, -1.000000000000000000 ) ) ;
#1829 = PLANE ( 'NONE',  #2308 ) ;
#1830 = PRESENTATION_LAYER_ASSIGNMENT (  '', '', ( #3646 ) ) ;
#1831 = VERTEX_POINT ( 'NONE', #2522 ) ;
#1832 = DIRECTION ( 'NONE',  ( -1.000000000000000000, 0.000000000000000000, 0.000000000000000000 ) ) ;
#1833 = EDGE_CURVE ( 'NONE', #775, #755, #954, .T. ) ;
#1834 = EDGE_CURVE ( 'NONE', #4014, #1979, #4107, .T. ) ;
#1835 = FILL_AREA_STYLE_COLOUR ( '', #3236 ) ;
#1836 = FACE_OUTER_BOUND ( 'NONE', #3789, .T. ) ;
#1837 = VECTOR ( 'NONE', #1963, 1000.000000000000000 ) ;
#1838 = ORIENTED_EDGE ( 'NONE', *, *, #445, .F. ) ;
#1839 = DIRECTION ( 'NONE',  ( 1.000000000000000000, 0.000000000000000000, 0.000000000000000000 ) ) ;
#1840 = DIRECTION ( 'NONE',  ( 2.626776916984869807E-16, 0.000000000000000000, 1.000000000000000000 ) ) ;
#1841 = ADVANCED_FACE ( 'NONE', ( #1556 ), #1212, .F. ) ;
#1842 = DIRECTION ( 'NONE',  ( 1.000000000000000000, 0.000000000000000000, 0.000000000000000000 ) ) ;
#1843 = VERTEX_POINT ( 'NONE', #2795 ) ;
#1844 = VECTOR ( 'NONE', #649, 1000.000000000000000 ) ;
#1845 = ORIENTED_EDGE ( 'NONE', *, *, #3378, .T. ) ;
#1846 = ORIENTED_EDGE ( 'NONE', *, *, #3582, .T. ) ;
#1847 = DIRECTION ( 'NONE',  ( 0.000000000000000000, 5.143305367816659412E-17, -1.000000000000000000 ) ) ;
#1848 = FACE_OUTER_BOUND ( 'NONE', #2914, .T. ) ;
#1849 = CARTESIAN_POINT ( 'NONE',  ( 0.5397499999999899600, 2.711449999999999694, 3.301999999999999602 ) ) ;
#1850 = CARTESIAN_POINT ( 'NONE',  ( 2.000249999999999861, 2.711449999999999694, 3.301999999999999602 ) ) ;
#1851 = SURFACE_STYLE_FILL_AREA ( #1540 ) ;
#1852 = DIRECTION ( 'NONE',  ( 0.000000000000000000, -1.000000000000000000, 0.000000000000000000 ) ) ;
#1853 = ORIENTED_EDGE ( 'NONE', *, *, #320, .F. ) ;
#1854 = DIRECTION ( 'NONE',  ( 0.000000000000000000, 1.000000000000000000, 1.317188039375246045E-16 ) ) ;
#1855 = CARTESIAN_POINT ( 'NONE',  ( -4.038599999999999746, 2.520950000000000024, 3.956049999999999844 ) ) ;
#1856 = VECTOR ( 'NONE', #1343, 1000.000000000000000 ) ;
#1857 = ADVANCED_FACE ( 'NONE', ( #3500 ), #1255, .F. ) ;
#1858 = VERTEX_POINT ( 'NONE', #4088 ) ;
#1859 = CARTESIAN_POINT ( 'NONE',  ( -4.038599999999999746, 3.003549999999999720, -3.301999999999999602 ) ) ;
#1860 = DIRECTION ( 'NONE',  ( 0.000000000000000000, 0.000000000000000000, 1.000000000000000000 ) ) ;
#1861 = AXIS2_PLACEMENT_3D ( 'NONE', #3803, #1276, #2228 ) ;
#1862 = DIRECTION ( 'NONE',  ( 0.000000000000000000, 0.000000000000000000, 1.000000000000000000 ) ) ;
#1863 = EDGE_CURVE ( 'NONE', #392, #455, #1575, .T. ) ;
#1864 = ADVANCED_FACE ( 'NONE', ( #612 ), #1891, .T. ) ;
#1865 = VERTEX_POINT ( 'NONE', #1273 ) ;
#1866 = EDGE_LOOP ( 'NONE', ( #2115, #1293, #1918, #2407 ) ) ;
#1867 = EDGE_CURVE ( 'NONE', #3793, #3565, #3134, .T. ) ;
#1868 = ORIENTED_EDGE ( 'NONE', *, *, #3963, .T. ) ;
#1869 = CARTESIAN_POINT ( 'NONE',  ( -3.581400000000000361, -4.064000000000000057, 3.663949999999999818 ) ) ;
#1870 = CARTESIAN_POINT ( 'NONE',  ( 3.079750000000000210, -4.487044639735940043E-16, 3.663949999999999818 ) ) ;
#1871 = CIRCLE ( 'NONE', #3489, 0.1905000000000001414 ) ;
#1872 = CARTESIAN_POINT ( 'NONE',  ( -2.000249999999999861, 2.711449999999999694, 3.301999999999999602 ) ) ;
#1873 = LINE ( 'NONE', #3132, #1721 ) ;
#1874 = CIRCLE ( 'NONE', #2935, 0.1905000000000001414 ) ;
#1875 = FACE_OUTER_BOUND ( 'NONE', #408, .T. ) ;
#1876 = VERTEX_POINT ( 'NONE', #3757 ) ;
#1877 = DIRECTION ( 'NONE',  ( 0.000000000000000000, 0.000000000000000000, 1.000000000000000000 ) ) ;
#1878 = DIRECTION ( 'NONE',  ( 0.000000000000000000, 1.000000000000000000, -1.317188039375246045E-16 ) ) ;
#1879 = ORIENTED_EDGE ( 'NONE', *, *, #2340, .F. ) ;
#1880 = FACE_OUTER_BOUND ( 'NONE', #1571, .T. ) ;
#1881 = CARTESIAN_POINT ( 'NONE',  ( -0.8445500000000120133, -4.487044639735940043E-16, 3.663949999999999818 ) ) ;
#1882 = LINE ( 'NONE', #1545, #4024 ) ;
#1883 = ORIENTED_EDGE ( 'NONE', *, *, #1937, .T. ) ;
#1884 = ADVANCED_FACE ( 'NONE', ( #631 ), #1829, .T. ) ;
#1885 = EDGE_CURVE ( 'NONE', #474, #1486, #77, .T. ) ;
#1886 = ORIENTED_EDGE ( 'NONE', *, *, #3836, .F. ) ;
#1887 = DIRECTION ( 'NONE',  ( 1.000000000000000000, 0.000000000000000000, 0.000000000000000000 ) ) ;
#1888 = SURFACE_SIDE_STYLE ('',( #1250 ) ) ;
#1889 = DIRECTION ( 'NONE',  ( -1.000000000000000000, 0.000000000000000000, 0.000000000000000000 ) ) ;
#1890 = EDGE_CURVE ( 'NONE', #1843, #398, #986, .T. ) ;
#1891 = CYLINDRICAL_SURFACE ( 'NONE', #165, 0.4826000000000001400 ) ;
#1892 = ORIENTED_EDGE ( 'NONE', *, *, #554, .T. ) ;
#1893 = CARTESIAN_POINT ( 'NONE',  ( 3.079750000000000210, 2.520950000000000024, 3.956049999999999844 ) ) ;
#1894 = VECTOR ( 'NONE', #1370, 1000.000000000000000 ) ;
#1895 = CARTESIAN_POINT ( 'NONE',  ( 4.540250000000000341, -4.487044639735940043E-16, -3.663949999999999818 ) ) ;
#1896 = CARTESIAN_POINT ( 'NONE',  ( -1.041400000000000103, 2.520950000000000024, -3.956049999999999844 ) ) ;
#1897 = COLOUR_RGB ( '',0.7960784313725489669, 0.8235294117647058432, 0.9372549019607843146 ) ;
#1898 = ORIENTED_EDGE ( 'NONE', *, *, #1679, .F. ) ;
#1899 = FACE_OUTER_BOUND ( 'NONE', #1186, .T. ) ;
#1900 = LINE ( 'NONE', #3764, #1090 ) ;
#1901 = LINE ( 'NONE', #2805, #2871 ) ;
#1902 = VECTOR ( 'NONE', #1664, 1000.000000000000000 ) ;
#1903 = DIRECTION ( 'NONE',  ( 0.000000000000000000, 0.000000000000000000, 1.000000000000000000 ) ) ;
#1904 = ORIENTED_EDGE ( 'NONE', *, *, #3485, .T. ) ;
#1905 = VECTOR ( 'NONE', #2238, 1000.000000000000000 ) ;
#1906 = VECTOR ( 'NONE', #4048, 1000.000000000000000 ) ;
#1907 = EDGE_CURVE ( 'NONE', #2985, #3107, #397, .T. ) ;
#1908 = ADVANCED_FACE ( 'NONE', ( #40 ), #1943, .F. ) ;
#1909 = DIRECTION ( 'NONE',  ( 0.000000000000000000, 0.000000000000000000, -1.000000000000000000 ) ) ;
#1910 = VECTOR ( 'NONE', #1190, 1000.000000000000000 ) ;
#1911 = AXIS2_PLACEMENT_3D ( 'NONE', #1947, #1328, #2897 ) ;
#1912 = CARTESIAN_POINT ( 'NONE',  ( 1.498600000000000154, -4.487044639735940043E-16, -3.663949999999999818 ) ) ;
#1913 = EDGE_CURVE ( 'NONE', #1628, #3393, #1651, .T. ) ;
#1914 = ORIENTED_EDGE ( 'NONE', *, *, #674, .F. ) ;
#1915 = CARTESIAN_POINT ( 'NONE',  ( 3.384549999999999947, -4.336808689942014778E-16, 3.956049999999999844 ) ) ;
#1916 = CARTESIAN_POINT ( 'NONE',  ( 1.498600000000000154, 2.520950000000000024, -3.473449999999999704 ) ) ;
#1917 = CARTESIAN_POINT ( 'NONE',  ( 4.038599999999999746, 3.003549999999999720, 3.301999999999999602 ) ) ;
#1918 = ORIENTED_EDGE ( 'NONE', *, *, #3836, .T. ) ;
#1919 = CARTESIAN_POINT ( 'NONE',  ( 3.079750000000000210, 3.003549999999999720, 3.473449999999999704 ) ) ;
#1920 = CARTESIAN_POINT ( 'NONE',  ( -1.695450000000000124, -4.487044639735944974E-16, -3.663949999999999818 ) ) ;
#1921 = VERTEX_POINT ( 'NONE', #2933 ) ;
#1922 = AXIS2_PLACEMENT_3D ( 'NONE', #1895, #318, #2821 ) ;
#1923 = AXIS2_PLACEMENT_3D ( 'NONE', #2318, #3882, #3548 ) ;
#1924 = CARTESIAN_POINT ( 'NONE',  ( -1.498600000000000154, 2.520950000000000024, -3.473449999999999704 ) ) ;
#1925 = ORIENTED_EDGE ( 'NONE', *, *, #982, .T. ) ;
#1926 = CARTESIAN_POINT ( 'NONE',  ( -4.038599999999999746, 3.003549999999999720, -3.956049999999999844 ) ) ;
#1927 = VECTOR ( 'NONE', #1821, 1000.000000000000000 ) ;
#1928 = ORIENTED_EDGE ( 'NONE', *, *, #1726, .F. ) ;
#1929 = CARTESIAN_POINT ( 'NONE',  ( 1.498600000000000154, 2.520950000000000024, -3.663949999999999818 ) ) ;
#1930 = DIRECTION ( 'NONE',  ( 0.000000000000000000, -1.000000000000000000, -1.317188039375246045E-16 ) ) ;
#1931 = FACE_OUTER_BOUND ( 'NONE', #404, .T. ) ;
#1932 = EDGE_CURVE ( 'NONE', #3505, #3161, #1339, .T. ) ;
#1933 = ADVANCED_FACE ( 'NONE', ( #2951 ), #3887, .F. ) ;
#1934 = DIRECTION ( 'NONE',  ( -1.000000000000000000, 0.000000000000000000, 0.000000000000000000 ) ) ;
#1935 = ORIENTED_EDGE ( 'NONE', *, *, #1818, .F. ) ;
#1936 = CARTESIAN_POINT ( 'NONE',  ( 2.000249999999999861, 0.3047999999999999599, 3.956049999999999844 ) ) ;
#1937 = EDGE_CURVE ( 'NONE', #282, #2985, #59, .T. ) ;
#1938 = CARTESIAN_POINT ( 'NONE',  ( -4.038599999999999746, 2.520950000000000024, -3.473449999999999704 ) ) ;
#1939 = ORIENTED_EDGE ( 'NONE', *, *, #1508, .T. ) ;
#1940 = LINE ( 'NONE', #3945, #1202 ) ;
#1941 = ORIENTED_EDGE ( 'NONE', *, *, #1087, .T. ) ;
#1942 = CARTESIAN_POINT ( 'NONE',  ( 4.940299999999999692, 2.711449999999999694, -3.301999999999999602 ) ) ;
#1943 = PLANE ( 'NONE',  #3192 ) ;
#1944 = ORIENTED_EDGE ( 'NONE', *, *, #270, .F. ) ;
#1945 = CARTESIAN_POINT ( 'NONE',  ( 1.695450000000000124, -4.336808689942014778E-16, -3.956049999999999844 ) ) ;
#1946 = CARTESIAN_POINT ( 'NONE',  ( 0.5397499999999899600, 2.520950000000000024, 3.663949999999999818 ) ) ;
#1947 = CARTESIAN_POINT ( 'NONE',  ( -4.038599999999999746, 2.520950000000000024, -3.473449999999999704 ) ) ;
#1948 = CARTESIAN_POINT ( 'NONE',  ( -4.038599999999999746, 2.520950000000000024, 3.956049999999999844 ) ) ;
#1949 = VECTOR ( 'NONE', #2102, 1000.000000000000000 ) ;
#1950 = ORIENTED_EDGE ( 'NONE', *, *, #1724, .T. ) ;
#1951 = EDGE_CURVE ( 'NONE', #858, #2100, #19, .T. ) ;
#1952 = DIRECTION ( 'NONE',  ( 0.000000000000000000, 0.000000000000000000, 1.000000000000000000 ) ) ;
#1953 = EDGE_CURVE ( 'NONE', #3698, #2235, #1322, .T. ) ;
#1954 = VECTOR ( 'NONE', #2833, 1000.000000000000000 ) ;
#1955 = DIRECTION ( 'NONE',  ( 1.000000000000000000, 0.000000000000000000, 0.000000000000000000 ) ) ;
#1956 = ORIENTED_EDGE ( 'NONE', *, *, #3558, .T. ) ;
#1957 = VECTOR ( 'NONE', #2715, 1000.000000000000000 ) ;
#1958 = DIRECTION ( 'NONE',  ( 0.000000000000000000, 5.143305367816659412E-17, 1.000000000000000000 ) ) ;
#1959 = EDGE_CURVE ( 'NONE', #1979, #3127, #3596, .T. ) ;
#1960 = LINE ( 'NONE', #3228, #3723 ) ;
#1961 = ORIENTED_EDGE ( 'NONE', *, *, #3383, .T. ) ;
#1962 = VECTOR ( 'NONE', #435, 1000.000000000000000 ) ;
#1963 = DIRECTION ( 'NONE',  ( 0.000000000000000000, 1.000000000000000000, -1.317188039375246045E-16 ) ) ;
#1964 = AXIS2_PLACEMENT_3D ( 'NONE', #414, #2071, #3680 ) ;
#1965 = ORIENTED_EDGE ( 'NONE', *, *, #1146, .F. ) ;
#1966 = DIRECTION ( 'NONE',  ( 0.000000000000000000, 5.143305367816659412E-17, 1.000000000000000000 ) ) ;
#1967 = VERTEX_POINT ( 'NONE', #2630 ) ;
#1968 = DIRECTION ( 'NONE',  ( 0.000000000000000000, -1.000000000000000000, 1.317188039375246045E-16 ) ) ;
#1969 = CARTESIAN_POINT ( 'NONE',  ( 4.038599999999999746, 2.520950000000000024, -3.956049999999999844 ) ) ;
#1970 = VECTOR ( 'NONE', #3518, 1000.000000000000000 ) ;
#1971 = PLANE ( 'NONE',  #1443 ) ;
#1972 = AXIS2_PLACEMENT_3D ( 'NONE', #4042, #2677, #3974 ) ;
#1973 = DIRECTION ( 'NONE',  ( -0.1294283079955640126, -0.9831056027603600755, -0.1294283079955640126 ) ) ;
#1974 = ORIENTED_EDGE ( 'NONE', *, *, #2858, .F. ) ;
#1975 = LINE ( 'NONE', #1936, #1559 ) ;
#1976 = PRODUCT_DEFINITION ( 'UNKNOWN', '', #2809, #1677 ) ;
#1977 = ADVANCED_FACE ( 'NONE', ( #3931 ), #1629, .F. ) ;
#1978 = PLANE ( 'NONE',  #3148 ) ;
#1979 = VERTEX_POINT ( 'NONE', #314 ) ;
#1980 = DIRECTION ( 'NONE',  ( -0.000000000000000000, 1.000000000000000000, 0.000000000000000000 ) ) ;
#1981 = DIRECTION ( 'NONE',  ( 0.000000000000000000, 1.000000000000000000, -1.317188039375246045E-16 ) ) ;
#1982 = EDGE_CURVE ( 'NONE', #1191, #2508, #1047, .T. ) ;
#1983 = EDGE_CURVE ( 'NONE', #2655, #1603, #1594, .T. ) ;
#1984 = ORIENTED_EDGE ( 'NONE', *, *, #1648, .F. ) ;
#1985 = EDGE_LOOP ( 'NONE', ( #1684, #812, #1490, #1892, #2644, #1040, #2364 ) ) ;
#1986 = AXIS2_PLACEMENT_3D ( 'NONE', #3639, #1344, #2611 ) ;
#1987 = VECTOR ( 'NONE', #938, 1000.000000000000000 ) ;
#1988 = CARTESIAN_POINT ( 'NONE',  ( -4.038599999999999746, 2.711449999999999694, 3.301999999999999602 ) ) ;
#1989 = VECTOR ( 'NONE', #2816, 1000.000000000000114 ) ;
#1990 = DIRECTION ( 'NONE',  ( 0.000000000000000000, 1.000000000000000000, -6.881229203184539713E-16 ) ) ;
#1991 = LINE ( 'NONE', #1926, #767 ) ;
#1992 = VERTEX_POINT ( 'NONE', #971 ) ;
#1993 = CARTESIAN_POINT ( 'NONE',  ( 4.038599999999999746, 2.520950000000000024, -3.663949999999999818 ) ) ;
#1994 = CARTESIAN_POINT ( 'NONE',  ( 2.000249999999999861, 2.711449999999999694, -3.473449999999999704 ) ) ;
#1995 = DIRECTION ( 'NONE',  ( 0.000000000000000000, -1.317188039375246045E-16, 1.000000000000000000 ) ) ;
#1996 = CARTESIAN_POINT ( 'NONE',  ( 4.038599999999999746, 2.711449999999999694, -3.301999999999999602 ) ) ;
#1997 = ORIENTED_EDGE ( 'NONE', *, *, #3530, .F. ) ;
#1998 = DIRECTION ( 'NONE',  ( -1.000000000000000000, 0.000000000000000000, 0.000000000000000000 ) ) ;
#1999 = VECTOR ( 'NONE', #770, 1000.000000000000000 ) ;
#2000 = VERTEX_POINT ( 'NONE', #712 ) ;
#2001 = EDGE_LOOP ( 'NONE', ( #3597, #2093, #2118, #120 ) ) ;
#2002 = PLANE ( 'NONE',  #2838 ) ;
#2003 = ORIENTED_EDGE ( 'NONE', *, *, #291, .T. ) ;
#2004 = ORIENTED_EDGE ( 'NONE', *, *, #202, .F. ) ;
#2005 = DIRECTION ( 'NONE',  ( 0.7071067811865465735, -0.7071067811865485719, -9.313925947400503246E-17 ) ) ;
#2006 = EDGE_CURVE ( 'NONE', #2908, #4016, #912, .T. ) ;
#2007 = ORIENTED_EDGE ( 'NONE', *, *, #555, .T. ) ;
#2008 = CARTESIAN_POINT ( 'NONE',  ( -0.5397500000000099440, -4.487044639735940043E-16, -3.663949999999999818 ) ) ;
#2009 = ORIENTED_EDGE ( 'NONE', *, *, #291, .F. ) ;
#2010 = FACE_OUTER_BOUND ( 'NONE', #3455, .T. ) ;
#2011 = CARTESIAN_POINT ( 'NONE',  ( 0.5397499999999899600, 2.520950000000000024, -3.473449999999999704 ) ) ;
#2012 = EDGE_CURVE ( 'NONE', #3843, #3884, #690, .T. ) ;
#2013 = LINE ( 'NONE', #421, #434 ) ;
#2014 = CARTESIAN_POINT ( 'NONE',  ( 0.5397499999999899600, 3.003549999999999720, 3.473449999999999704 ) ) ;
#2015 = ORIENTED_EDGE ( 'NONE', *, *, #627, .F. ) ;
#2016 = CARTESIAN_POINT ( 'NONE',  ( -4.038599999999999746, -4.064000000000000057, -3.956049999999999844 ) ) ;
#2017 = CARTESIAN_POINT ( 'NONE',  ( 4.038599999999999746, 3.003549999999999720, 3.473449999999999704 ) ) ;
#2018 = ORIENTED_EDGE ( 'NONE', *, *, #1230, .F. ) ;
#2019 = ORIENTED_EDGE ( 'NONE', *, *, #3432, .T. ) ;
#2020 = CARTESIAN_POINT ( 'NONE',  ( -2.000249999999999861, 0.3047999999999999599, -3.663949999999999818 ) ) ;
#2021 = ORIENTED_EDGE ( 'NONE', *, *, #1782, .T. ) ;
#2023 = PRESENTATION_LAYER_ASSIGNMENT (  '', '', ( #685 ) ) ;
#2022 = PLANE ( 'NONE',  #1469 ) ;
#2024 = ORIENTED_EDGE ( 'NONE', *, *, #1058, .T. ) ;
#2025 = CARTESIAN_POINT ( 'NONE',  ( -4.038599999999999746, -4.064000000000000057, 3.663949999999999818 ) ) ;
#2026 = ORIENTED_EDGE ( 'NONE', *, *, #1393, .T. ) ;
#2027 = FACE_OUTER_BOUND ( 'NONE', #709, .T. ) ;
#2028 = EDGE_CURVE ( 'NONE', #3258, #1403, #1991, .T. ) ;
#2029 = EDGE_CURVE ( 'NONE', #3793, #842, #2892, .T. ) ;
#2030 = ORIENTED_EDGE ( 'NONE', *, *, #3466, .T. ) ;
#2031 = LINE ( 'NONE', #757, #89 ) ;
#2032 = LINE ( 'NONE', #3934, #2391 ) ;
#2033 = DIRECTION ( 'NONE',  ( 0.000000000000000000, 1.000000000000000000, 6.881229203184539713E-16 ) ) ;
#2034 = CARTESIAN_POINT ( 'NONE',  ( 0.5397499999999899600, 2.711449999999999694, -3.301999999999999602 ) ) ;
#2035 = EDGE_CURVE ( 'NONE', #160, #3212, #1760, .T. ) ;
#2036 = AXIS2_PLACEMENT_3D ( 'NONE', #1727, #130, #1817 ) ;
#2037 = ORIENTED_EDGE ( 'NONE', *, *, #1953, .F. ) ;
#2038 = DIRECTION ( 'NONE',  ( 0.000000000000000000, 0.000000000000000000, -1.000000000000000000 ) ) ;
#2039 = DIRECTION ( 'NONE',  ( 0.000000000000000000, 1.000000000000000000, 0.000000000000000000 ) ) ;
#2040 = VERTEX_POINT ( 'NONE', #2347 ) ;
#2041 = CARTESIAN_POINT ( 'NONE',  ( 4.633490436997449891, 0.3810000000000000053, -3.301999999999999602 ) ) ;
#2042 = PLANE ( 'NONE',  #2096 ) ;
#2043 = SHAPE_REPRESENTATION ( 'IR2101', ( #3152, #326 ), #661 ) ;
#2044 = ORIENTED_EDGE ( 'NONE', *, *, #469, .F. ) ;
#2045 = VERTEX_POINT ( 'NONE', #1426 ) ;
#2046 = CARTESIAN_POINT ( 'NONE',  ( 1.498600000000000154, 2.520950000000000024, 3.956049999999999844 ) ) ;
#2047 = VERTEX_POINT ( 'NONE', #2996 ) ;
#2048 = DIRECTION ( 'NONE',  ( 0.000000000000000000, 5.143305367816659412E-17, 1.000000000000000000 ) ) ;
#2049 = ORIENTED_EDGE ( 'NONE', *, *, #343, .T. ) ;
#2050 = CARTESIAN_POINT ( 'NONE',  ( -0.5397500000000099440, -4.336808689942014778E-16, -3.956049999999999844 ) ) ;
#2051 = CARTESIAN_POINT ( 'NONE',  ( -2.000249999999999861, 2.520950000000000024, -3.956049999999999844 ) ) ;
#2052 = DIRECTION ( 'NONE',  ( 0.9914448613738103822, 0.1305261922200520452, -2.604304476319990026E-16 ) ) ;
#2053 = VECTOR ( 'NONE', #2771, 1000.000000000000000 ) ;
#2054 = DIRECTION ( 'NONE',  ( -1.000000000000000000, 0.000000000000000000, 0.000000000000000000 ) ) ;
#2055 = AXIS2_PLACEMENT_3D ( 'NONE', #2663, #2946, #3921 ) ;
#2056 = ORIENTED_EDGE ( 'NONE', *, *, #83, .F. ) ;
#2057 = CARTESIAN_POINT ( 'NONE',  ( -4.038599999999999746, 2.520950000000000024, -3.473449999999999704 ) ) ;
#2058 = EDGE_CURVE ( 'NONE', #2180, #2461, #3296, .T. ) ;
#2059 = DIRECTION ( 'NONE',  ( -1.000000000000000000, 0.000000000000000000, 0.000000000000000000 ) ) ;
#2060 = VERTEX_POINT ( 'NONE', #100 ) ;
#2061 = VECTOR ( 'NONE', #1772, 1000.000000000000000 ) ;
#2062 = CARTESIAN_POINT ( 'NONE',  ( -1.041400000000000103, 2.711449999999999694, 3.301999999999999602 ) ) ;
#2063 = PLANE ( 'NONE',  #3944 ) ;
#2064 = ADVANCED_FACE ( 'NONE', ( #459 ), #3362, .F. ) ;
#2065 = DIRECTION ( 'NONE',  ( 0.000000000000000000, 0.000000000000000000, -1.000000000000000000 ) ) ;
#2066 = EDGE_LOOP ( 'NONE', ( #387, #730, #1213, #4025 ) ) ;
#2067 = DIRECTION ( 'NONE',  ( -0.000000000000000000, 1.000000000000000000, 0.000000000000000000 ) ) ;
#2068 = VERTEX_POINT ( 'NONE', #1381 ) ;
#2069 = CARTESIAN_POINT ( 'NONE',  ( 1.498600000000000154, 2.520950000000000024, 3.473449999999999704 ) ) ;
#2070 = EDGE_LOOP ( 'NONE', ( #1950, #374, #3469, #3636 ) ) ;
#2071 = DIRECTION ( 'NONE',  ( 1.000000000000000000, 0.000000000000000000, 0.000000000000000000 ) ) ;
#2072 = ORIENTED_EDGE ( 'NONE', *, *, #2035, .F. ) ;
#2073 = DIRECTION ( 'NONE',  ( 0.000000000000000000, 5.143305367816659412E-17, 1.000000000000000000 ) ) ;
#2074 = DIRECTION ( 'NONE',  ( -0.000000000000000000, 1.000000000000000000, 0.000000000000000000 ) ) ;
#2075 = DIRECTION ( 'NONE',  ( 2.626776916984869807E-16, 0.000000000000000000, 1.000000000000000000 ) ) ;
#2076 = ORIENTED_EDGE ( 'NONE', *, *, #2613, .T. ) ;
#2077 = DIRECTION ( 'NONE',  ( 0.000000000000000000, 1.000000000000000000, -6.881229203184539713E-16 ) ) ;
#2078 = CARTESIAN_POINT ( 'NONE',  ( -4.940299999999999692, 2.711449999999999694, -3.301999999999999602 ) ) ;
#2079 = ADVANCED_FACE ( 'NONE', ( #2027 ), #167, .F. ) ;
#2080 =( NAMED_UNIT ( * ) SI_UNIT ( $, .STERADIAN. ) SOLID_ANGLE_UNIT ( ) );
#2081 = EDGE_CURVE ( 'NONE', #3852, #1222, #3729, .T. ) ;
#2082 = VERTEX_POINT ( 'NONE', #752 ) ;
#2083 = CARTESIAN_POINT ( 'NONE',  ( -4.038599999999999746, 2.520950000000000024, 3.473449999999999704 ) ) ;
#2084 = DIRECTION ( 'NONE',  ( 0.000000000000000000, 1.000000000000000000, -5.143305367816659412E-17 ) ) ;
#2085 = CARTESIAN_POINT ( 'NONE',  ( 4.038599999999999746, 2.520950000000000024, 3.663949999999999818 ) ) ;
#2086 = ORIENTED_EDGE ( 'NONE', *, *, #4153, .T. ) ;
#2087 = LINE ( 'NONE', #1712, #2658 ) ;
#2088 = ADVANCED_FACE ( 'NONE', ( #3637 ), #3952, .F. ) ;
#2089 = ORIENTED_EDGE ( 'NONE', *, *, #502, .F. ) ;
#2090 = AXIS2_PLACEMENT_3D ( 'NONE', #1795, #3370, #129 ) ;
#2091 = DIRECTION ( 'NONE',  ( 0.000000000000000000, 1.000000000000000000, 6.881229203184539713E-16 ) ) ;
#2092 =( GEOMETRIC_REPRESENTATION_CONTEXT ( 3 ) GLOBAL_UNCERTAINTY_ASSIGNED_CONTEXT ( ( #2146 ) ) GLOBAL_UNIT_ASSIGNED_CONTEXT ( ( #1172, #2401, #2080 ) ) REPRESENTATION_CONTEXT ( 'NONE', 'WORKASPACE' ) );
#2093 = ORIENTED_EDGE ( 'NONE', *, *, #3495, .T. ) ;
#2094 = LINE ( 'NONE', #506, #300 ) ;
#2095 = ORIENTED_EDGE ( 'NONE', *, *, #1789, .F. ) ;
#2096 = AXIS2_PLACEMENT_3D ( 'NONE', #1733, #3011, #1108 ) ;
#2097 = CARTESIAN_POINT ( 'NONE',  ( -4.038599999999999746, 2.520950000000000024, 3.663949999999999818 ) ) ;
#2098 = PLANE ( 'NONE',  #362 ) ;
#2099 = CARTESIAN_POINT ( 'NONE',  ( 1.041400000000000103, -4.336808689942014778E-16, 3.956049999999999844 ) ) ;
#2100 = VERTEX_POINT ( 'NONE', #2654 ) ;
#2101 = CIRCLE ( 'NONE', #3583, 0.4826000000000001400 ) ;
#2102 = DIRECTION ( 'NONE',  ( -1.000000000000000000, 0.000000000000000000, 0.000000000000000000 ) ) ;
#2103 = FILL_AREA_STYLE ('',( #3691 ) ) ;
#2104 = AXIS2_PLACEMENT_3D ( 'NONE', #2078, #3329, #3371 ) ;
#2105 = ITEM_DEFINED_TRANSFORMATION ( 'NONE', 'NONE', #326,  #324 ) ;
#2106 = FILL_AREA_STYLE_COLOUR ( '', #2766 ) ;
#2107 = ORIENTED_EDGE ( 'NONE', *, *, #137, .T. ) ;
#2108 = DIRECTION ( 'NONE',  ( 1.000000000000000000, 0.000000000000000000, 0.000000000000000000 ) ) ;
#2109 = CARTESIAN_POINT ( 'NONE',  ( -4.940299999999999692, 0.3810000000000000053, -2.995190436997445360 ) ) ;
#2110 = VECTOR ( 'NONE', #1670, 1000.000000000000000 ) ;
#2111 = AXIS2_PLACEMENT_3D ( 'NONE', #975, #3893, #82 ) ;
#2112 = ADVANCED_FACE ( 'NONE', ( #2673 ), #3971, .F. ) ;
#2113 = FACE_OUTER_BOUND ( 'NONE', #3351, .T. ) ;
#2114 = CARTESIAN_POINT ( 'NONE',  ( -0.5397500000000099440, 2.711449999999999694, 3.301999999999999602 ) ) ;
#2115 = ORIENTED_EDGE ( 'NONE', *, *, #4158, .F. ) ;
#2116 = EDGE_CURVE ( 'NONE', #407, #4129, #1694, .T. ) ;
#2117 = EDGE_CURVE ( 'NONE', #887, #1628, #774, .T. ) ;
#2118 = ORIENTED_EDGE ( 'NONE', *, *, #1366, .T. ) ;
#2119 = FACE_OUTER_BOUND ( 'NONE', #67, .T. ) ;
#2120 = ORIENTED_EDGE ( 'NONE', *, *, #1042, .T. ) ;
#2121 = CYLINDRICAL_SURFACE ( 'NONE', #1620, 0.1905000000000001414 ) ;
#2122 = CARTESIAN_POINT ( 'NONE',  ( -4.940299999999999692, 3.003549999999999720, 3.301999999999999602 ) ) ;
#2123 = DIRECTION ( 'NONE',  ( 0.000000000000000000, -1.000000000000000000, 1.317188039375246045E-16 ) ) ;
#2124 = DIRECTION ( 'NONE',  ( 0.000000000000000000, 0.000000000000000000, -1.000000000000000000 ) ) ;
#2125 = CARTESIAN_POINT ( 'NONE',  ( 4.038599999999999746, -4.064000000000000057, -3.663949999999999818 ) ) ;
#2126 = EDGE_LOOP ( 'NONE', ( #2009, #1194, #2255, #1446 ) ) ;
#2127 = FACE_OUTER_BOUND ( 'NONE', #2720, .T. ) ;
#2128 = COLOUR_RGB ( '',0.2509803921568627416, 0.2509803921568627416, 0.2509803921568627416 ) ;
#2129 = LINE ( 'NONE', #833, #1906 ) ;
#2130 = AXIS2_PLACEMENT_3D ( 'NONE', #155, #3422, #494 ) ;
#2131 = ORIENTED_EDGE ( 'NONE', *, *, #2723, .T. ) ;
#2132 = DIRECTION ( 'NONE',  ( 0.000000000000000000, 0.000000000000000000, 1.000000000000000000 ) ) ;
#2133 = PLANE ( 'NONE',  #2325 ) ;
#2135 = LINE ( 'NONE', #2764, #1395 ) ;
#2134 =( GEOMETRIC_REPRESENTATION_CONTEXT ( 3 ) GLOBAL_UNCERTAINTY_ASSIGNED_CONTEXT ( ( #3075 ) ) GLOBAL_UNIT_ASSIGNED_CONTEXT ( ( #427, #3647, #1079 ) ) REPRESENTATION_CONTEXT ( 'NONE', 'WORKASPACE' ) );
#2136 = VERTEX_POINT ( 'NONE', #1738 ) ;
#2137 = AXIS2_PLACEMENT_3D ( 'NONE', #811, #3627, #787 ) ;
#2138 = ORIENTED_EDGE ( 'NONE', *, *, #651, .F. ) ;
#2139 = EDGE_CURVE ( 'NONE', #1806, #3229, #3017, .T. ) ;
#2140 = EDGE_CURVE ( 'NONE', #1015, #1274, #2698, .T. ) ;
#2141 = VERTEX_POINT ( 'NONE', #2721 ) ;
#2142 = DIRECTION ( 'NONE',  ( 0.9914448613738103822, -0.1305261922200520452, -2.604304476319990026E-16 ) ) ;
#2143 = SURFACE_SIDE_STYLE ('',( #2222 ) ) ;
#2144 = DIRECTION ( 'NONE',  ( 0.000000000000000000, 1.000000000000000000, 0.000000000000000000 ) ) ;
#2145 = LINE ( 'NONE', #536, #3204 ) ;
#2146 = UNCERTAINTY_MEASURE_WITH_UNIT (LENGTH_MEASURE( 1.000000000000000082E-05 ), #1172, 'distance_accuracy_value', 'NONE');
#2147 = CARTESIAN_POINT ( 'NONE',  ( 4.038599999999999746, 2.520950000000000024, -3.473449999999999704 ) ) ;
#2148 = ADVANCED_FACE ( 'NONE', ( #4015 ), #1113, .F. ) ;
#2149 = ORIENTED_EDGE ( 'NONE', *, *, #1584, .T. ) ;
#2150 = CARTESIAN_POINT ( 'NONE',  ( -3.581400000000000361, -4.064000000000000057, -3.663949999999999818 ) ) ;
#2151 = DIRECTION ( 'NONE',  ( 0.000000000000000000, -1.000000000000000000, 0.000000000000000000 ) ) ;
#2152 = APPLICATION_PROTOCOL_DEFINITION ( 'draft international standard', 'automotive_design', 1998, #309 ) ;
#2153 = ORIENTED_EDGE ( 'NONE', *, *, #3748, .T. ) ;
#2154 = CARTESIAN_POINT ( 'NONE',  ( -0.8445500000000120133, -4.487044639735940043E-16, -3.663949999999999818 ) ) ;
#2155 = FACE_OUTER_BOUND ( 'NONE', #3536, .T. ) ;
#2156 = CARTESIAN_POINT ( 'NONE',  ( -1.041400000000000103, 2.520950000000000024, 3.956049999999999844 ) ) ;
#2157 = VERTEX_POINT ( 'NONE', #823 ) ;
#2158 = VECTOR ( 'NONE', #1311, 1000.000000000000000 ) ;
#2159 = ORIENTED_EDGE ( 'NONE', *, *, #2035, .T. ) ;
#2160 = LINE ( 'NONE', #1869, #688 ) ;
#2161 = CARTESIAN_POINT ( 'NONE',  ( 1.498600000000000154, 4.336808689942014778E-16, 3.956049999999999844 ) ) ;
#2162 = LINE ( 'NONE', #3796, #1100 ) ;
#2163 = DIRECTION ( 'NONE',  ( 0.000000000000000000, 0.000000000000000000, 1.000000000000000000 ) ) ;
#2164 = AXIS2_PLACEMENT_3D ( 'NONE', #884, #2804, #3440 ) ;
#2165 = EDGE_CURVE ( 'NONE', #2396, #2157, #2094, .T. ) ;
#2166 = EDGE_CURVE ( 'NONE', #2277, #1967, #3064, .T. ) ;
#2167 = CARTESIAN_POINT ( 'NONE',  ( 4.038599999999999746, 2.520950000000000024, -3.473449999999999704 ) ) ;
#2168 = VECTOR ( 'NONE', #2271, 1000.000000000000000 ) ;
#2169 = ORIENTED_EDGE ( 'NONE', *, *, #1282, .F. ) ;
#2170 = CARTESIAN_POINT ( 'NONE',  ( 2.000249999999999861, 2.520950000000000024, 3.473449999999999704 ) ) ;
#2171 = DIRECTION ( 'NONE',  ( 0.000000000000000000, 1.000000000000000000, 0.000000000000000000 ) ) ;
#2172 =( NAMED_UNIT ( * ) SI_UNIT ( $, .STERADIAN. ) SOLID_ANGLE_UNIT ( ) );
#2173 = EDGE_CURVE ( 'NONE', #842, #1783, #1368, .T. ) ;
#2174 = LINE ( 'NONE', #941, #2706 ) ;
#2175 = VECTOR ( 'NONE', #1668, 1000.000000000000000 ) ;
#2176 = ORIENTED_EDGE ( 'NONE', *, *, #1560, .F. ) ;
#2177 = LINE ( 'NONE', #283, #2272 ) ;
#2178 = DIRECTION ( 'NONE',  ( 1.000000000000000000, 0.000000000000000000, 0.000000000000000000 ) ) ;
#2179 = LINE ( 'NONE', #3788, #1927 ) ;
#2180 = VERTEX_POINT ( 'NONE', #3088 ) ;
#2181 = VECTOR ( 'NONE', #1365, 1000.000000000000000 ) ;
#2182 = EDGE_LOOP ( 'NONE', ( #2169, #3533, #3546, #549 ) ) ;
#2183 = ORIENTED_EDGE ( 'NONE', *, *, #3297, .F. ) ;
#2184 = CARTESIAN_POINT ( 'NONE',  ( 2.000249999999999861, 3.003549999999999720, 3.473449999999999704 ) ) ;
#2185 = FILL_AREA_STYLE ('',( #2494 ) ) ;
#2186 = CARTESIAN_POINT ( 'NONE',  ( 2.000249999999999861, -4.487044639735940043E-16, -3.663949999999999818 ) ) ;
#2187 = LINE ( 'NONE', #891, #1989 ) ;
#2188 = LINE ( 'NONE', #2774, #95 ) ;
#2189 = VERTEX_POINT ( 'NONE', #1807 ) ;
#2190 = DIRECTION ( 'NONE',  ( 0.000000000000000000, 1.000000000000000000, -5.143305367816659412E-17 ) ) ;
#2191 = DIRECTION ( 'NONE',  ( 1.000000000000000000, 0.000000000000000000, 0.000000000000000000 ) ) ;
#2192 = VECTOR ( 'NONE', #2898, 1000.000000000000000 ) ;
#2193 = AXIS2_PLACEMENT_3D ( 'NONE', #1291, #2306, #1674 ) ;
#2194 = ORIENTED_EDGE ( 'NONE', *, *, #2394, .T. ) ;
#2195 = CARTESIAN_POINT ( 'NONE',  ( -0.5397500000000099440, -4.487044639735940043E-16, 3.663949999999999818 ) ) ;
#2196 = ADVANCED_FACE ( 'NONE', ( #2119 ), #3405, .F. ) ;
#2197 = CARTESIAN_POINT ( 'NONE',  ( -3.384549999999999947, -4.487044639735940043E-16, 3.663949999999999818 ) ) ;
#2198 = VECTOR ( 'NONE', #254, 1000.000000000000000 ) ;
#2199 = CARTESIAN_POINT ( 'NONE',  ( -0.5397500000000099440, -4.487044639735940043E-16, -3.663949999999999818 ) ) ;
#2200 = ORIENTED_EDGE ( 'NONE', *, *, #2640, .T. ) ;
#2201 = ADVANCED_FACE ( 'NONE', ( #764 ), #3712, .T. ) ;
#2202 = ORIENTED_EDGE ( 'NONE', *, *, #3941, .F. ) ;
#2203 = ORIENTED_EDGE ( 'NONE', *, *, #2864, .T. ) ;
#2204 = DIRECTION ( 'NONE',  ( 0.000000000000000000, 1.000000000000000000, 6.881229203184539713E-16 ) ) ;
#2205 = CIRCLE ( 'NONE', #1595, 0.1905000000000001414 ) ;
#2206 = PLANE ( 'NONE',  #2696 ) ;
#2207 = FACE_OUTER_BOUND ( 'NONE', #869, .T. ) ;
#2208 = VECTOR ( 'NONE', #1440, 1000.000000000000000 ) ;
#2209 = DIRECTION ( 'NONE',  ( 0.7071067811865485719, 0.7071067811865464625, -3.636866103296324497E-17 ) ) ;
#2210 = EDGE_LOOP ( 'NONE', ( #3248, #1067, #2120, #3206 ) ) ;
#2211 = CARTESIAN_POINT ( 'NONE',  ( -1.041400000000000103, 2.520950000000000024, 3.473449999999999704 ) ) ;
#2212 = DIRECTION ( 'NONE',  ( 5.143305367816639691E-17, 0.000000000000000000, 1.000000000000000000 ) ) ;
#2213 = LINE ( 'NONE', #880, #1703 ) ;
#2214 = VERTEX_POINT ( 'NONE', #1484 ) ;
#2215 = CARTESIAN_POINT ( 'NONE',  ( 3.079750000000000210, 0.3047999999999999599, 3.663949999999999818 ) ) ;
#2216 = PLANE ( 'NONE',  #3823 ) ;
#2217 = EDGE_CURVE ( 'NONE', #52, #1767, #2129, .T. ) ;
#2218 = ADVANCED_FACE ( 'NONE', ( #1770 ), #446, .F. ) ;
#2219 = CARTESIAN_POINT ( 'NONE',  ( -1.498600000000000154, -4.064000000000000057, -3.663949999999999818 ) ) ;
#2220 = EDGE_LOOP ( 'NONE', ( #2587, #3227, #3668, #3341, #4108, #3549, #3425 ) ) ;
#2221 = EDGE_CURVE ( 'NONE', #3629, #1262, #178, .T. ) ;
#2222 = SURFACE_STYLE_FILL_AREA ( #3837 ) ;
#2223 = LINE ( 'NONE', #3515, #4126 ) ;
#2224 = CARTESIAN_POINT ( 'NONE',  ( 3.384549999999999947, -4.604301977989739772E-16, 3.956049999999999844 ) ) ;
#2225 = ORIENTED_EDGE ( 'NONE', *, *, #1340, .F. ) ;
#2226 = DIRECTION ( 'NONE',  ( 0.000000000000000000, 0.000000000000000000, -1.000000000000000000 ) ) ;
#2227 = CIRCLE ( 'NONE', #3642, 0.1905000000000001414 ) ;
#2228 = DIRECTION ( 'NONE',  ( 0.000000000000000000, 1.000000000000000000, 0.000000000000000000 ) ) ;
#2229 = CARTESIAN_POINT ( 'NONE',  ( 0.5397499999999899600, 2.711449999999999694, -3.473449999999999704 ) ) ;
#2230 = PRESENTATION_LAYER_ASSIGNMENT (  '', '', ( #149 ) ) ;
#2231 = ORIENTED_EDGE ( 'NONE', *, *, #1223, .T. ) ;
#2232 = LINE ( 'NONE', #2509, #285 ) ;
#2233 = CLOSED_SHELL ( 'NONE', ( #3535, #3147, #240, #60, #2064, #3492, #4078, #1813, #673, #108, #2693, #919, #2585 ) ) ;
#2234 = DIRECTION ( 'NONE',  ( 0.000000000000000000, 0.000000000000000000, 1.000000000000000000 ) ) ;
#2235 = VERTEX_POINT ( 'NONE', #467 ) ;
#2236 = AXIS2_PLACEMENT_3D ( 'NONE', #1309, #2638, #1329 ) ;
#2237 = ADVANCED_FACE ( 'NONE', ( #3005 ), #543, .T. ) ;
#2238 = DIRECTION ( 'NONE',  ( 0.000000000000000000, -5.143305367816659412E-17, 1.000000000000000000 ) ) ;
#2239 = EDGE_CURVE ( 'NONE', #2047, #337, #1148, .T. ) ;
#2240 = VECTOR ( 'NONE', #3, 1000.000000000000000 ) ;
#2241 = CIRCLE ( 'NONE', #848, 0.1905000000000001414 ) ;
#2242 = ORIENTED_EDGE ( 'NONE', *, *, #3563, .T. ) ;
#2243 = CARTESIAN_POINT ( 'NONE',  ( -1.041400000000000103, 2.711449999999999694, -3.473449999999999704 ) ) ;
#2244 = ORIENTED_EDGE ( 'NONE', *, *, #3846, .F. ) ;
#2245 = PLANE ( 'NONE',  #523 ) ;
#2246 = DIRECTION ( 'NONE',  ( 0.000000000000000000, -1.000000000000000000, 0.000000000000000000 ) ) ;
#2247 = CARTESIAN_POINT ( 'NONE',  ( -3.581400000000000361, 2.520950000000000024, -3.956049999999999844 ) ) ;
#2248 = CARTESIAN_POINT ( 'NONE',  ( 3.581400000000000361, 2.520950000000000024, 3.663949999999999818 ) ) ;
#2249 = EDGE_LOOP ( 'NONE', ( #609, #3927, #2754, #210, #2072, #617, #73 ) ) ;
#2250 = LINE ( 'NONE', #49, #2354 ) ;
#2251 = DIRECTION ( 'NONE',  ( 0.000000000000000000, 0.000000000000000000, 1.000000000000000000 ) ) ;
#2252 = ORIENTED_EDGE ( 'NONE', *, *, #1524, .F. ) ;
#2253 = VECTOR ( 'NONE', #3601, 1000.000000000000000 ) ;
#2254 = FACE_OUTER_BOUND ( 'NONE', #4122, .T. ) ;
#2255 = ORIENTED_EDGE ( 'NONE', *, *, #2139, .F. ) ;
#2256 = DIRECTION ( 'NONE',  ( 0.000000000000000000, 1.000000000000000000, 0.000000000000000000 ) ) ;
#2257 = EDGE_CURVE ( 'NONE', #3334, #1356, #2777, .T. ) ;
#2258 = ADVANCED_FACE ( 'NONE', ( #3740 ), #2710, .T. ) ;
#2259 = AXIS2_PLACEMENT_3D ( 'NONE', #2549, #3848, #1621 ) ;
#2260 = ORIENTED_EDGE ( 'NONE', *, *, #1478, .F. ) ;
#2261 = DIRECTION ( 'NONE',  ( 1.000000000000000000, 0.000000000000000000, 0.000000000000000000 ) ) ;
#2262 = DIRECTION ( 'NONE',  ( 0.000000000000000000, 0.000000000000000000, 1.000000000000000000 ) ) ;
#2263 = LINE ( 'NONE', #2636, #2785 ) ;
#2264 = LINE ( 'NONE', #2248, #587 ) ;
#2265 = EDGE_CURVE ( 'NONE', #3932, #2047, #3079, .T. ) ;
#2266 = ORIENTED_EDGE ( 'NONE', *, *, #579, .F. ) ;
#2267 = FACE_OUTER_BOUND ( 'NONE', #3630, .T. ) ;
#2268 = CARTESIAN_POINT ( 'NONE',  ( -4.038599999999999746, -4.064000000000000057, -3.663949999999999818 ) ) ;
#2269 = EDGE_LOOP ( 'NONE', ( #2153, #2501, #2266, #749, #2225, #4113, #74, #2200, #801, #14 ) ) ;
#2270 = LINE ( 'NONE', #2986, #968 ) ;
#2271 = DIRECTION ( 'NONE',  ( 0.000000000000000000, -1.000000000000000000, -1.317188039375246045E-16 ) ) ;
#2272 = VECTOR ( 'NONE', #1543, 1000.000000000000000 ) ;
#2273 = ORIENTED_EDGE ( 'NONE', *, *, #1907, .F. ) ;
#2274 = DIRECTION ( 'NONE',  ( -1.000000000000000000, 0.000000000000000000, 0.000000000000000000 ) ) ;
#2275 = ORIENTED_EDGE ( 'NONE', *, *, #2419, .T. ) ;
#2276 = DIRECTION ( 'NONE',  ( -0.000000000000000000, 1.000000000000000000, 0.000000000000000000 ) ) ;
#2277 = VERTEX_POINT ( 'NONE', #2683 ) ;
#2278 =( LENGTH_UNIT ( ) NAMED_UNIT ( * ) SI_UNIT ( .MILLI., .METRE. ) );
#2279 = CARTESIAN_POINT ( 'NONE',  ( -3.384549999999999947, -4.487044639735940043E-16, -3.663949999999999818 ) ) ;
#2280 = DIRECTION ( 'NONE',  ( 0.000000000000000000, 0.000000000000000000, -1.000000000000000000 ) ) ;
#2281 = EDGE_CURVE ( 'NONE', #1715, #2508, #3980, .T. ) ;
#2282 = FACE_OUTER_BOUND ( 'NONE', #2249, .T. ) ;
#2283 = AXIS2_PLACEMENT_3D ( 'NONE', #3327, #177, #4046 ) ;
#2284 = ORIENTED_EDGE ( 'NONE', *, *, #540, .T. ) ;
#2285 = CARTESIAN_POINT ( 'NONE',  ( 4.038599999999999746, 2.520950000000000024, -3.663949999999999818 ) ) ;
#2286 = VECTOR ( 'NONE', #3838, 1000.000000000000000 ) ;
#2287 = ADVANCED_FACE ( 'NONE', ( #3025 ), #490, .T. ) ;
#2288 = EDGE_CURVE ( 'NONE', #392, #1002, #4028, .T. ) ;
#2289 = AXIS2_PLACEMENT_3D ( 'NONE', #2769, #1493, #1550 ) ;
#2290 = LINE ( 'NONE', #2268, #2934 ) ;
#2291 = ORIENTED_EDGE ( 'NONE', *, *, #1782, .F. ) ;
#2292 = VECTOR ( 'NONE', #1155, 1000.000000000000000 ) ;
#2293 = CARTESIAN_POINT ( 'NONE',  ( 3.079750000000000210, 2.520950000000000024, 3.956049999999999844 ) ) ;
#2294 = ADVANCED_FACE ( 'NONE', ( #4003 ), #153, .F. ) ;
#2295 = MANIFOLD_SOLID_BREP ( 'NONE', #1692 ) ;
#2296 = DIRECTION ( 'NONE',  ( 0.000000000000000000, 0.000000000000000000, -1.000000000000000000 ) ) ;
#2297 = ORIENTED_EDGE ( 'NONE', *, *, #3491, .T. ) ;
#2298 = VERTEX_POINT ( 'NONE', #321 ) ;
#2299 = VECTOR ( 'NONE', #1301, 1000.000000000000000 ) ;
#2300 = LINE ( 'NONE', #393, #2175 ) ;
#2301 = LINE ( 'NONE', #2606, #965 ) ;
#2302 = AXIS2_PLACEMENT_3D ( 'NONE', #857, #810, #3054 ) ;
#2303 = EDGE_LOOP ( 'NONE', ( #1704, #3930, #48, #3018, #2868, #1779, #2131 ) ) ;
#2304 = DIRECTION ( 'NONE',  ( -1.000000000000000000, 0.000000000000000000, 6.144902299373339843E-16 ) ) ;
#2305 = EDGE_LOOP ( 'NONE', ( #2422, #762, #1529, #3014 ) ) ;
#2306 = DIRECTION ( 'NONE',  ( 0.7071067811865485719, 0.7071067811865464625, 3.636866103296324497E-17 ) ) ;
#2307 = CARTESIAN_POINT ( 'NONE',  ( -0.5397500000000099440, 2.520950000000000024, 3.956049999999999844 ) ) ;
#2308 = AXIS2_PLACEMENT_3D ( 'NONE', #876, #3431, #892 ) ;
#2309 = CARTESIAN_POINT ( 'NONE',  ( -4.038599999999999746, 3.003549999999999720, -3.301999999999999602 ) ) ;
#2310 = CIRCLE ( 'NONE', #913, 0.1905000000000001414 ) ;
#2311 = CARTESIAN_POINT ( 'NONE',  ( 1.041400000000000103, 2.520950000000000024, -3.956049999999999844 ) ) ;
#2312 = ORIENTED_EDGE ( 'NONE', *, *, #340, .T. ) ;
#2313 = DIRECTION ( 'NONE',  ( 0.000000000000000000, 1.000000000000000000, -1.317188039375246045E-16 ) ) ;
#2314 = ADVANCED_FACE ( 'NONE', ( #2881 ), #2399, .F. ) ;
#2315 = ADVANCED_FACE ( 'NONE', ( #1836 ), #2822, .F. ) ;
#2316 = ORIENTED_EDGE ( 'NONE', *, *, #1579, .F. ) ;
#2317 = ORIENTED_EDGE ( 'NONE', *, *, #2453, .T. ) ;
#2318 = CARTESIAN_POINT ( 'NONE',  ( 1.498600000000000154, 2.520950000000000024, -3.473449999999999704 ) ) ;
#2319 = ORIENTED_EDGE ( 'NONE', *, *, #3871, .T. ) ;
#2320 = EDGE_CURVE ( 'NONE', #2768, #282, #2174, .T. ) ;
#2321 = VERTEX_POINT ( 'NONE', #3460 ) ;
#2322 = AXIS2_PLACEMENT_3D ( 'NONE', #3755, #2701, #3997 ) ;
#2323 = VECTOR ( 'NONE', #3802, 1000.000000000000000 ) ;
#2324 = LINE ( 'NONE', #732, #3928 ) ;
#2325 = AXIS2_PLACEMENT_3D ( 'NONE', #2762, #2687, #3103 ) ;
#2326 = DIRECTION ( 'NONE',  ( 0.000000000000000000, -1.000000000000000000, 1.317188039375246045E-16 ) ) ;
#2327 = EDGE_LOOP ( 'NONE', ( #2697, #1652, #793, #2138 ) ) ;
#2328 = DIRECTION ( 'NONE',  ( 0.000000000000000000, -1.000000000000000000, 1.317188039375246045E-16 ) ) ;
#2329 = FACE_OUTER_BOUND ( 'NONE', #1640, .T. ) ;
#2330 = PLANE ( 'NONE',  #303 ) ;
#2331 = CARTESIAN_POINT ( 'NONE',  ( 2.000249999999999861, 0.3047999999999999599, -3.663949999999999818 ) ) ;
#2332 = AXIS2_PLACEMENT_3D ( 'NONE', #2156, #3443, #565 ) ;
#2333 = ORIENTED_EDGE ( 'NONE', *, *, #2481, .F. ) ;
#2334 = PLANE ( 'NONE',  #3442 ) ;
#2335 = CIRCLE ( 'NONE', #2807, 0.1905000000000001414 ) ;
#2336 =( NAMED_UNIT ( * ) SI_UNIT ( $, .STERADIAN. ) SOLID_ANGLE_UNIT ( ) );
#2337 = EDGE_LOOP ( 'NONE', ( #273, #2648, #578, #1542 ) ) ;
#2338 = ORIENTED_EDGE ( 'NONE', *, *, #241, .T. ) ;
#2339 = EDGE_CURVE ( 'NONE', #1992, #2000, #1236, .T. ) ;
#2340 = EDGE_CURVE ( 'NONE', #2045, #3925, #1541, .T. ) ;
#2341 = DIRECTION ( 'NONE',  ( 0.000000000000000000, 5.143305367816659412E-17, 1.000000000000000000 ) ) ;
#2342 = DIRECTION ( 'NONE',  ( 1.000000000000000000, 0.000000000000000000, 0.000000000000000000 ) ) ;
#2343 = ORIENTED_EDGE ( 'NONE', *, *, #3412, .F. ) ;
#2344 = CARTESIAN_POINT ( 'NONE',  ( -0.5397500000000099440, 2.520950000000000024, 3.473449999999999704 ) ) ;
#2345 = ADVANCED_FACE ( 'NONE', ( #2865 ), #3504, .F. ) ;
#2346 = ORIENTED_EDGE ( 'NONE', *, *, #579, .T. ) ;
#2347 = CARTESIAN_POINT ( 'NONE',  ( -4.038599999999999746, 2.520950000000000024, 3.663949999999999818 ) ) ;
#2348 = ORIENTED_EDGE ( 'NONE', *, *, #1416, .F. ) ;
#2349 = LINE ( 'NONE', #64, #927 ) ;
#2350 = PLANE ( 'NONE',  #639 ) ;
#2351 = LINE ( 'NONE', #2438, #3992 ) ;
#2352 = ORIENTED_EDGE ( 'NONE', *, *, #3863, .F. ) ;
#2353 = LINE ( 'NONE', #808, #2684 ) ;
#2354 = VECTOR ( 'NONE', #87, 1000.000000000000000 ) ;
#2355 = CARTESIAN_POINT ( 'NONE',  ( 0.000000000000000000, 0.000000000000000000, 0.000000000000000000 ) ) ;
#2356 = ORIENTED_EDGE ( 'NONE', *, *, #2288, .T. ) ;
#2357 = ORIENTED_EDGE ( 'NONE', *, *, #201, .F. ) ;
#2358 = FACE_OUTER_BOUND ( 'NONE', #3561, .T. ) ;
#2359 = VERTEX_POINT ( 'NONE', #1261 ) ;
#2360 = LINE ( 'NONE', #3652, #1999 ) ;
#2361 = ORIENTED_EDGE ( 'NONE', *, *, #3828, .T. ) ;
#2362 = DIRECTION ( 'NONE',  ( 0.000000000000000000, 0.000000000000000000, -1.000000000000000000 ) ) ;
#2363 = VECTOR ( 'NONE', #984, 1000.000000000000000 ) ;
#2364 = ORIENTED_EDGE ( 'NONE', *, *, #727, .F. ) ;
#2365 = DIRECTION ( 'NONE',  ( 0.000000000000000000, 1.000000000000000000, -5.143305367816659412E-17 ) ) ;
#2366 = EDGE_CURVE ( 'NONE', #1015, #1831, #3807, .T. ) ;
#2367 = VERTEX_POINT ( 'NONE', #1602 ) ;
#2368 = LINE ( 'NONE', #2725, #2464 ) ;
#2369 = LINE ( 'NONE', #1475, #1649 ) ;
#2370 = CARTESIAN_POINT ( 'NONE',  ( -3.581400000000000361, 2.520950000000000024, -3.473449999999999704 ) ) ;
#2371 = DIRECTION ( 'NONE',  ( 0.000000000000000000, 5.143305367816659412E-17, 1.000000000000000000 ) ) ;
#2372 = ADVANCED_FACE ( 'NONE', ( #3183 ), #7, .T. ) ;
#2373 = AXIS2_PLACEMENT_3D ( 'NONE', #2746, #529, #847 ) ;
#2374 = ORIENTED_EDGE ( 'NONE', *, *, #1789, .T. ) ;
#2375 = VECTOR ( 'NONE', #2033, 1000.000000000000000 ) ;
#2376 = CARTESIAN_POINT ( 'NONE',  ( -4.038599999999999746, 3.003549999999999720, -3.301999999999999602 ) ) ;
#2377 = CARTESIAN_POINT ( 'NONE',  ( 1.498600000000000154, -4.064000000000000057, -3.956049999999999844 ) ) ;
#2378 = ORIENTED_EDGE ( 'NONE', *, *, #2987, .F. ) ;
#2379 = FACE_OUTER_BOUND ( 'NONE', #3114, .T. ) ;
#2380 = DIRECTION ( 'NONE',  ( 0.000000000000000000, 5.143305367816659412E-17, -1.000000000000000000 ) ) ;
#2381 = ORIENTED_EDGE ( 'NONE', *, *, #1089, .T. ) ;
#2382 = CARTESIAN_POINT ( 'NONE',  ( 4.038599999999999746, 2.711449999999999694, 3.301999999999999602 ) ) ;
#2383 = VERTEX_POINT ( 'NONE', #1278 ) ;
#2384 = DIRECTION ( 'NONE',  ( -1.000000000000000000, 0.000000000000000000, 0.000000000000000000 ) ) ;
#2385 = ORIENTED_EDGE ( 'NONE', *, *, #1672, .T. ) ;
#2386 = CARTESIAN_POINT ( 'NONE',  ( 0.5397499999999899600, 2.520950000000000024, 3.473449999999999704 ) ) ;
#2387 = VECTOR ( 'NONE', #1162, 1000.000000000000000 ) ;
#2388 = ORIENTED_EDGE ( 'NONE', *, *, #2423, .T. ) ;
#2389 = FACE_OUTER_BOUND ( 'NONE', #3990, .T. ) ;
#2390 = CARTESIAN_POINT ( 'NONE',  ( 1.498600000000000154, 2.520950000000000024, 3.663949999999999818 ) ) ;
#2391 = VECTOR ( 'NONE', #440, 1000.000000000000000 ) ;
#2392 = UNCERTAINTY_MEASURE_WITH_UNIT (LENGTH_MEASURE( 1.000000000000000082E-05 ), #2278, 'distance_accuracy_value', 'NONE');
#2393 = EDGE_CURVE ( 'NONE', #1286, #3468, #1216, .T. ) ;
#2394 = EDGE_CURVE ( 'NONE', #12, #2851, #920, .T. ) ;
#2395 = CARTESIAN_POINT ( 'NONE',  ( 2.000249999999999861, 2.711449999999999694, -3.301999999999999602 ) ) ;
#2396 = VERTEX_POINT ( 'NONE', #281 ) ;
#2397 = PLANE ( 'NONE',  #3713 ) ;
#2398 = EDGE_CURVE ( 'NONE', #1783, #2100, #2844, .T. ) ;
#2399 = CYLINDRICAL_SURFACE ( 'NONE', #361, 0.1905000000000001414 ) ;
#2400 =( NAMED_UNIT ( * ) PLANE_ANGLE_UNIT ( ) SI_UNIT ( $, .RADIAN. ) );
#2401 =( NAMED_UNIT ( * ) PLANE_ANGLE_UNIT ( ) SI_UNIT ( $, .RADIAN. ) );
#2402 = ORIENTED_EDGE ( 'NONE', *, *, #451, .T. ) ;
#2403 = AXIS2_PLACEMENT_3D ( 'NONE', #1938, #10, #1607 ) ;
#2404 = LINE ( 'NONE', #2686, #1130 ) ;
#2405 = CARTESIAN_POINT ( 'NONE',  ( -2.000249999999999861, 0.3047999999999999599, -3.956049999999999844 ) ) ;
#2406 = LINE ( 'NONE', #157, #2500 ) ;
#2407 = ORIENTED_EDGE ( 'NONE', *, *, #2239, .T. ) ;
#2408 = ORIENTED_EDGE ( 'NONE', *, *, #2116, .T. ) ;
#2409 = LINE ( 'NONE', #2046, #23 ) ;
#2410 = VERTEX_POINT ( 'NONE', #2229 ) ;
#2411 = DIRECTION ( 'NONE',  ( 0.000000000000000000, 0.000000000000000000, 1.000000000000000000 ) ) ;
#2412 = ORIENTED_EDGE ( 'NONE', *, *, #4081, .F. ) ;
#2413 = DIRECTION ( 'NONE',  ( -1.000000000000000000, 0.000000000000000000, 0.000000000000000000 ) ) ;
#2414 = CARTESIAN_POINT ( 'NONE',  ( 2.000249999999999861, 2.711449999999999694, 3.473449999999999704 ) ) ;
#2415 = CYLINDRICAL_SURFACE ( 'NONE', #1972, 0.4826000000000001400 ) ;
#2416 = CARTESIAN_POINT ( 'NONE',  ( 4.038599999999999746, 2.520950000000000024, 3.663949999999999818 ) ) ;
#2417 = VERTEX_POINT ( 'NONE', #1917 ) ;
#2418 = DIRECTION ( 'NONE',  ( 0.000000000000000000, 5.143305367816659412E-17, 1.000000000000000000 ) ) ;
#2419 = EDGE_CURVE ( 'NONE', #2321, #1623, #2213, .T. ) ;
#2420 = CARTESIAN_POINT ( 'NONE',  ( 1.498600000000000154, 2.520950000000000024, 3.663949999999999818 ) ) ;
#2421 = SURFACE_SIDE_STYLE ('',( #518 ) ) ;
#2422 = ORIENTED_EDGE ( 'NONE', *, *, #2221, .T. ) ;
#2423 = EDGE_CURVE ( 'NONE', #3741, #2455, #616, .T. ) ;
#2424 = DIRECTION ( 'NONE',  ( -1.000000000000000000, 0.000000000000000000, 0.000000000000000000 ) ) ;
#2425 = ADVANCED_FACE ( 'NONE', ( #381 ), #25, .F. ) ;
#2426 = CARTESIAN_POINT ( 'NONE',  ( 4.940299999999999692, 2.711449999999999694, 3.301999999999999602 ) ) ;
#2427 = CARTESIAN_POINT ( 'NONE',  ( 0.5397499999999899600, 2.520950000000000024, -3.956049999999999844 ) ) ;
#2428 = LINE ( 'NONE', #2989, #2875 ) ;
#2429 = VERTEX_POINT ( 'NONE', #2014 ) ;
#2430 = PRESENTATION_LAYER_ASSIGNMENT (  '', '', ( #418 ) ) ;
#2431 = ORIENTED_EDGE ( 'NONE', *, *, #1013, .F. ) ;
#2432 = DIRECTION ( 'NONE',  ( 0.000000000000000000, -5.143305367816659412E-17, -1.000000000000000000 ) ) ;
#2433 = ORIENTED_EDGE ( 'NONE', *, *, #4047, .F. ) ;
#2434 = LINE ( 'NONE', #870, #4120 ) ;
#2435 = AXIS2_PLACEMENT_3D ( 'NONE', #1207, #3731, #2791 ) ;
#2436 = CARTESIAN_POINT ( 'NONE',  ( -0.5397500000000099440, 2.711449999999999694, -3.301999999999999602 ) ) ;
#2437 = DIRECTION ( 'NONE',  ( 1.000000000000000000, 0.000000000000000000, 0.000000000000000000 ) ) ;
#2438 = CARTESIAN_POINT ( 'NONE',  ( 1.498600000000000154, 2.520950000000000024, 3.663949999999999818 ) ) ;
#2439 = ORIENTED_EDGE ( 'NONE', *, *, #2139, .T. ) ;
#2440 = AXIS2_PLACEMENT_3D ( 'NONE', #2186, #253, #1272 ) ;
#2441 = FACE_OUTER_BOUND ( 'NONE', #2910, .T. ) ;
#2442 = CARTESIAN_POINT ( 'NONE',  ( -1.041400000000000103, 2.520950000000000024, -3.473449999999999704 ) ) ;
#2443 = AXIS2_PLACEMENT_3D ( 'NONE', #3350, #1193, #1745 ) ;
#2444 = EDGE_LOOP ( 'NONE', ( #2486, #2926, #2297, #3986 ) ) ;
#2445 = CARTESIAN_POINT ( 'NONE',  ( -0.5397500000000099440, -4.487044639735940043E-16, 3.663949999999999818 ) ) ;
#2446 = DIRECTION ( 'NONE',  ( 0.000000000000000000, -0.1305261922200520452, 0.9914448613738103822 ) ) ;
#2447 = CIRCLE ( 'NONE', #3392, 0.1905000000000001414 ) ;
#2448 = AXIS2_PLACEMENT_3D ( 'NONE', #2370, #1431, #1720 ) ;
#2449 = EDGE_CURVE ( 'NONE', #2609, #584, #357, .T. ) ;
#2450 = EDGE_CURVE ( 'NONE', #4005, #3119, #3894, .T. ) ;
#2451 = CARTESIAN_POINT ( 'NONE',  ( -2.000249999999999861, 2.520950000000000024, -3.473449999999999704 ) ) ;
#2452 = ORIENTED_EDGE ( 'NONE', *, *, #193, .F. ) ;
#2453 = EDGE_CURVE ( 'NONE', #3710, #1337, #66, .T. ) ;
#2454 = ORIENTED_EDGE ( 'NONE', *, *, #2499, .F. ) ;
#2455 = VERTEX_POINT ( 'NONE', #1367 ) ;
#2456 = DIRECTION ( 'NONE',  ( 0.000000000000000000, 0.000000000000000000, -1.000000000000000000 ) ) ;
#2457 = CARTESIAN_POINT ( 'NONE',  ( -1.041400000000000103, -4.064000000000000057, -3.663949999999999818 ) ) ;
#2458 = CARTESIAN_POINT ( 'NONE',  ( 4.038599999999999746, -4.064000000000000057, 3.663949999999999818 ) ) ;
#2459 = CARTESIAN_POINT ( 'NONE',  ( -2.000249999999999861, 3.003549999999999720, -3.473449999999999704 ) ) ;
#2460 = DIRECTION ( 'NONE',  ( -1.000000000000000000, 0.000000000000000000, 0.000000000000000000 ) ) ;
#2461 = VERTEX_POINT ( 'NONE', #336 ) ;
#2462 = VECTOR ( 'NONE', #1764, 1000.000000000000000 ) ;
#2463 = CARTESIAN_POINT ( 'NONE',  ( 0.5397499999999899600, 3.003549999999999720, 3.301999999999999602 ) ) ;
#2464 = VECTOR ( 'NONE', #2413, 1000.000000000000000 ) ;
#2465 = SURFACE_SIDE_STYLE ('',( #1235 ) ) ;
#2466 = DIRECTION ( 'NONE',  ( 1.000000000000000000, 0.000000000000000000, 0.000000000000000000 ) ) ;
#2467 = VECTOR ( 'NONE', #1840, 1000.000000000000000 ) ;
#2468 = EDGE_LOOP ( 'NONE', ( #1378, #1761, #2537, #663 ) ) ;
#2469 = FACE_OUTER_BOUND ( 'NONE', #3288, .T. ) ;
#2470 = PLANE ( 'NONE',  #2164 ) ;
#2471 = CARTESIAN_POINT ( 'NONE',  ( -4.038599999999999746, -4.064000000000000057, 3.663949999999999818 ) ) ;
#2473 = VECTOR ( 'NONE', #3722, 1000.000000000000000 ) ;
#2472 = CARTESIAN_POINT ( 'NONE',  ( -3.384549999999999947, -4.487044639735944974E-16, 3.663949999999999818 ) ) ;
#2474 = VERTEX_POINT ( 'NONE', #2596 ) ;
#2475 = EDGE_CURVE ( 'NONE', #2100, #1610, #696, .T. ) ;
#2476 = ADVANCED_FACE ( 'NONE', ( #403 ), #1678, .F. ) ;
#2477 = ORIENTED_EDGE ( 'NONE', *, *, #3850, .T. ) ;
#2478 = PLANE ( 'NONE',  #829 ) ;
#2479 = LINE ( 'NONE', #2122, #3184 ) ;
#2480 = CARTESIAN_POINT ( 'NONE',  ( -0.5397500000000099440, -4.487044639735940043E-16, -3.663949999999999818 ) ) ;
#2481 = EDGE_CURVE ( 'NONE', #2383, #2068, #2576, .T. ) ;
#2482 = CARTESIAN_POINT ( 'NONE',  ( -3.581400000000000361, -4.064000000000000057, 3.956049999999999844 ) ) ;
#2483 = ORIENTED_EDGE ( 'NONE', *, *, #813, .T. ) ;
#2484 = DIRECTION ( 'NONE',  ( -1.000000000000000000, 0.000000000000000000, 0.000000000000000000 ) ) ;
#2485 = DIRECTION ( 'NONE',  ( -2.626776916984869807E-16, 0.000000000000000000, -1.000000000000000000 ) ) ;
#2486 = ORIENTED_EDGE ( 'NONE', *, *, #1672, .F. ) ;
#2487 = DIRECTION ( 'NONE',  ( -1.000000000000000000, 0.000000000000000000, 0.000000000000000000 ) ) ;
#2488 = CARTESIAN_POINT ( 'NONE',  ( -3.384549999999999947, -4.336808689942014778E-16, -3.956049999999999844 ) ) ;
#2489 = PLANE ( 'NONE',  #2332 ) ;
#2490 = ORIENTED_EDGE ( 'NONE', *, *, #3689, .F. ) ;
#2491 = VECTOR ( 'NONE', #339, 1000.000000000000000 ) ;
#2492 = EDGE_LOOP ( 'NONE', ( #3903, #2003, #3242, #970, #2319, #133, #3961, #3816, #528, #2542 ) ) ;
#2493 = CARTESIAN_POINT ( 'NONE',  ( 3.384549999999999947, -4.487044639735944974E-16, 3.663949999999999818 ) ) ;
#2494 = FILL_AREA_STYLE_COLOUR ( '', #3976 ) ;
#2495 = CARTESIAN_POINT ( 'NONE',  ( 4.940299999999999692, 3.003549999999999720, -3.301999999999999602 ) ) ;
#2496 = LINE ( 'NONE', #1535, #4082 ) ;
#2497 = PRESENTATION_LAYER_ASSIGNMENT (  '', '', ( #2836 ) ) ;
#2498 = LINE ( 'NONE', #1577, #3736 ) ;
#2499 = EDGE_CURVE ( 'NONE', #4142, #2747, #3676, .T. ) ;
#2500 = VECTOR ( 'NONE', #2065, 1000.000000000000000 ) ;
#2501 = ORIENTED_EDGE ( 'NONE', *, *, #1282, .T. ) ;
#2502 = LINE ( 'NONE', #2463, #2323 ) ;
#2503 = CARTESIAN_POINT ( 'NONE',  ( 1.041400000000000103, 2.520950000000000024, 3.956049999999999844 ) ) ;
#2504 = DIRECTION ( 'NONE',  ( 1.000000000000000000, 0.000000000000000000, 0.000000000000000000 ) ) ;
#2505 = EDGE_CURVE ( 'NONE', #1274, #2045, #2264, .T. ) ;
#2506 = VECTOR ( 'NONE', #2384, 1000.000000000000000 ) ;
#2507 = PRODUCT_CONTEXT ( 'NONE', #309, 'mechanical' ) ;
#2508 = VERTEX_POINT ( 'NONE', #2559 ) ;
#2509 = CARTESIAN_POINT ( 'NONE',  ( 3.581400000000000361, 2.520950000000000024, 3.956049999999999844 ) ) ;
#2510 = CARTESIAN_POINT ( 'NONE',  ( -4.940299999999999692, 3.003549999999999720, -0.7366000000000000325 ) ) ;
#2511 = AXIS2_PLACEMENT_3D ( 'NONE', #618, #3439, #9 ) ;
#2512 =( GEOMETRIC_REPRESENTATION_CONTEXT ( 3 ) GLOBAL_UNCERTAINTY_ASSIGNED_CONTEXT ( ( #2729 ) ) GLOBAL_UNIT_ASSIGNED_CONTEXT ( ( #3436, #1518, #3140 ) ) REPRESENTATION_CONTEXT ( 'NONE', 'WORKASPACE' ) );
#2513 = DIRECTION ( 'NONE',  ( 1.000000000000000000, 0.000000000000000000, 0.000000000000000000 ) ) ;
#2514 = ORIENTED_EDGE ( 'NONE', *, *, #1913, .T. ) ;
#2515 = VECTOR ( 'NONE', #442, 1000.000000000000000 ) ;
#2516 = VECTOR ( 'NONE', #3073, 1000.000000000000000 ) ;
#2517 = ORIENTED_EDGE ( 'NONE', *, *, #1701, .F. ) ;
#2518 = ORIENTED_EDGE ( 'NONE', *, *, #1347, .F. ) ;
#2519 =( LENGTH_UNIT ( ) NAMED_UNIT ( * ) SI_UNIT ( .MILLI., .METRE. ) );
#2520 = LINE ( 'NONE', #552, #3453 ) ;
#2521 = DIRECTION ( 'NONE',  ( 0.000000000000000000, 1.000000000000000000, -6.881229203184539713E-16 ) ) ;
#2522 = CARTESIAN_POINT ( 'NONE',  ( 4.038599999999999746, 2.520950000000000024, 3.663949999999999818 ) ) ;
#2523 = ORIENTED_EDGE ( 'NONE', *, *, #3383, .F. ) ;
#2524 = CARTESIAN_POINT ( 'NONE',  ( 4.038599999999999746, 2.711449999999999694, 3.473449999999999704 ) ) ;
#2525 = FACE_OUTER_BOUND ( 'NONE', #2070, .T. ) ;
#2526 = ADVANCED_FACE ( 'NONE', ( #2282 ), #1010, .F. ) ;
#2527 = EDGE_CURVE ( 'NONE', #2747, #3438, #1054, .T. ) ;
#2528 = VECTOR ( 'NONE', #1028, 1000.000000000000000 ) ;
#2529 = VECTOR ( 'NONE', #1305, 1000.000000000000000 ) ;
#2530 = ORIENTED_EDGE ( 'NONE', *, *, #3580, .F. ) ;
#2531 = PLANE ( 'NONE',  #3354 ) ;
#2532 =( NAMED_UNIT ( * ) SI_UNIT ( $, .STERADIAN. ) SOLID_ANGLE_UNIT ( ) );
#2533 = CARTESIAN_POINT ( 'NONE',  ( -1.041400000000000103, -4.064000000000000057, 3.663949999999999818 ) ) ;
#2534 = EDGE_CURVE ( 'NONE', #78, #3107, #3857, .T. ) ;
#2535 = CARTESIAN_POINT ( 'NONE',  ( 3.079750000000000210, 2.520950000000000024, -3.663949999999999818 ) ) ;
#2536 = ORIENTED_EDGE ( 'NONE', *, *, #319, .T. ) ;
#2537 = ORIENTED_EDGE ( 'NONE', *, *, #2012, .T. ) ;
#2538 = FILL_AREA_STYLE_COLOUR ( '', #3106 ) ;
#2539 = AXIS2_PLACEMENT_3D ( 'NONE', #3878, #3584, #1955 ) ;
#2540 = CARTESIAN_POINT ( 'NONE',  ( 4.038599999999999746, -4.064000000000000057, 3.956049999999999844 ) ) ;
#2541 = CARTESIAN_POINT ( 'NONE',  ( 1.498600000000000154, 3.003549999999999720, -3.301999999999999602 ) ) ;
#2542 = ORIENTED_EDGE ( 'NONE', *, *, #3690, .F. ) ;
#2543 = LINE ( 'NONE', #956, #1387 ) ;
#2544 = FACE_OUTER_BOUND ( 'NONE', #3959, .T. ) ;
#2545 = DIRECTION ( 'NONE',  ( 0.000000000000000000, 1.000000000000000000, 1.317188039375246045E-16 ) ) ;
#2546 = ORIENTED_EDGE ( 'NONE', *, *, #1230, .T. ) ;
#2547 = LINE ( 'NONE', #2195, #3787 ) ;
#2548 = LINE ( 'NONE', #603, #3610 ) ;
#2549 = CARTESIAN_POINT ( 'NONE',  ( 0.000000000000000000, 5.334000000000000519, 0.000000000000000000 ) ) ;
#2550 = EDGE_CURVE ( 'NONE', #1083, #492, #422, .T. ) ;
#2551 = EDGE_CURVE ( 'NONE', #3554, #1056, #3240, .T. ) ;
#2552 = ORIENTED_EDGE ( 'NONE', *, *, #164, .F. ) ;
#2553 = CARTESIAN_POINT ( 'NONE',  ( 2.000249999999999861, 2.711449999999999694, -3.473449999999999704 ) ) ;
#2554 = VERTEX_POINT ( 'NONE', #1346 ) ;
#2555 = CARTESIAN_POINT ( 'NONE',  ( 3.079750000000000210, 2.520950000000000024, -3.473449999999999704 ) ) ;
#2556 = ORIENTED_EDGE ( 'NONE', *, *, #1147, .T. ) ;
#2557 = DIRECTION ( 'NONE',  ( 1.000000000000000000, 0.000000000000000000, 0.000000000000000000 ) ) ;
#2558 = CARTESIAN_POINT ( 'NONE',  ( 1.498600000000000154, -4.064000000000000057, 3.956049999999999844 ) ) ;
#2559 = CARTESIAN_POINT ( 'NONE',  ( 3.581400000000000361, -4.064000000000000057, -3.663949999999999818 ) ) ;
#2560 = AXIS2_PLACEMENT_3D ( 'NONE', #3906, #3277, #610 ) ;
#2561 = EDGE_LOOP ( 'NONE', ( #2891, #2317, #2782, #1799 ) ) ;
#2562 = CARTESIAN_POINT ( 'NONE',  ( -3.079750000000000210, 0.3047999999999999599, 3.663949999999999818 ) ) ;
#2563 = DIRECTION ( 'NONE',  ( 1.000000000000000000, 0.000000000000000000, 0.000000000000000000 ) ) ;
#2564 = ORIENTED_EDGE ( 'NONE', *, *, #2058, .T. ) ;
#2565 = ADVANCED_FACE ( 'NONE', ( #3262 ), #2941, .F. ) ;
#2566 = EDGE_CURVE ( 'NONE', #1262, #1356, #657, .T. ) ;
#2567 = COLOUR_RGB ( '',0.7960784313725489669, 0.8235294117647058432, 0.9372549019607843146 ) ;
#2568 = PLANE ( 'NONE',  #837 ) ;
#2569 = EDGE_CURVE ( 'NONE', #1628, #584, #1614, .T. ) ;
#2570 = ORIENTED_EDGE ( 'NONE', *, *, #416, .F. ) ;
#2571 = CARTESIAN_POINT ( 'NONE',  ( 1.498600000000000154, 2.520950000000000024, -3.956049999999999844 ) ) ;
#2572 = ORIENTED_EDGE ( 'NONE', *, *, #893, .T. ) ;
#2573 = DIRECTION ( 'NONE',  ( 0.000000000000000000, 1.000000000000000000, 0.000000000000000000 ) ) ;
#2574 = DIRECTION ( 'NONE',  ( 1.000000000000000000, 0.000000000000000000, 0.000000000000000000 ) ) ;
#2575 = CARTESIAN_POINT ( 'NONE',  ( 1.498600000000000154, -4.064000000000000057, 3.663949999999999818 ) ) ;
#2576 = LINE ( 'NONE', #1616, #3860 ) ;
#2577 = ORIENTED_EDGE ( 'NONE', *, *, #1197, .T. ) ;
#2578 = LINE ( 'NONE', #2598, #3172 ) ;
#2579 = FACE_OUTER_BOUND ( 'NONE', #1537, .T. ) ;
#2580 = EDGE_LOOP ( 'NONE', ( #272, #2357, #1334, #2483 ) ) ;
#2581 = PLANE ( 'NONE',  #1655 ) ;
#2582 = VECTOR ( 'NONE', #1719, 1000.000000000000000 ) ;
#2583 = VERTEX_POINT ( 'NONE', #598 ) ;
#2584 = PRODUCT_DEFINITION ( 'UNKNOWN', '', #877, #594 ) ;
#2585 = ADVANCED_FACE ( 'NONE', ( #2544 ), #3138, .T. ) ;
#2586 = DIRECTION ( 'NONE',  ( 0.000000000000000000, 0.000000000000000000, 1.000000000000000000 ) ) ;
#2587 = ORIENTED_EDGE ( 'NONE', *, *, #394, .T. ) ;
#2588 = CARTESIAN_POINT ( 'NONE',  ( -1.498600000000000154, -4.336808689942014778E-16, -3.473449999999999704 ) ) ;
#2589 = VECTOR ( 'NONE', #3526, 1000.000000000000000 ) ;
#2590 = ADVANCED_FACE ( 'NONE', ( #1306 ), #299, .F. ) ;
#2591 = VECTOR ( 'NONE', #1218, 1000.000000000000000 ) ;
#2592 = ADVANCED_FACE ( 'NONE', ( #2862 ), #2842, .F. ) ;
#2593 = ORIENTED_EDGE ( 'NONE', *, *, #3170, .F. ) ;
#2594 = DIRECTION ( 'NONE',  ( 1.000000000000000000, 0.000000000000000000, 0.000000000000000000 ) ) ;
#2595 = DIRECTION ( 'NONE',  ( -1.000000000000000000, 0.000000000000000000, 0.000000000000000000 ) ) ;
#2596 = CARTESIAN_POINT ( 'NONE',  ( 0.8445499999999900309, -4.336808689942014778E-16, -3.956049999999999844 ) ) ;
#2597 = ORIENTED_EDGE ( 'NONE', *, *, #924, .F. ) ;
#2598 = CARTESIAN_POINT ( 'NONE',  ( 0.8445499999999900309, -4.604301977989739772E-16, -3.956049999999999844 ) ) ;
#2599 = DIRECTION ( 'NONE',  ( 0.000000000000000000, 0.000000000000000000, 1.000000000000000000 ) ) ;
#2600 = ORIENTED_EDGE ( 'NONE', *, *, #2366, .T. ) ;
#2601 = ORIENTED_EDGE ( 'NONE', *, *, #3433, .T. ) ;
#2602 = DIRECTION ( 'NONE',  ( 1.000000000000000000, 0.000000000000000000, 0.000000000000000000 ) ) ;
#2603 = ORIENTED_EDGE ( 'NONE', *, *, #2884, .F. ) ;
#2604 = ORIENTED_EDGE ( 'NONE', *, *, #4106, .F. ) ;
#2605 = CARTESIAN_POINT ( 'NONE',  ( 1.498600000000000154, 2.520950000000000024, 3.956049999999999844 ) ) ;
#2606 = CARTESIAN_POINT ( 'NONE',  ( 2.000249999999999861, -4.487044639735940043E-16, -3.663949999999999818 ) ) ;
#2607 = EDGE_LOOP ( 'NONE', ( #2049, #1569, #3801, #2685 ) ) ;
#2608 = CARTESIAN_POINT ( 'NONE',  ( 2.000249999999999861, -4.336808689942014778E-16, 3.956049999999999844 ) ) ;
#2609 = VERTEX_POINT ( 'NONE', #2558 ) ;
#2610 = CARTESIAN_POINT ( 'NONE',  ( 3.079750000000000210, 3.003549999999999720, -3.301999999999999602 ) ) ;
#2611 = DIRECTION ( 'NONE',  ( 0.000000000000000000, 0.000000000000000000, -1.000000000000000000 ) ) ;
#2612 = PLANE ( 'NONE',  #1707 ) ;
#2613 = EDGE_CURVE ( 'NONE', #3107, #2851, #974, .T. ) ;
#2614 = DIRECTION ( 'NONE',  ( -1.000000000000000000, 0.000000000000000000, 0.000000000000000000 ) ) ;
#2615 = CIRCLE ( 'NONE', #2283, 0.4826000000000001400 ) ;
#2616 = ORIENTED_EDGE ( 'NONE', *, *, #2987, .T. ) ;
#2617 = DIRECTION ( 'NONE',  ( -1.000000000000000000, 0.000000000000000000, 0.000000000000000000 ) ) ;
#2618 = ADVANCED_FACE ( 'NONE', ( #917 ), #1599, .T. ) ;
#2619 = DIRECTION ( 'NONE',  ( 0.000000000000000000, 0.000000000000000000, 1.000000000000000000 ) ) ;
#2620 = ORIENTED_EDGE ( 'NONE', *, *, #1372, .F. ) ;
#2621 = VECTOR ( 'NONE', #2380, 1000.000000000000000 ) ;
#2622 = CARTESIAN_POINT ( 'NONE',  ( -4.633490436997449891, 0.3810000000000000053, 3.301999999999999602 ) ) ;
#2623 = DIRECTION ( 'NONE',  ( 0.000000000000000000, 0.000000000000000000, -1.000000000000000000 ) ) ;
#2624 = ORIENTED_EDGE ( 'NONE', *, *, #3378, .F. ) ;
#2625 = VERTEX_POINT ( 'NONE', #3181 ) ;
#2626 = AXIS2_PLACEMENT_3D ( 'NONE', #419, #1227, #3110 ) ;
#2627 = DIRECTION ( 'NONE',  ( 0.000000000000000000, 0.000000000000000000, -1.000000000000000000 ) ) ;
#2628 = STYLED_ITEM ( 'NONE', ( #2758 ), #2295 ) ;
#2629 = ORIENTED_EDGE ( 'NONE', *, *, #368, .T. ) ;
#2630 = CARTESIAN_POINT ( 'NONE',  ( -3.079750000000000210, 2.711449999999999694, -3.473449999999999704 ) ) ;
#2631 = EDGE_LOOP ( 'NONE', ( #3267, #2639, #3397, #62, #3769, #3970, #711, #3751 ) ) ;
#2632 = VECTOR ( 'NONE', #899, 1000.000000000000000 ) ;
#2633 = CARTESIAN_POINT ( 'NONE',  ( 2.000249999999999861, 2.520950000000000024, -3.473449999999999704 ) ) ;
#2634 = CARTESIAN_POINT ( 'NONE',  ( -3.079750000000000210, -4.487044639735940043E-16, 3.663949999999999818 ) ) ;
#2635 = VECTOR ( 'NONE', #1360, 1000.000000000000000 ) ;
#2636 = CARTESIAN_POINT ( 'NONE',  ( 3.581400000000000361, -4.336808689942014778E-16, 3.473449999999999704 ) ) ;
#2637 = CIRCLE ( 'NONE', #1911, 0.4826000000000001400 ) ;
#2638 = DIRECTION ( 'NONE',  ( 0.000000000000000000, -1.317188039375246045E-16, -1.000000000000000000 ) ) ;
#2639 = ORIENTED_EDGE ( 'NONE', *, *, #2173, .F. ) ;
#2640 = EDGE_CURVE ( 'NONE', #1410, #1804, #3480, .T. ) ;
#2641 = LINE ( 'NONE', #1619, #76 ) ;
#2642 = EDGE_CURVE ( 'NONE', #3171, #3852, #1258, .T. ) ;
#2643 = ORIENTED_EDGE ( 'NONE', *, *, #581, .F. ) ;
#2644 = ORIENTED_EDGE ( 'NONE', *, *, #2671, .T. ) ;
#2645 = ADVANCED_FACE ( 'NONE', ( #2525 ), #3825, .T. ) ;
#2646 = ORIENTED_EDGE ( 'NONE', *, *, #4020, .T. ) ;
#2647 =( LENGTH_UNIT ( ) NAMED_UNIT ( * ) SI_UNIT ( .MILLI., .METRE. ) );
#2648 = ORIENTED_EDGE ( 'NONE', *, *, #3850, .F. ) ;
#2649 = VECTOR ( 'NONE', #3707, 1000.000000000000000 ) ;
#2650 = CIRCLE ( 'NONE', #3606, 0.4826000000000001400 ) ;
#2651 = DIRECTION ( 'NONE',  ( 0.000000000000000000, 0.000000000000000000, -1.000000000000000000 ) ) ;
#2652 = VECTOR ( 'NONE', #3010, 1000.000000000000000 ) ;
#2653 = ORIENTED_EDGE ( 'NONE', *, *, #496, .T. ) ;
#2654 = CARTESIAN_POINT ( 'NONE',  ( 2.000249999999999861, 0.3047999999999999599, -3.956049999999999844 ) ) ;
#2655 = VERTEX_POINT ( 'NONE', #1234 ) ;
#2656 = LINE ( 'NONE', #2279, #3819 ) ;
#2657 = LINE ( 'NONE', #2247, #97 ) ;
#2658 = VECTOR ( 'NONE', #1419, 1000.000000000000114 ) ;
#2659 = ORIENTED_EDGE ( 'NONE', *, *, #3993, .F. ) ;
#2660 = DIRECTION ( 'NONE',  ( 1.000000000000000000, 0.000000000000000000, 0.000000000000000000 ) ) ;
#2661 = CARTESIAN_POINT ( 'NONE',  ( -3.079750000000000210, 3.003549999999999720, 3.301999999999999602 ) ) ;
#2662 = EDGE_LOOP ( 'NONE', ( #2968, #643, #2808, #4038, #998, #3289, #3909, #1033 ) ) ;
#2663 = CARTESIAN_POINT ( 'NONE',  ( 2.000249999999999861, 2.520950000000000024, 3.473449999999999704 ) ) ;
#2664 = CARTESIAN_POINT ( 'NONE',  ( 2.000249999999999861, -4.336808689942014778E-16, -3.956049999999999844 ) ) ;
#2665 = EDGE_CURVE ( 'NONE', #1244, #3128, #939, .T. ) ;
#2666 = ADVANCED_FACE ( 'NONE', ( #615 ), #1292, .F. ) ;
#2667 = ORIENTED_EDGE ( 'NONE', *, *, #2702, .F. ) ;
#2668 = CARTESIAN_POINT ( 'NONE',  ( 4.038599999999999746, 3.003549999999999720, -3.956049999999999844 ) ) ;
#2669 = ORIENTED_EDGE ( 'NONE', *, *, #373, .F. ) ;
#2670 = CARTESIAN_POINT ( 'NONE',  ( 2.000249999999999861, -4.487044639735940043E-16, -3.663949999999999818 ) ) ;
#2671 = EDGE_CURVE ( 'NONE', #1390, #659, #3870, .T. ) ;
#2672 = ORIENTED_EDGE ( 'NONE', *, *, #844, .F. ) ;
#2673 = FACE_OUTER_BOUND ( 'NONE', #3191, .T. ) ;
#2674 = EDGE_LOOP ( 'NONE', ( #806, #2, #3069, #32 ) ) ;
#2675 = SURFACE_STYLE_USAGE ( .BOTH. , #825 ) ;
#2676 = CARTESIAN_POINT ( 'NONE',  ( -4.326680873994910748, 3.987799999999999567, 0.000000000000000000 ) ) ;
#2677 = DIRECTION ( 'NONE',  ( -1.000000000000000000, 0.000000000000000000, 0.000000000000000000 ) ) ;
#2678 = UNCERTAINTY_MEASURE_WITH_UNIT (LENGTH_MEASURE( 1.000000000000000082E-05 ), #174, 'distance_accuracy_value', 'NONE');
#2679 = DIRECTION ( 'NONE',  ( 1.000000000000000000, 0.000000000000000000, 0.000000000000000000 ) ) ;
#2680 = EDGE_LOOP ( 'NONE', ( #4051, #2593, #41, #3105 ) ) ;
#2681 = LINE ( 'NONE', #2376, #3570 ) ;
#2682 = APPLICATION_CONTEXT ( 'automotive_design' ) ;
#2683 = CARTESIAN_POINT ( 'NONE',  ( -4.038599999999999746, 2.711449999999999694, -3.473449999999999704 ) ) ;
#2684 = VECTOR ( 'NONE', #2077, 1000.000000000000000 ) ;
#2685 = ORIENTED_EDGE ( 'NONE', *, *, #2081, .T. ) ;
#2686 = CARTESIAN_POINT ( 'NONE',  ( -4.940299999999999692, 3.987799999999999567, -0.7366000000000000325 ) ) ;
#2687 = DIRECTION ( 'NONE',  ( 0.000000000000000000, 1.317188039375246045E-16, 1.000000000000000000 ) ) ;
#2688 =( GEOMETRIC_REPRESENTATION_CONTEXT ( 3 ) GLOBAL_UNCERTAINTY_ASSIGNED_CONTEXT ( ( #2678 ) ) GLOBAL_UNIT_ASSIGNED_CONTEXT ( ( #174, #2730, #513 ) ) REPRESENTATION_CONTEXT ( 'NONE', 'WORKASPACE' ) );
#2689 = CARTESIAN_POINT ( 'NONE',  ( 1.498600000000000154, 3.003549999999999720, -3.301999999999999602 ) ) ;
#2691 = VECTOR ( 'NONE', #1686, 1000.000000000000000 ) ;
#2690 = LINE ( 'NONE', #1754, #2473 ) ;
#2692 = EDGE_LOOP ( 'NONE', ( #1883, #123, #3250, #977 ) ) ;
#2693 = ADVANCED_FACE ( 'NONE', ( #3201 ), #1582, .F. ) ;
#2694 = DIRECTION ( 'NONE',  ( 0.000000000000000000, -1.000000000000000000, 0.000000000000000000 ) ) ;
#2695 = EDGE_CURVE ( 'NONE', #39, #1715, #655, .T. ) ;
#2696 = AXIS2_PLACEMENT_3D ( 'NONE', #4086, #2834, #4124 ) ;
#2697 = ORIENTED_EDGE ( 'NONE', *, *, #1726, .T. ) ;
#2698 = LINE ( 'NONE', #3991, #3189 ) ;
#2699 = ORIENTED_EDGE ( 'NONE', *, *, #88, .F. ) ;
#2700 = LINE ( 'NONE', #1787, #2969 ) ;
#2701 = DIRECTION ( 'NONE',  ( -1.000000000000000000, 0.000000000000000000, 0.000000000000000000 ) ) ;
#2702 = EDGE_CURVE ( 'NONE', #449, #3280, #22, .T. ) ;
#2703 = DIRECTION ( 'NONE',  ( -1.000000000000000000, 0.000000000000000000, 0.000000000000000000 ) ) ;
#2704 = AXIS2_PLACEMENT_3D ( 'NONE', #1092, #2365, #2432 ) ;
#2705 = CARTESIAN_POINT ( 'NONE',  ( -3.079750000000000210, 2.520950000000000024, -3.956049999999999844 ) ) ;
#2706 = VECTOR ( 'NONE', #2504, 1000.000000000000000 ) ;
#2707 = ORIENTED_EDGE ( 'NONE', *, *, #3714, .T. ) ;
#2708 = CIRCLE ( 'NONE', #2111, 0.7366000000000000325 ) ;
#2709 = LINE ( 'NONE', #4002, #147 ) ;
#2710 = PLANE ( 'NONE',  #2104 ) ;
#2711 = CARTESIAN_POINT ( 'NONE',  ( -4.810721029249609870, 3.987799999999999567, 0.7366000000000000325 ) ) ;
#2712 = ORIENTED_EDGE ( 'NONE', *, *, #4052, .F. ) ;
#2713 = CARTESIAN_POINT ( 'NONE',  ( -3.079750000000000210, 2.520950000000000024, -3.663949999999999818 ) ) ;
#2714 = FACE_OUTER_BOUND ( 'NONE', #3194, .T. ) ;
#2715 = DIRECTION ( 'NONE',  ( -1.000000000000000000, 0.000000000000000000, 0.000000000000000000 ) ) ;
#2716 = VERTEX_POINT ( 'NONE', #3955 ) ;
#2717 = DIRECTION ( 'NONE',  ( 0.000000000000000000, 0.000000000000000000, 1.000000000000000000 ) ) ;
#2718 = ORIENTED_EDGE ( 'NONE', *, *, #1319, .T. ) ;
#2719 = LINE ( 'NONE', #1781, #905 ) ;
#2720 = EDGE_LOOP ( 'NONE', ( #566, #3527, #3810, #904 ) ) ;
#2721 = CARTESIAN_POINT ( 'NONE',  ( 1.498600000000000154, -4.487044639735940043E-16, 3.663949999999999818 ) ) ;
#2722 = VECTOR ( 'NONE', #6, 1000.000000000000000 ) ;
#2723 = EDGE_CURVE ( 'NONE', #3171, #2040, #43, .T. ) ;
#2724 = VERTEX_POINT ( 'NONE', #1325 ) ;
#2725 = CARTESIAN_POINT ( 'NONE',  ( -0.5397500000000099440, -4.487044639735940043E-16, -3.663949999999999818 ) ) ;
#2726 = CARTESIAN_POINT ( 'NONE',  ( 3.079750000000000210, 0.3047999999999999599, 3.473449999999999704 ) ) ;
#2727 = DIRECTION ( 'NONE',  ( 2.626776916984869807E-16, 0.000000000000000000, 1.000000000000000000 ) ) ;
#2728 = AXIS2_PLACEMENT_3D ( 'NONE', #4095, #3167, #284 ) ;
#2729 = UNCERTAINTY_MEASURE_WITH_UNIT (LENGTH_MEASURE( 1.000000000000000082E-05 ), #3436, 'distance_accuracy_value', 'NONE');
#2730 =( NAMED_UNIT ( * ) PLANE_ANGLE_UNIT ( ) SI_UNIT ( $, .RADIAN. ) );
#2731 = LINE ( 'NONE', #1388, #1777 ) ;
#2732 = EDGE_CURVE ( 'NONE', #2417, #4143, #3892, .T. ) ;
#2733 = ADVANCED_FACE ( 'NONE', ( #378 ), #81, .F. ) ;
#2734 = VECTOR ( 'NONE', #1396, 1000.000000000000000 ) ;
#2735 = ORIENTED_EDGE ( 'NONE', *, *, #3799, .T. ) ;
#2736 = LINE ( 'NONE', #542, #3026 ) ;
#2737 = CARTESIAN_POINT ( 'NONE',  ( 3.079750000000000210, 3.003549999999999720, 3.301999999999999602 ) ) ;
#2738 = ORIENTED_EDGE ( 'NONE', *, *, #1780, .F. ) ;
#2739 = CIRCLE ( 'NONE', #728, 0.1905000000000001414 ) ;
#2740 = CARTESIAN_POINT ( 'NONE',  ( 4.540250000000000341, -4.336808689942014778E-16, 3.956049999999999844 ) ) ;
#2741 = FACE_OUTER_BOUND ( 'NONE', #1279, .T. ) ;
#2742 = DIRECTION ( 'NONE',  ( 0.000000000000000000, 0.000000000000000000, 1.000000000000000000 ) ) ;
#2743 = DIRECTION ( 'NONE',  ( 0.000000000000000000, 0.000000000000000000, -1.000000000000000000 ) ) ;
#2744 = ORIENTED_EDGE ( 'NONE', *, *, #2863, .T. ) ;
#2745 = ORIENTED_EDGE ( 'NONE', *, *, #4000, .T. ) ;
#2746 = CARTESIAN_POINT ( 'NONE',  ( 2.000249999999999861, 2.520950000000000024, -3.473449999999999704 ) ) ;
#2747 = VERTEX_POINT ( 'NONE', #1969 ) ;
#2748 = CARTESIAN_POINT ( 'NONE',  ( 4.940299999999999692, 2.711449999999999694, -3.301999999999999602 ) ) ;
#2749 = CARTESIAN_POINT ( 'NONE',  ( 3.079750000000000210, 2.520950000000000024, 3.663949999999999818 ) ) ;
#2750 = LINE ( 'NONE', #3092, #646 ) ;
#2751 = LINE ( 'NONE', #3344, #3593 ) ;
#2752 = CARTESIAN_POINT ( 'NONE',  ( 3.079750000000000210, 2.520950000000000024, 3.473449999999999704 ) ) ;
#2753 = LINE ( 'NONE', #1166, #3462 ) ;
#2754 = ORIENTED_EDGE ( 'NONE', *, *, #949, .F. ) ;
#2755 = FACE_OUTER_BOUND ( 'NONE', #3358, .T. ) ;
#2756 = ADVANCED_FACE ( 'NONE', ( #2916 ), #1074, .F. ) ;
#2757 = EDGE_CURVE ( 'NONE', #1967, #2235, #1654, .T. ) ;
#2758 = PRESENTATION_STYLE_ASSIGNMENT (( #1797 ) ) ;
#2759 = DIRECTION ( 'NONE',  ( 0.000000000000000000, -1.000000000000000000, 1.317188039375246045E-16 ) ) ;
#2760 = EDGE_LOOP ( 'NONE', ( #1516, #3293, #2954, #3966, #2275, #3317, #3335, #3880, #2840, #3835 ) ) ;
#2761 = LINE ( 'NONE', #3524, #1332 ) ;
#2762 = CARTESIAN_POINT ( 'NONE',  ( 4.038599999999999746, 2.520950000000000024, -3.956049999999999844 ) ) ;
#2763 = EDGE_CURVE ( 'NONE', #3280, #1390, #2656, .T. ) ;
#2764 = CARTESIAN_POINT ( 'NONE',  ( -4.940299999999999692, 3.003549999999999720, 0.7366000000000000325 ) ) ;
#2765 = VERTEX_POINT ( 'NONE', #3575 ) ;
#2766 = COLOUR_RGB ( '',0.7960784313725489669, 0.8235294117647058432, 0.9372549019607843146 ) ;
#2767 = ORIENTED_EDGE ( 'NONE', *, *, #627, .T. ) ;
#2768 = VERTEX_POINT ( 'NONE', #2938 ) ;
#2769 = CARTESIAN_POINT ( 'NONE',  ( -4.038599999999999746, 3.003549999999999720, -3.301999999999999602 ) ) ;
#2770 = LINE ( 'NONE', #3429, #3522 ) ;
#2771 = DIRECTION ( 'NONE',  ( -2.626776916984869807E-16, 0.000000000000000000, -1.000000000000000000 ) ) ;
#2772 = CLOSED_SHELL ( 'NONE', ( #3805, #2666, #1933, #2733, #401, #2476, #15, #3094, #1864, #1841, #220, #131, #1751 ) ) ;
#2773 = UNCERTAINTY_MEASURE_WITH_UNIT (LENGTH_MEASURE( 1.000000000000000082E-05 ), #1215, 'distance_accuracy_value', 'NONE');
#2774 = CARTESIAN_POINT ( 'NONE',  ( -1.041400000000000103, 3.003549999999999720, -3.301999999999999602 ) ) ;
#2775 = ORIENTED_EDGE ( 'NONE', *, *, #394, .F. ) ;
#2776 = DIRECTION ( 'NONE',  ( 0.000000000000000000, -5.143305367816659412E-17, -1.000000000000000000 ) ) ;
#2777 = LINE ( 'NONE', #2377, #3525 ) ;
#2778 = AXIS2_PLACEMENT_3D ( 'NONE', #221, #1170, #3099 ) ;
#2779 = SHAPE_DEFINITION_REPRESENTATION ( #3310, #2043 ) ;
#2780 = EDGE_CURVE ( 'NONE', #407, #1717, #2349, .T. ) ;
#2781 = EDGE_CURVE ( 'NONE', #2813, #2000, #1458, .T. ) ;
#2782 = ORIENTED_EDGE ( 'NONE', *, *, #1180, .T. ) ;
#2783 = LINE ( 'NONE', #493, #260 ) ;
#2784 = DIRECTION ( 'NONE',  ( -0.7071067811865465735, 0.7071067811865485719, -9.313925947400503246E-17 ) ) ;
#2785 = VECTOR ( 'NONE', #3935, 1000.000000000000000 ) ;
#2786 = FACE_OUTER_BOUND ( 'NONE', #342, .T. ) ;
#2787 = EDGE_CURVE ( 'NONE', #411, #3942, #1675, .T. ) ;
#2788 = ORIENTED_EDGE ( 'NONE', *, *, #1982, .T. ) ;
#2789 = EDGE_LOOP ( 'NONE', ( #8, #773, #2037, #3900 ) ) ;
#2790 = ORIENTED_EDGE ( 'NONE', *, *, #4099, .T. ) ;
#2791 = DIRECTION ( 'NONE',  ( 0.000000000000000000, 0.000000000000000000, 1.000000000000000000 ) ) ;
#2792 = DIRECTION ( 'NONE',  ( 0.000000000000000000, 1.000000000000000000, -5.143305367816659412E-17 ) ) ;
#2793 = DIRECTION ( 'NONE',  ( 1.000000000000000000, 0.000000000000000000, 0.000000000000000000 ) ) ;
#2794 = PLANE ( 'NONE',  #316 ) ;
#2795 = CARTESIAN_POINT ( 'NONE',  ( -1.498600000000000154, 4.336808689942014778E-16, 3.663949999999999818 ) ) ;
#2796 = ORIENTED_EDGE ( 'NONE', *, *, #2763, .T. ) ;
#2797 = VECTOR ( 'NONE', #355, 1000.000000000000000 ) ;
#2798 = PLANE ( 'NONE',  #1685 ) ;
#2799 =( NAMED_UNIT ( * ) PLANE_ANGLE_UNIT ( ) SI_UNIT ( $, .RADIAN. ) );
#2800 = DIRECTION ( 'NONE',  ( 1.000000000000000000, 0.000000000000000000, -2.626776916984869807E-16 ) ) ;
#2801 = APPLICATION_PROTOCOL_DEFINITION ( 'draft international standard', 'automotive_design', 1998, #2682 ) ;
#2802 = VERTEX_POINT ( 'NONE', #2307 ) ;
#2803 = CARTESIAN_POINT ( 'NONE',  ( 4.038599999999999746, 3.003549999999999720, -3.301999999999999602 ) ) ;
#2804 = DIRECTION ( 'NONE',  ( 0.000000000000000000, -1.000000000000000000, 0.000000000000000000 ) ) ;
#2805 = CARTESIAN_POINT ( 'NONE',  ( -2.000249999999999861, -4.487044639735940043E-16, -3.663949999999999818 ) ) ;
#2807 = AXIS2_PLACEMENT_3D ( 'NONE', #1506, #2513, #4079 ) ;
#2806 = DIRECTION ( 'NONE',  ( 0.000000000000000000, 1.000000000000000000, 0.000000000000000000 ) ) ;
#2808 = ORIENTED_EDGE ( 'NONE', *, *, #1548, .T. ) ;
#2809 = PRODUCT_DEFINITION_FORMATION_WITH_SPECIFIED_SOURCE ( 'ANY', '', #1397, .NOT_KNOWN. ) ;
#2810 = EDGE_CURVE ( 'NONE', #2417, #455, #1697, .T. ) ;
#2811 = EDGE_CURVE ( 'NONE', #798, #78, #125, .T. ) ;
#2812 = VERTEX_POINT ( 'NONE', #1994 ) ;
#2813 = VERTEX_POINT ( 'NONE', #2956 ) ;
#2814 = FACE_OUTER_BOUND ( 'NONE', #769, .T. ) ;
#2815 = CARTESIAN_POINT ( 'NONE',  ( -2.000249999999999861, 2.520950000000000024, 3.473449999999999704 ) ) ;
#2816 = DIRECTION ( 'NONE',  ( 0.1294283079955640126, -0.9831056027603600755, 0.1294283079955640126 ) ) ;
#2817 = VECTOR ( 'NONE', #4156, 1000.000000000000000 ) ;
#2818 = DIRECTION ( 'NONE',  ( 0.000000000000000000, 1.000000000000000000, -1.317188039375246045E-16 ) ) ;
#2819 = EDGE_LOOP ( 'NONE', ( #2343, #4069, #2452, #278 ) ) ;
#2820 = CARTESIAN_POINT ( 'NONE',  ( 0.5397499999999899600, 2.711449999999999694, -3.473449999999999704 ) ) ;
#2821 = DIRECTION ( 'NONE',  ( 0.000000000000000000, 5.143305367816659412E-17, -1.000000000000000000 ) ) ;
#2822 = PLANE ( 'NONE',  #906 ) ;
#2823 = EDGE_LOOP ( 'NONE', ( #751, #1298, #91, #2942 ) ) ;
#2824 = DIRECTION ( 'NONE',  ( 0.000000000000000000, 1.000000000000000000, 0.000000000000000000 ) ) ;
#2825 = DIRECTION ( 'NONE',  ( 0.000000000000000000, -1.317188039375246045E-16, 1.000000000000000000 ) ) ;
#2826 = LINE ( 'NONE', #4117, #1730 ) ;
#2827 = ORIENTED_EDGE ( 'NONE', *, *, #3198, .T. ) ;
#2828 = ORIENTED_EDGE ( 'NONE', *, *, #1295, .F. ) ;
#2829 = AXIS2_PLACEMENT_3D ( 'NONE', #3207, #3811, #323 ) ;
#2830 = EDGE_CURVE ( 'NONE', #3258, #2082, #2032, .T. ) ;
#2831 = ADVANCED_FACE ( 'NONE', ( #2329 ), #3622, .F. ) ;
#2832 = VERTEX_POINT ( 'NONE', #102 ) ;
#2833 = DIRECTION ( 'NONE',  ( -1.000000000000000000, 0.000000000000000000, 0.000000000000000000 ) ) ;
#2834 = DIRECTION ( 'NONE',  ( 0.000000000000000000, 1.000000000000000000, -5.143305367816659412E-17 ) ) ;
#2835 = PLANE ( 'NONE',  #4149 ) ;
#2836 = STYLED_ITEM ( 'NONE', ( #871 ), #3677 ) ;
#2837 = DIRECTION ( 'NONE',  ( 0.000000000000000000, -1.000000000000000000, 0.000000000000000000 ) ) ;
#2838 = AXIS2_PLACEMENT_3D ( 'NONE', #3290, #2602, #706 ) ;
#2839 = ADVANCED_FACE ( 'NONE', ( #3321 ), #1407, .F. ) ;
#2840 = ORIENTED_EDGE ( 'NONE', *, *, #2449, .F. ) ;
#2841 = CARTESIAN_POINT ( 'NONE',  ( -3.581400000000000361, -4.336808689942014778E-16, 3.956049999999999844 ) ) ;
#2842 = PLANE ( 'NONE',  #1861 ) ;
#2843 = CARTESIAN_POINT ( 'NONE',  ( -3.384549999999999947, -4.487044639735940043E-16, -3.663949999999999818 ) ) ;
#2844 = LINE ( 'NONE', #4133, #161 ) ;
#2845 = AXIS2_PLACEMENT_3D ( 'NONE', #3015, #141, #1422 ) ;
#2846 = ORIENTED_EDGE ( 'NONE', *, *, #1890, .F. ) ;
#2847 = CARTESIAN_POINT ( 'NONE',  ( -0.5397500000000099440, 0.3047999999999999599, 3.956049999999999844 ) ) ;
#2848 = PLANE ( 'NONE',  #1798 ) ;
#2849 = VECTOR ( 'NONE', #1500, 1000.000000000000000 ) ;
#2850 = DIRECTION ( 'NONE',  ( 0.000000000000000000, 1.000000000000000000, -6.881229203184539713E-16 ) ) ;
#2851 = VERTEX_POINT ( 'NONE', #3556 ) ;
#2852 = AXIS2_PLACEMENT_3D ( 'NONE', #2555, #3534, #2256 ) ;
#2853 = VECTOR ( 'NONE', #827, 1000.000000000000000 ) ;
#2854 = VERTEX_POINT ( 'NONE', #1946 ) ;
#2855 = ORIENTED_EDGE ( 'NONE', *, *, #3847, .T. ) ;
#2856 = LINE ( 'NONE', #2457, #1954 ) ;
#2857 = CARTESIAN_POINT ( 'NONE',  ( 1.498600000000000154, 2.711449999999999694, 3.301999999999999602 ) ) ;
#2858 = EDGE_CURVE ( 'NONE', #3858, #1060, #3238, .T. ) ;
#2859 = CARTESIAN_POINT ( 'NONE',  ( 3.079750000000000210, 0.3047999999999999599, -3.956049999999999844 ) ) ;
#2860 = ORIENTED_EDGE ( 'NONE', *, *, #2566, .F. ) ;
#2861 = CARTESIAN_POINT ( 'NONE',  ( 2.000249999999999861, 2.711449999999999694, 3.301999999999999602 ) ) ;
#2862 = FACE_OUTER_BOUND ( 'NONE', #2305, .T. ) ;
#2863 = EDGE_CURVE ( 'NONE', #1992, #1717, #447, .T. ) ;
#2864 = EDGE_CURVE ( 'NONE', #229, #775, #1430, .T. ) ;
#2865 = FACE_OUTER_BOUND ( 'NONE', #1321, .T. ) ;
#2866 = VECTOR ( 'NONE', #1878, 1000.000000000000000 ) ;
#2867 = VECTOR ( 'NONE', #3841, 1000.000000000000000 ) ;
#2868 = ORIENTED_EDGE ( 'NONE', *, *, #2081, .F. ) ;
#2869 = LINE ( 'NONE', #4114, #1017 ) ;
#2870 = CARTESIAN_POINT ( 'NONE',  ( -3.079750000000000210, 0.3047999999999999599, -3.956049999999999844 ) ) ;
#2871 = VECTOR ( 'NONE', #3488, 1000.000000000000000 ) ;
#2872 = EDGE_CURVE ( 'NONE', #1337, #99, #3973, .T. ) ;
#2873 = DIRECTION ( 'NONE',  ( 1.000000000000000000, 0.000000000000000000, 0.000000000000000000 ) ) ;
#2874 = ORIENTED_EDGE ( 'NONE', *, *, #3847, .F. ) ;
#2875 = VECTOR ( 'NONE', #159, 1000.000000000000000 ) ;
#2876 = DIRECTION ( 'NONE',  ( 0.000000000000000000, 1.000000000000000000, 0.000000000000000000 ) ) ;
#2877 = CARTESIAN_POINT ( 'NONE',  ( -0.5397500000000099440, 2.520950000000000024, -3.473449999999999704 ) ) ;
#2878 = ORIENTED_EDGE ( 'NONE', *, *, #1340, .T. ) ;
#2879 = LINE ( 'NONE', #2610, #4146 ) ;
#2880 = DIRECTION ( 'NONE',  ( 0.000000000000000000, 1.000000000000000000, 0.000000000000000000 ) ) ;
#2881 = FACE_OUTER_BOUND ( 'NONE', #2468, .T. ) ;
#2882 = VERTEX_POINT ( 'NONE', #2459 ) ;
#2883 = DIRECTION ( 'NONE',  ( 0.000000000000000000, 1.000000000000000000, 0.000000000000000000 ) ) ;
#2884 = EDGE_CURVE ( 'NONE', #2040, #3942, #214, .T. ) ;
#2885 = CARTESIAN_POINT ( 'NONE',  ( -1.498600000000000154, -4.064000000000000057, -3.663949999999999818 ) ) ;
#2886 = VERTEX_POINT ( 'NONE', #234 ) ;
#2887 = ADVANCED_FACE ( 'NONE', ( #2389 ), #3733, .T. ) ;
#2888 = VERTEX_POINT ( 'NONE', #4041 ) ;
#2889 = CARTESIAN_POINT ( 'NONE',  ( -2.000249999999999861, 3.003549999999999720, 3.473449999999999704 ) ) ;
#2890 = VECTOR ( 'NONE', #2418, 1000.000000000000000 ) ;
#2891 = ORIENTED_EDGE ( 'NONE', *, *, #3433, .F. ) ;
#2892 = LINE ( 'NONE', #1303, #3118 ) ;
#2893 = ORIENTED_EDGE ( 'NONE', *, *, #1622, .T. ) ;
#2894 = AXIS2_PLACEMENT_3D ( 'NONE', #2752, #4044, #2124 ) ;
#2895 = FACE_OUTER_BOUND ( 'NONE', #2269, .T. ) ;
#2896 = CARTESIAN_POINT ( 'NONE',  ( -0.5397500000000099440, 0.3047999999999999599, -3.473449999999999704 ) ) ;
#2897 = DIRECTION ( 'NONE',  ( 0.000000000000000000, -1.000000000000000000, 0.000000000000000000 ) ) ;
#2898 = DIRECTION ( 'NONE',  ( 0.000000000000000000, 1.000000000000000000, 0.000000000000000000 ) ) ;
#2899 = EDGE_LOOP ( 'NONE', ( #1997, #907, #383, #158 ) ) ;
#2900 = CARTESIAN_POINT ( 'NONE',  ( -1.498600000000000154, -4.336808689942014778E-16, 3.956049999999999844 ) ) ;
#2901 = VECTOR ( 'NONE', #2362, 1000.000000000000000 ) ;
#2902 = ADVANCED_FACE ( 'NONE', ( #1495 ), #3661, .F. ) ;
#2903 = EDGE_CURVE ( 'NONE', #194, #798, #3111, .T. ) ;
#2904 = PLANE ( 'NONE',  #2539 ) ;
#2905 = EDGE_LOOP ( 'NONE', ( #144, #2338, #1492, #2707 ) ) ;
#2906 = LINE ( 'NONE', #72, #1428 ) ;
#2907 = EDGE_CURVE ( 'NONE', #2655, #648, #1140, .T. ) ;
#2908 = VERTEX_POINT ( 'NONE', #777 ) ;
#2909 = AXIS2_PLACEMENT_3D ( 'NONE', #2008, #437, #3386 ) ;
#2910 = EDGE_LOOP ( 'NONE', ( #997, #1420, #366, #460 ) ) ;
#2911 = VECTOR ( 'NONE', #3322, 1000.000000000000000 ) ;
#2912 = PLANE ( 'NONE',  #694 ) ;
#2913 = DIRECTION ( 'NONE',  ( -1.000000000000000000, 0.000000000000000000, 0.000000000000000000 ) ) ;
#2914 = EDGE_LOOP ( 'NONE', ( #4062, #315, #818, #3995 ) ) ;
#2915 = CARTESIAN_POINT ( 'NONE',  ( 1.498600000000000154, 3.003549999999999720, 3.301999999999999602 ) ) ;
#2916 = FACE_OUTER_BOUND ( 'NONE', #1510, .T. ) ;
#2917 = DIRECTION ( 'NONE',  ( 1.000000000000000000, 0.000000000000000000, 0.000000000000000000 ) ) ;
#2918 = CARTESIAN_POINT ( 'NONE',  ( -1.041400000000000103, 2.520950000000000024, -3.663949999999999818 ) ) ;
#2919 = ORIENTED_EDGE ( 'NONE', *, *, #3246, .F. ) ;
#2920 = DIRECTION ( 'NONE',  ( -1.000000000000000000, 0.000000000000000000, 2.626776916984869807E-16 ) ) ;
#2921 = STYLED_ITEM ( 'NONE', ( #3342 ), #946 ) ;
#2922 = DIRECTION ( 'NONE',  ( -0.7071067811865465735, 0.7071067811865485719, -9.313925947400503246E-17 ) ) ;
#2923 = ORIENTED_EDGE ( 'NONE', *, *, #2028, .T. ) ;
#2924 = ORIENTED_EDGE ( 'NONE', *, *, #3328, .F. ) ;
#2925 = AXIS2_PLACEMENT_3D ( 'NONE', #145, #171, #3044 ) ;
#2926 = ORIENTED_EDGE ( 'NONE', *, *, #2173, .T. ) ;
#2927 = ADVANCED_BREP_SHAPE_REPRESENTATION ( '', ( #3768, #3677, #3746, #868, #3684, #946, #2295, #3727, #3701, #324 ), #2134 ) ;
#2928 = EDGE_LOOP ( 'NONE', ( #878, #3617, #4080, #2202, #3854, #3339, #1122, #2919 ) ) ;
#2929 = DIRECTION ( 'NONE',  ( 1.000000000000000000, 0.000000000000000000, 0.000000000000000000 ) ) ;
#2930 = EDGE_CURVE ( 'NONE', #398, #822, #874, .T. ) ;
#2931 = LINE ( 'NONE', #1023, #3516 ) ;
#2932 = ORIENTED_EDGE ( 'NONE', *, *, #2058, .F. ) ;
#2933 = CARTESIAN_POINT ( 'NONE',  ( -1.041400000000000103, -4.064000000000000057, 3.956049999999999844 ) ) ;
#2934 = VECTOR ( 'NONE', #3564, 1000.000000000000000 ) ;
#2935 = AXIS2_PLACEMENT_3D ( 'NONE', #154, #2108, #1800 ) ;
#2936 = ORIENTED_EDGE ( 'NONE', *, *, #3007, .T. ) ;
#2937 = CARTESIAN_POINT ( 'NONE',  ( 4.633490436997449891, 5.334000000000000519, -2.995190436997455130 ) ) ;
#2938 = CARTESIAN_POINT ( 'NONE',  ( -4.940299999999999692, 3.003549999999999720, 3.301999999999999602 ) ) ;
#2939 = ADVANCED_FACE ( 'NONE', ( #826 ), #802, .T. ) ;
#2940 = LINE ( 'NONE', #3600, #3254 ) ;
#2941 = PLANE ( 'NONE',  #3065 ) ;
#2942 = ORIENTED_EDGE ( 'NONE', *, *, #3459, .F. ) ;
#2943 = CARTESIAN_POINT ( 'NONE',  ( -1.041400000000000103, 3.003549999999999720, -3.473449999999999704 ) ) ;
#2944 = LINE ( 'NONE', #2219, #3346 ) ;
#2945 = EDGE_LOOP ( 'NONE', ( #2775, #93, #601, #2454, #70, #3638, #1743, #2291 ) ) ;
#2946 = DIRECTION ( 'NONE',  ( 1.000000000000000000, 0.000000000000000000, 0.000000000000000000 ) ) ;
#2947 = CARTESIAN_POINT ( 'NONE',  ( 3.581400000000000361, -4.064000000000000057, 3.663949999999999818 ) ) ;
#2948 = ORIENTED_EDGE ( 'NONE', *, *, #1867, .F. ) ;
#2949 = ORIENTED_EDGE ( 'NONE', *, *, #839, .F. ) ;
#2950 = DIRECTION ( 'NONE',  ( 0.000000000000000000, -1.000000000000000000, 1.317188039375246045E-16 ) ) ;
#2951 = FACE_OUTER_BOUND ( 'NONE', #2662, .T. ) ;
#2952 = EDGE_CURVE ( 'NONE', #1865, #3792, #2145, .T. ) ;
#2953 = ADVANCED_FACE ( 'NONE', ( #3388 ), #510, .F. ) ;
#2954 = ORIENTED_EDGE ( 'NONE', *, *, #604, .F. ) ;
#2955 = CARTESIAN_POINT ( 'NONE',  ( 3.581400000000000361, -4.336808689942014778E-16, -3.473449999999999704 ) ) ;
#2956 = CARTESIAN_POINT ( 'NONE',  ( -3.079750000000000210, 3.003549999999999720, 3.473449999999999704 ) ) ;
#2957 = CARTESIAN_POINT ( 'NONE',  ( 4.038599999999999746, -4.064000000000000057, 3.956049999999999844 ) ) ;
#2958 = DIRECTION ( 'NONE',  ( 0.000000000000000000, 0.000000000000000000, 1.000000000000000000 ) ) ;
#2959 = EDGE_CURVE ( 'NONE', #3687, #3173, #3411, .T. ) ;
#2960 = AXIS2_PLACEMENT_3D ( 'NONE', #2211, #1832, #1214 ) ;
#2961 = VERTEX_POINT ( 'NONE', #196 ) ;
#2962 = LINE ( 'NONE', #2285, #1086 ) ;
#2963 =( NAMED_UNIT ( * ) PLANE_ANGLE_UNIT ( ) SI_UNIT ( $, .RADIAN. ) );
#2964 = ORIENTED_EDGE ( 'NONE', *, *, #1732, .F. ) ;
#2965 = ORIENTED_EDGE ( 'NONE', *, *, #2671, .F. ) ;
#2966 = ORIENTED_EDGE ( 'NONE', *, *, #942, .T. ) ;
#2967 = CARTESIAN_POINT ( 'NONE',  ( 2.000249999999999861, 0.3047999999999999599, 3.663949999999999818 ) ) ;
#2968 = ORIENTED_EDGE ( 'NONE', *, *, #1814, .T. ) ;
#2969 = VECTOR ( 'NONE', #3071, 1000.000000000000000 ) ;
#2970 = CARTESIAN_POINT ( 'NONE',  ( -4.940299999999999692, 2.711449999999999694, 3.301999999999999602 ) ) ;
#2971 = VECTOR ( 'NONE', #2958, 1000.000000000000000 ) ;
#2972 = ORIENTED_EDGE ( 'NONE', *, *, #1601, .T. ) ;
#2973 = CARTESIAN_POINT ( 'NONE',  ( -1.695450000000000124, -4.487044639735944974E-16, 3.663949999999999818 ) ) ;
#2974 = ORIENTED_EDGE ( 'NONE', *, *, #1642, .F. ) ;
#2975 = DIRECTION ( 'NONE',  ( -1.000000000000000000, 0.000000000000000000, 0.000000000000000000 ) ) ;
#2976 = DIRECTION ( 'NONE',  ( -1.000000000000000000, 0.000000000000000000, 6.144902299373339843E-16 ) ) ;
#2977 = VECTOR ( 'NONE', #3234, 1000.000000000000114 ) ;
#2978 = DIRECTION ( 'NONE',  ( -1.000000000000000000, 0.000000000000000000, 0.000000000000000000 ) ) ;
#2979 = VECTOR ( 'NONE', #117, 1000.000000000000000 ) ;
#2980 = CARTESIAN_POINT ( 'NONE',  ( 4.038599999999999746, 2.520950000000000024, -3.956049999999999844 ) ) ;
#2981 = VERTEX_POINT ( 'NONE', #481 ) ;
#2982 = CARTESIAN_POINT ( 'NONE',  ( -1.041400000000000103, 2.520950000000000024, 3.663949999999999818 ) ) ;
#2983 = EDGE_CURVE ( 'NONE', #3649, #3087, #1811, .T. ) ;
#2984 = EDGE_CURVE ( 'NONE', #2985, #1876, #2369, .T. ) ;
#2985 = VERTEX_POINT ( 'NONE', #1741 ) ;
#2986 = CARTESIAN_POINT ( 'NONE',  ( -2.000249999999999861, 0.3047999999999999599, 3.473449999999999704 ) ) ;
#2987 = EDGE_CURVE ( 'NONE', #1713, #3565, #2750, .T. ) ;
#2988 = CARTESIAN_POINT ( 'NONE',  ( -2.000249999999999861, 2.520950000000000024, 3.473449999999999704 ) ) ;
#2989 = CARTESIAN_POINT ( 'NONE',  ( -1.041400000000000103, 2.711449999999999694, 3.473449999999999704 ) ) ;
#2990 = ORIENTED_EDGE ( 'NONE', *, *, #138, .T. ) ;
#2991 = VECTOR ( 'NONE', #1228, 1000.000000000000000 ) ;
#2992 = VECTOR ( 'NONE', #1452, 1000.000000000000000 ) ;
#2993 = CARTESIAN_POINT ( 'NONE',  ( 0.8445499999999900309, -4.487044639735944974E-16, -3.663949999999999818 ) ) ;
#2994 = VECTOR ( 'NONE', #1749, 1000.000000000000000 ) ;
#2995 = ORIENTED_EDGE ( 'NONE', *, *, #468, .F. ) ;
#2996 = CARTESIAN_POINT ( 'NONE',  ( 3.079750000000000210, 3.003549999999999720, 3.301999999999999602 ) ) ;
#2997 = ORIENTED_EDGE ( 'NONE', *, *, #106, .T. ) ;
#2998 = LINE ( 'NONE', #1696, #2387 ) ;
#2999 = CARTESIAN_POINT ( 'NONE',  ( 4.038599999999999746, 3.003549999999999720, -3.956049999999999844 ) ) ;
#3000 = PLANE ( 'NONE',  #2448 ) ;
#3001 = CARTESIAN_POINT ( 'NONE',  ( -2.000249999999999861, 2.711449999999999694, 3.473449999999999704 ) ) ;
#3002 = VECTOR ( 'NONE', #3631, 1000.000000000000114 ) ;
#3003 = ORIENTED_EDGE ( 'NONE', *, *, #733, .F. ) ;
#3004 = PLANE ( 'NONE',  #2090 ) ;
#3005 = FACE_OUTER_BOUND ( 'NONE', #478, .T. ) ;
#3006 = EDGE_CURVE ( 'NONE', #1603, #3042, #4125, .T. ) ;
#3007 = EDGE_CURVE ( 'NONE', #1351, #359, #3776, .T. ) ;
#3008 = ORIENTED_EDGE ( 'NONE', *, *, #3251, .T. ) ;
#3009 = FACE_OUTER_BOUND ( 'NONE', #2607, .T. ) ;
#3010 = DIRECTION ( 'NONE',  ( 0.000000000000000000, 1.000000000000000000, -1.317188039375246045E-16 ) ) ;
#3011 = DIRECTION ( 'NONE',  ( 0.000000000000000000, 1.000000000000000000, 5.143305367816659412E-17 ) ) ;
#3012 = DIRECTION ( 'NONE',  ( 0.000000000000000000, 0.000000000000000000, 1.000000000000000000 ) ) ;
#3013 = EDGE_CURVE ( 'NONE', #659, #169, #1873, .T. ) ;
#3014 = ORIENTED_EDGE ( 'NONE', *, *, #1203, .T. ) ;
#3015 = CARTESIAN_POINT ( 'NONE',  ( -3.384549999999999947, -4.487044639735940043E-16, 3.663949999999999818 ) ) ;
#3016 = ORIENTED_EDGE ( 'NONE', *, *, #1863, .T. ) ;
#3017 = LINE ( 'NONE', #143, #430 ) ;
#3018 = ORIENTED_EDGE ( 'NONE', *, *, #3437, .F. ) ;
#3019 = CARTESIAN_POINT ( 'NONE',  ( -4.940299999999999692, 3.003549999999999720, -3.301999999999999602 ) ) ;
#3020 = CARTESIAN_POINT ( 'NONE',  ( 4.038599999999999746, 3.003549999999999720, -3.301999999999999602 ) ) ;
#3021 = CARTESIAN_POINT ( 'NONE',  ( 2.000249999999999861, -4.487044639735940043E-16, 3.663949999999999818 ) ) ;
#3022 = DIRECTION ( 'NONE',  ( 0.000000000000000000, 0.000000000000000000, 1.000000000000000000 ) ) ;
#3023 = VERTEX_POINT ( 'NONE', #3797 ) ;
#3024 = DIRECTION ( 'NONE',  ( 1.000000000000000000, 0.000000000000000000, 0.000000000000000000 ) ) ;
#3025 = FACE_OUTER_BOUND ( 'NONE', #237, .T. ) ;
#3026 = VECTOR ( 'NONE', #1459, 1000.000000000000000 ) ;
#3027 = DIRECTION ( 'NONE',  ( 0.000000000000000000, -3.058901184759128472E-16, 1.000000000000000000 ) ) ;
#3028 = ORIENTED_EDGE ( 'NONE', *, *, #3658, .F. ) ;
#3029 = CARTESIAN_POINT ( 'NONE',  ( -3.079750000000000210, 2.520950000000000024, -3.473449999999999704 ) ) ;
#3030 = EDGE_CURVE ( 'NONE', #3347, #3087, #2496, .T. ) ;
#3031 = DIRECTION ( 'NONE',  ( 0.000000000000000000, -1.000000000000000000, 0.000000000000000000 ) ) ;
#3032 = ORIENTED_EDGE ( 'NONE', *, *, #875, .T. ) ;
#3034 = AXIS2_PLACEMENT_3D ( 'NONE', #1473, #3449, #533 ) ;
#3033 = DIRECTION ( 'NONE',  ( 0.7071067811865485719, 0.7071067811865464625, 3.636866103296324497E-17 ) ) ;
#3035 = ORIENTED_EDGE ( 'NONE', *, *, #1752, .T. ) ;
#3036 = CARTESIAN_POINT ( 'NONE',  ( 0.5397499999999899600, -4.487044639735940043E-16, 3.663949999999999818 ) ) ;
#3037 = ADVANCED_FACE ( 'NONE', ( #2207 ), #2794, .F. ) ;
#3038 = EDGE_CURVE ( 'NONE', #194, #282, #2187, .T. ) ;
#3039 = VECTOR ( 'NONE', #2091, 1000.000000000000000 ) ;
#3040 = ORIENTED_EDGE ( 'NONE', *, *, #3412, .T. ) ;
#3041 = DIRECTION ( 'NONE',  ( -0.7071067811865474617, -0.7071067811865474617, -9.313925947400492153E-17 ) ) ;
#3042 = VERTEX_POINT ( 'NONE', #4105 ) ;
#3043 = LINE ( 'NONE', #3019, #586 ) ;
#3044 = DIRECTION ( 'NONE',  ( 0.000000000000000000, -1.000000000000000000, 0.000000000000000000 ) ) ;
#3045 = CARTESIAN_POINT ( 'NONE',  ( -1.041400000000000103, -4.064000000000000057, 3.956049999999999844 ) ) ;
#3046 = EDGE_CURVE ( 'NONE', #4016, #3649, #3473, .T. ) ;
#3047 = VECTOR ( 'NONE', #1702, 1000.000000000000000 ) ;
#3048 = CARTESIAN_POINT ( 'NONE',  ( 1.498600000000000154, 2.520950000000000024, -3.956049999999999844 ) ) ;
#3049 = FACE_OUTER_BOUND ( 'NONE', #2945, .T. ) ;
#3050 = AXIS2_PLACEMENT_3D ( 'NONE', #295, #1536, #1229 ) ;
#3051 = ORIENTED_EDGE ( 'NONE', *, *, #554, .F. ) ;
#3052 = VECTOR ( 'NONE', #485, 1000.000000000000000 ) ;
#3053 = DIRECTION ( 'NONE',  ( 1.000000000000000000, 0.000000000000000000, 0.000000000000000000 ) ) ;
#3054 = DIRECTION ( 'NONE',  ( 0.000000000000000000, 0.000000000000000000, 1.000000000000000000 ) ) ;
#3055 = ORIENTED_EDGE ( 'NONE', *, *, #1578, .F. ) ;
#3056 = DIRECTION ( 'NONE',  ( 1.000000000000000000, 0.000000000000000000, 0.000000000000000000 ) ) ;
#3057 = LINE ( 'NONE', #183, #2652 ) ;
#3058 = CARTESIAN_POINT ( 'NONE',  ( 0.8445499999999900309, -4.487044639735940043E-16, -3.663949999999999818 ) ) ;
#3059 = ORIENTED_EDGE ( 'NONE', *, *, #172, .F. ) ;
#3060 = LINE ( 'NONE', #2382, #797 ) ;
#3061 = ORIENTED_EDGE ( 'NONE', *, *, #3582, .F. ) ;
#3062 = CARTESIAN_POINT ( 'NONE',  ( -0.5397500000000099440, 3.003549999999999720, 3.301999999999999602 ) ) ;
#3063 = ORIENTED_EDGE ( 'NONE', *, *, #2811, .F. ) ;
#3064 = LINE ( 'NONE', #192, #1437 ) ;
#3065 = AXIS2_PLACEMENT_3D ( 'NONE', #3913, #740, #1031 ) ;
#3066 = CIRCLE ( 'NONE', #1124, 0.7366000000000000325 ) ;
#3067 = EDGE_CURVE ( 'NONE', #4155, #2813, #1211, .T. ) ;
#3068 = EDGE_CURVE ( 'NONE', #648, #1083, #276, .T. ) ;
#3069 = ORIENTED_EDGE ( 'NONE', *, *, #809, .F. ) ;
#3070 = LINE ( 'NONE', #550, #1022 ) ;
#3071 = DIRECTION ( 'NONE',  ( 0.000000000000000000, -1.000000000000000000, -1.317188039375246045E-16 ) ) ;
#3072 = CARTESIAN_POINT ( 'NONE',  ( 2.000249999999999861, 0.3047999999999999599, 3.473449999999999704 ) ) ;
#3073 = DIRECTION ( 'NONE',  ( 0.000000000000000000, 1.000000000000000000, 1.317188039375246045E-16 ) ) ;
#3074 = AXIS2_PLACEMENT_3D ( 'NONE', #224, #3743, #1465 ) ;
#3075 = UNCERTAINTY_MEASURE_WITH_UNIT (LENGTH_MEASURE( 1.000000000000000082E-05 ), #427, 'distance_accuracy_value', 'NONE');
#3076 = ADVANCED_FACE ( 'NONE', ( #1554 ), #2835, .F. ) ;
#3077 = ORIENTED_EDGE ( 'NONE', *, *, #3297, .T. ) ;
#3078 = DIRECTION ( 'NONE',  ( 0.000000000000000000, 1.000000000000000000, 1.317188039375246045E-16 ) ) ;
#3079 = LINE ( 'NONE', #1412, #3734 ) ;
#3080 = DIRECTION ( 'NONE',  ( 1.000000000000000000, 0.000000000000000000, 0.000000000000000000 ) ) ;
#3081 = FILL_AREA_STYLE ('',( #2106 ) ) ;
#3082 = AXIS2_PLACEMENT_3D ( 'NONE', #3104, #3490, #227 ) ;
#3083 = CARTESIAN_POINT ( 'NONE',  ( 4.038599999999999746, -4.064000000000000057, -3.956049999999999844 ) ) ;
#3084 = FACE_OUTER_BOUND ( 'NONE', #3256, .T. ) ;
#3085 = DIRECTION ( 'NONE',  ( 0.000000000000000000, 0.000000000000000000, -1.000000000000000000 ) ) ;
#3086 = CARTESIAN_POINT ( 'NONE',  ( -1.041400000000000103, -4.064000000000000057, -3.956049999999999844 ) ) ;
#3087 = VERTEX_POINT ( 'NONE', #2405 ) ;
#3088 = CARTESIAN_POINT ( 'NONE',  ( -1.695450000000000124, -4.487044639735940043E-16, 3.663949999999999818 ) ) ;
#3089 = ORIENTED_EDGE ( 'NONE', *, *, #924, .T. ) ;
#3090 = FACE_OUTER_BOUND ( 'NONE', #3374, .T. ) ;
#3091 = CARTESIAN_POINT ( 'NONE',  ( 3.079750000000000210, 3.003549999999999720, -3.301999999999999602 ) ) ;
#3092 = CARTESIAN_POINT ( 'NONE',  ( 0.5397499999999899600, 2.711449999999999694, -3.301999999999999602 ) ) ;
#3093 = ADVANCED_FACE ( 'NONE', ( #1129 ), #4055, .T. ) ;
#3094 = ADVANCED_FACE ( 'NONE', ( #2741 ), #2133, .F. ) ;
#3095 = LINE ( 'NONE', #805, #3528 ) ;
#3096 = EDGE_LOOP ( 'NONE', ( #2260, #3700, #371, #3185 ) ) ;
#3097 = CARTESIAN_POINT ( 'NONE',  ( 0.8445499999999900309, -4.487044639735944974E-16, 3.663949999999999818 ) ) ;
#3098 = ADVANCED_FACE ( 'NONE', ( #2155 ), #521, .F. ) ;
#3099 = DIRECTION ( 'NONE',  ( 0.000000000000000000, 1.000000000000000000, 0.000000000000000000 ) ) ;
#3100 = PRODUCT_CONTEXT ( 'NONE', #962, 'mechanical' ) ;
#3101 = EDGE_LOOP ( 'NONE', ( #1132, #1546, #3304, #2194 ) ) ;
#3102 = DIRECTION ( 'NONE',  ( -1.000000000000000000, 0.000000000000000000, 0.000000000000000000 ) ) ;
#3103 = DIRECTION ( 'NONE',  ( 0.000000000000000000, -1.000000000000000000, 1.317188039375246045E-16 ) ) ;
#3104 = CARTESIAN_POINT ( 'NONE',  ( -1.041400000000000103, 2.711449999999999694, -3.301999999999999602 ) ) ;
#3105 = ORIENTED_EDGE ( 'NONE', *, *, #560, .F. ) ;
#3106 = COLOUR_RGB ( '',0.7960784313725489669, 0.8235294117647058432, 0.9372549019607843146 ) ;
#3107 = VERTEX_POINT ( 'NONE', #4077 ) ;
#3108 = DIRECTION ( 'NONE',  ( 0.7071067811865465735, -0.7071067811865485719, 9.313925947400503246E-17 ) ) ;
#3109 = FACE_OUTER_BOUND ( 'NONE', #3849, .T. ) ;
#3110 = DIRECTION ( 'NONE',  ( 0.000000000000000000, 0.000000000000000000, -1.000000000000000000 ) ) ;
#3111 = LINE ( 'NONE', #4018, #2053 ) ;
#3112 = CLOSED_SHELL ( 'NONE', ( #1857, #1884, #2237, #635, #1069, #987, #1547, #2218, #3203, #2565, #3948, #623, #3126, #4134, #2079, #585 ) ) ;
#3113 = DIRECTION ( 'NONE',  ( 0.000000000000000000, 0.000000000000000000, -1.000000000000000000 ) ) ;
#3114 = EDGE_LOOP ( 'NONE', ( #1690, #993, #2788, #1151 ) ) ;
#3115 = CARTESIAN_POINT ( 'NONE',  ( 1.041400000000000103, -4.064000000000000057, -3.663949999999999818 ) ) ;
#3116 = FILL_AREA_STYLE ('',( #1835 ) ) ;
#3117 = DIRECTION ( 'NONE',  ( 1.000000000000000000, 0.000000000000000000, 0.000000000000000000 ) ) ;
#3118 = VECTOR ( 'NONE', #1716, 1000.000000000000000 ) ;
#3119 = VERTEX_POINT ( 'NONE', #836 ) ;
#3120 = DIRECTION ( 'NONE',  ( 0.000000000000000000, -1.000000000000000000, 0.000000000000000000 ) ) ;
#3121 = FILL_AREA_STYLE_COLOUR ( '', #1897 ) ;
#3122 = ADVANCED_FACE ( 'NONE', ( #790 ), #2063, .F. ) ;
#3123 = LINE ( 'NONE', #2197, #527 ) ;
#3124 = CARTESIAN_POINT ( 'NONE',  ( -1.041400000000000103, -4.064000000000000057, 3.663949999999999818 ) ) ;
#3125 = ORIENTED_EDGE ( 'NONE', *, *, #3771, .F. ) ;
#3126 = ADVANCED_FACE ( 'NONE', ( #2714 ), #472, .F. ) ;
#3127 = VERTEX_POINT ( 'NONE', #546 ) ;
#3128 = VERTEX_POINT ( 'NONE', #4007 ) ;
#3129 = LINE ( 'NONE', #1531, #1567 ) ;
#3130 = CARTESIAN_POINT ( 'NONE',  ( -0.8445500000000120133, -4.336808689942014778E-16, 3.956049999999999844 ) ) ;
#3131 = DIRECTION ( 'NONE',  ( 0.000000000000000000, -5.143305367816659412E-17, -1.000000000000000000 ) ) ;
#3132 = CARTESIAN_POINT ( 'NONE',  ( -3.079750000000000210, -4.487044639735940043E-16, -3.663949999999999818 ) ) ;
#3133 = VECTOR ( 'NONE', #1598, 1000.000000000000000 ) ;
#3134 = LINE ( 'NONE', #2541, #1970 ) ;
#3135 = ORIENTED_EDGE ( 'NONE', *, *, #241, .F. ) ;
#3136 = VECTOR ( 'NONE', #1189, 1000.000000000000000 ) ;
#3137 = DIRECTION ( 'NONE',  ( -1.000000000000000000, 0.000000000000000000, 0.000000000000000000 ) ) ;
#3138 = PLANE ( 'NONE',  #3265 ) ;
#3139 = PRESENTATION_STYLE_ASSIGNMENT (( #3781 ) ) ;
#3140 =( NAMED_UNIT ( * ) SI_UNIT ( $, .STERADIAN. ) SOLID_ANGLE_UNIT ( ) );
#3141 = AXIS2_PLACEMENT_3D ( 'NONE', #3029, #3669, #2132 ) ;
#3142 = SHAPE_DEFINITION_REPRESENTATION ( #1597, #352 ) ;
#3143 = ORIENTED_EDGE ( 'NONE', *, *, #162, .T. ) ;
#3144 = PLANE ( 'NONE',  #4076 ) ;
#3145 = DIRECTION ( 'NONE',  ( -1.000000000000000000, 0.000000000000000000, 0.000000000000000000 ) ) ;
#3146 = EDGE_CURVE ( 'NONE', #744, #3212, #1176, .T. ) ;
#3147 = ADVANCED_FACE ( 'NONE', ( #3084 ), #564, .F. ) ;
#3149 = DIRECTION ( 'NONE',  ( 0.000000000000000000, 0.000000000000000000, -1.000000000000000000 ) ) ;
#3148 = AXIS2_PLACEMENT_3D ( 'NONE', #3266, #2619, #3509 ) ;
#3150 = VECTOR ( 'NONE', #471, 1000.000000000000000 ) ;
#3151 = ORIENTED_EDGE ( 'NONE', *, *, #1371, .T. ) ;
#3152 = AXIS2_PLACEMENT_3D ( 'NONE', #3483, #881, #3080 ) ;
#3153 = EDGE_CURVE ( 'NONE', #3173, #515, #4032, .T. ) ;
#3154 = ORIENTED_EDGE ( 'NONE', *, *, #201, .T. ) ;
#3155 = ORIENTED_EDGE ( 'NONE', *, *, #2613, .F. ) ;
#3156 = DIRECTION ( 'NONE',  ( 0.1294283079955640126, 0.9831056027603600755, -0.1294283079955640126 ) ) ;
#3157 =( NAMED_UNIT ( * ) PLANE_ANGLE_UNIT ( ) SI_UNIT ( $, .RADIAN. ) );
#3158 = CARTESIAN_POINT ( 'NONE',  ( -0.8445500000000120133, -4.336808689942014778E-16, 3.956049999999999844 ) ) ;
#3159 = CARTESIAN_POINT ( 'NONE',  ( -1.041400000000000103, 2.520950000000000024, -3.956049999999999844 ) ) ;
#3160 = LINE ( 'NONE', #3177, #4068 ) ;
#3161 = VERTEX_POINT ( 'NONE', #1415 ) ;
#3162 = DIRECTION ( 'NONE',  ( 1.000000000000000000, 0.000000000000000000, 0.000000000000000000 ) ) ;
#3163 = CARTESIAN_POINT ( 'NONE',  ( -3.384549999999999947, -4.487044639735940043E-16, -3.663949999999999818 ) ) ;
#3164 = CARTESIAN_POINT ( 'NONE',  ( -4.940299999999999692, 2.711449999999999694, -3.301999999999999602 ) ) ;
#3165 = VERTEX_POINT ( 'NONE', #208 ) ;
#3166 = CARTESIAN_POINT ( 'NONE',  ( -0.5397500000000099440, -4.336808689942014778E-16, -3.956049999999999844 ) ) ;
#3167 = DIRECTION ( 'NONE',  ( -1.000000000000000000, 0.000000000000000000, 0.000000000000000000 ) ) ;
#3168 = CYLINDRICAL_SURFACE ( 'NONE', #3834, 0.4826000000000001400 ) ;
#3169 = ORIENTED_EDGE ( 'NONE', *, *, #3068, .T. ) ;
#3170 = EDGE_CURVE ( 'NONE', #3334, #1410, #816, .T. ) ;
#3171 = VERTEX_POINT ( 'NONE', #2471 ) ;
#3172 = VECTOR ( 'NONE', #1331, 1000.000000000000000 ) ;
#3173 = VERTEX_POINT ( 'NONE', #1775 ) ;
#3174 = EDGE_CURVE ( 'NONE', #632, #1669, #3057, .T. ) ;
#3175 = DIRECTION ( 'NONE',  ( 0.000000000000000000, 0.000000000000000000, 1.000000000000000000 ) ) ;
#3176 = EDGE_CURVE ( 'NONE', #12, #3815, #135, .T. ) ;
#3177 = CARTESIAN_POINT ( 'NONE',  ( -4.633490436997449891, 5.334000000000000519, -3.301999999999999602 ) ) ;
#3178 = VECTOR ( 'NONE', #3085, 1000.000000000000000 ) ;
#3179 = ORIENTED_EDGE ( 'NONE', *, *, #468, .T. ) ;
#3180 = DIRECTION ( 'NONE',  ( 0.000000000000000000, 0.000000000000000000, 1.000000000000000000 ) ) ;
#3181 = CARTESIAN_POINT ( 'NONE',  ( 0.5397499999999899600, 0.3047999999999999599, 3.663949999999999818 ) ) ;
#3182 = ADVANCED_FACE ( 'NONE', ( #3983 ), #3399, .T. ) ;
#3183 = FACE_OUTER_BOUND ( 'NONE', #1070, .T. ) ;
#3184 = VECTOR ( 'NONE', #293, 1000.000000000000114 ) ;
#3185 = ORIENTED_EDGE ( 'NONE', *, *, #325, .F. ) ;
#3186 = CARTESIAN_POINT ( 'NONE',  ( 4.940299999999999692, 3.003549999999999720, 3.301999999999999602 ) ) ;
#3187 = DIRECTION ( 'NONE',  ( 0.000000000000000000, -1.000000000000000000, -1.317188039375246045E-16 ) ) ;
#3188 = LINE ( 'NONE', #1283, #1055 ) ;
#3189 = VECTOR ( 'NONE', #4037, 1000.000000000000000 ) ;
#3190 = CARTESIAN_POINT ( 'NONE',  ( 4.038599999999999746, 2.711449999999999694, 3.301999999999999602 ) ) ;
#3191 = EDGE_LOOP ( 'NONE', ( #1206, #4121, #980, #855 ) ) ;
#3192 = AXIS2_PLACEMENT_3D ( 'NONE', #2571, #331, #2326 ) ;
#3193 = VECTOR ( 'NONE', #2978, 1000.000000000000000 ) ;
#3194 = EDGE_LOOP ( 'NONE', ( #704, #3866, #2004, #2523 ) ) ;
#3195 = CARTESIAN_POINT ( 'NONE',  ( -4.038599999999999746, 2.711449999999999694, 3.473449999999999704 ) ) ;
#3196 = CARTESIAN_POINT ( 'NONE',  ( -1.498600000000000154, -4.064000000000000057, 3.663949999999999818 ) ) ;
#3197 = ADVANCED_FACE ( 'NONE', ( #582 ), #4115, .F. ) ;
#3198 = EDGE_CURVE ( 'NONE', #2583, #1519, #923, .T. ) ;
#3199 = ORIENTED_EDGE ( 'NONE', *, *, #2983, .F. ) ;
#3200 = CARTESIAN_POINT ( 'NONE',  ( 3.581400000000000361, 2.520950000000000024, -3.956049999999999844 ) ) ;
#3201 = FACE_OUTER_BOUND ( 'NONE', #1737, .T. ) ;
#3202 = DIRECTION ( 'NONE',  ( 0.000000000000000000, 0.000000000000000000, -1.000000000000000000 ) ) ;
#3203 = ADVANCED_FACE ( 'NONE', ( #3812 ), #2848, .F. ) ;
#3204 = VECTOR ( 'NONE', #2073, 1000.000000000000000 ) ;
#3205 = AXIS2_PLACEMENT_3D ( 'NONE', #1538, #3137, #3180 ) ;
#3206 = ORIENTED_EDGE ( 'NONE', *, *, #779, .F. ) ;
#3207 = CARTESIAN_POINT ( 'NONE',  ( -2.000249999999999861, 2.520950000000000024, -3.473449999999999704 ) ) ;
#3208 = VECTOR ( 'NONE', #4157, 1000.000000000000000 ) ;
#3209 = CARTESIAN_POINT ( 'NONE',  ( -4.038599999999999746, 2.711449999999999694, -3.301999999999999602 ) ) ;
#3210 = ORIENTED_EDGE ( 'NONE', *, *, #2863, .F. ) ;
#3211 = VECTOR ( 'NONE', #1156, 1000.000000000000000 ) ;
#3212 = VERTEX_POINT ( 'NONE', #244 ) ;
#3213 = PRODUCT_DEFINITION_SHAPE ( 'NONE', 'NONE',  #4161 ) ;
#3214 = FACE_OUTER_BOUND ( 'NONE', #3510, .T. ) ;
#3215 = DIRECTION ( 'NONE',  ( 0.000000000000000000, -1.000000000000000000, 0.000000000000000000 ) ) ;
#3216 = ORIENTED_EDGE ( 'NONE', *, *, #2787, .T. ) ;
#3217 = SURFACE_STYLE_FILL_AREA ( #737 ) ;
#3218 = CARTESIAN_POINT ( 'NONE',  ( 4.038599999999999746, -4.064000000000000057, -3.663949999999999818 ) ) ;
#3219 = PLANE ( 'NONE',  #3738 ) ;
#3220 = EDGE_CURVE ( 'NONE', #3212, #1612, #3123, .T. ) ;
#3221 = EDGE_CURVE ( 'NONE', #3347, #2455, #1901, .T. ) ;
#3222 = DIRECTION ( 'NONE',  ( -1.000000000000000000, 0.000000000000000000, 0.000000000000000000 ) ) ;
#3223 = VERTEX_POINT ( 'NONE', #4140 ) ;
#3224 = LINE ( 'NONE', #722, #1617 ) ;
#3225 = EDGE_CURVE ( 'NONE', #929, #3331, #2548, .T. ) ;
#3226 = DIRECTION ( 'NONE',  ( 0.000000000000000000, 5.143305367816659412E-17, -1.000000000000000000 ) ) ;
#3227 = ORIENTED_EDGE ( 'NONE', *, *, #840, .T. ) ;
#3228 = CARTESIAN_POINT ( 'NONE',  ( 4.038599999999999746, -4.064000000000000057, -3.956049999999999844 ) ) ;
#3229 = VERTEX_POINT ( 'NONE', #1881 ) ;
#3230 = ORIENTED_EDGE ( 'NONE', *, *, #246, .T. ) ;
#3231 = LINE ( 'NONE', #348, #495 ) ;
#3232 = VECTOR ( 'NONE', #1123, 1000.000000000000000 ) ;
#3233 = ORIENTED_EDGE ( 'NONE', *, *, #2393, .T. ) ;
#3234 = DIRECTION ( 'NONE',  ( 0.7071067811865474617, 0.7071067811865474617, -9.313925947400492153E-17 ) ) ;
#3235 = EDGE_LOOP ( 'NONE', ( #376, #1375, #222, #1174 ) ) ;
#3236 = COLOUR_RGB ( '',0.7960784313725489669, 0.8235294117647058432, 0.9372549019607843146 ) ;
#3237 = FACE_OUTER_BOUND ( 'NONE', #2001, .T. ) ;
#3238 = LINE ( 'NONE', #3343, #3136 ) ;
#3239 = LINE ( 'NONE', #1615, #4070 ) ;
#3240 = LINE ( 'NONE', #3540, #2192 ) ;
#3241 = VECTOR ( 'NONE', #1625, 1000.000000000000000 ) ;
#3242 = ORIENTED_EDGE ( 'NONE', *, *, #540, .F. ) ;
#3243 = DIRECTION ( 'NONE',  ( -0.1305261922200520452, 0.9914448613738103822, 0.000000000000000000 ) ) ;
#3244 = VECTOR ( 'NONE', #2586, 1000.000000000000000 ) ;
#3245 = LINE ( 'NONE', #1920, #389 ) ;
#3246 = EDGE_CURVE ( 'NONE', #2854, #1603, #113, .T. ) ;
#3247 = ORIENTED_EDGE ( 'NONE', *, *, #761, .F. ) ;
#3248 = ORIENTED_EDGE ( 'NONE', *, *, #1552, .F. ) ;
#3249 = LINE ( 'NONE', #1336, #2691 ) ;
#3250 = ORIENTED_EDGE ( 'NONE', *, *, #2903, .F. ) ;
#3251 = EDGE_CURVE ( 'NONE', #887, #1266, #3188, .T. ) ;
#3252 = AXIS2_PLACEMENT_3D ( 'NONE', #2877, #2913, #3572 ) ;
#3253 = EDGE_LOOP ( 'NONE', ( #3625, #3656, #3552, #2744, #3543, #2408, #433, #3143 ) ) ;
#3254 = VECTOR ( 'NONE', #1385, 1000.000000000000000 ) ;
#3255 = CARTESIAN_POINT ( 'NONE',  ( -4.038599999999999746, 2.520950000000000024, -3.663949999999999818 ) ) ;
#3256 = EDGE_LOOP ( 'NONE', ( #86, #3361, #1879, #1405 ) ) ;
#3257 = DIRECTION ( 'NONE',  ( 0.000000000000000000, 0.000000000000000000, -1.000000000000000000 ) ) ;
#3258 = VERTEX_POINT ( 'NONE', #1264 ) ;
#3259 = CARTESIAN_POINT ( 'NONE',  ( -1.695450000000000124, -4.336808689942014778E-16, 3.956049999999999844 ) ) ;
#3260 = CARTESIAN_POINT ( 'NONE',  ( 4.038599999999999746, 2.711449999999999694, -3.301999999999999602 ) ) ;
#3261 = CARTESIAN_POINT ( 'NONE',  ( 2.000249999999999861, -4.487044639735940043E-16, 3.663949999999999818 ) ) ;
#3262 = FACE_OUTER_BOUND ( 'NONE', #707, .T. ) ;
#3263 = ORIENTED_EDGE ( 'NONE', *, *, #1259, .F. ) ;
#3264 = DIRECTION ( 'NONE',  ( 0.7071067811865474617, 0.7071067811865474617, 9.313925947400492153E-17 ) ) ;
#3265 = AXIS2_PLACEMENT_3D ( 'NONE', #957, #2191, #2880 ) ;
#3266 = CARTESIAN_POINT ( 'NONE',  ( -1.041400000000000103, 3.003549999999999720, 3.301999999999999602 ) ) ;
#3267 = ORIENTED_EDGE ( 'NONE', *, *, #2398, .F. ) ;
#3268 = DIRECTION ( 'NONE',  ( -2.626776916984869807E-16, 0.000000000000000000, -1.000000000000000000 ) ) ;
#3269 = CIRCLE ( 'NONE', #3979, 0.4826000000000001400 ) ;
#3270 = EDGE_CURVE ( 'NONE', #2383, #3468, #3832, .T. ) ;
#3271 = EDGE_CURVE ( 'NONE', #3977, #1486, #3508, .T. ) ;
#3272 = DIRECTION ( 'NONE',  ( -1.000000000000000000, 0.000000000000000000, 0.000000000000000000 ) ) ;
#3273 = VECTOR ( 'NONE', #3353, 1000.000000000000000 ) ;
#3274 = ORIENTED_EDGE ( 'NONE', *, *, #2117, .F. ) ;
#3275 = LINE ( 'NONE', #2553, #3244 ) ;
#3276 = ADVANCED_FACE ( 'NONE', ( #945 ), #2216, .F. ) ;
#3277 = DIRECTION ( 'NONE',  ( -1.000000000000000000, 0.000000000000000000, 0.000000000000000000 ) ) ;
#3278 = ORIENTED_EDGE ( 'NONE', *, *, #1579, .T. ) ;
#3279 = CARTESIAN_POINT ( 'NONE',  ( 2.000249999999999861, 0.3047999999999999599, -3.956049999999999844 ) ) ;
#3280 = VERTEX_POINT ( 'NONE', #2488 ) ;
#3281 = CARTESIAN_POINT ( 'NONE',  ( -0.5397500000000099440, 2.711449999999999694, -3.301999999999999602 ) ) ;
#3282 = CARTESIAN_POINT ( 'NONE',  ( -4.038599999999999746, 2.520950000000000024, 3.663949999999999818 ) ) ;
#3283 = DIRECTION ( 'NONE',  ( 0.000000000000000000, 5.143305367816659412E-17, -1.000000000000000000 ) ) ;
#3284 = CARTESIAN_POINT ( 'NONE',  ( -4.940299999999999692, 3.003549999999999720, -3.301999999999999602 ) ) ;
#3285 = ORIENTED_EDGE ( 'NONE', *, *, #3559, .T. ) ;
#3286 = LINE ( 'NONE', #1705, #2491 ) ;
#3287 = DIRECTION ( 'NONE',  ( 1.000000000000000000, 0.000000000000000000, 0.000000000000000000 ) ) ;
#3288 = EDGE_LOOP ( 'NONE', ( #2089, #2735, #3937, #1904 ) ) ;
#3289 = ORIENTED_EDGE ( 'NONE', *, *, #726, .T. ) ;
#3290 = CARTESIAN_POINT ( 'NONE',  ( 1.498600000000000154, 2.520950000000000024, 3.473449999999999704 ) ) ;
#3291 = VERTEX_POINT ( 'NONE', #2870 ) ;
#3292 = LINE ( 'NONE', #94, #3420 ) ;
#3293 = ORIENTED_EDGE ( 'NONE', *, *, #445, .T. ) ;
#3294 = CARTESIAN_POINT ( 'NONE',  ( -1.041400000000000103, -4.487044639735940043E-16, 3.663949999999999818 ) ) ;
#3295 = ORIENTED_EDGE ( 'NONE', *, *, #1034, .F. ) ;
#3296 = LINE ( 'NONE', #2973, #1307 ) ;
#3297 = EDGE_CURVE ( 'NONE', #2583, #4148, #267, .T. ) ;
#3298 = EDGE_CURVE ( 'NONE', #1380, #2961, #1043, .T. ) ;
#3299 = ORIENTED_EDGE ( 'NONE', *, *, #3511, .T. ) ;
#3300 = PLANE ( 'NONE',  #2626 ) ;
#3301 = DIRECTION ( 'NONE',  ( 1.000000000000000000, 0.000000000000000000, 0.000000000000000000 ) ) ;
#3302 = DIRECTION ( 'NONE',  ( -0.000000000000000000, 0.1305261922200520452, 0.9914448613738103822 ) ) ;
#3303 = DIRECTION ( 'NONE',  ( 0.000000000000000000, -5.143305367816659412E-17, 1.000000000000000000 ) ) ;
#3304 = ORIENTED_EDGE ( 'NONE', *, *, #3176, .F. ) ;
#3305 = CARTESIAN_POINT ( 'NONE',  ( 4.038599999999999746, 2.520950000000000024, -3.473449999999999704 ) ) ;
#3306 = CIRCLE ( 'NONE', #2560, 0.1905000000000001414 ) ;
#3307 = LINE ( 'NONE', #2017, #534 ) ;
#3308 = ORIENTED_EDGE ( 'NONE', *, *, #560, .T. ) ;
#3309 = ORIENTED_EDGE ( 'NONE', *, *, #2732, .T. ) ;
#3310 = PRODUCT_DEFINITION_SHAPE ( 'NONE', 'NONE',  #2584 ) ;
#3311 = DIRECTION ( 'NONE',  ( -1.000000000000000000, 0.000000000000000000, 0.000000000000000000 ) ) ;
#3312 = ORIENTED_EDGE ( 'NONE', *, *, #1706, .T. ) ;
#3313 = SURFACE_STYLE_USAGE ( .BOTH. , #1734 ) ;
#3314 = ORIENTED_EDGE ( 'NONE', *, *, #1058, .F. ) ;
#3315 = CARTESIAN_POINT ( 'NONE',  ( -4.940299999999999692, 3.987799999999999567, -0.7366000000000000325 ) ) ;
#3316 = VECTOR ( 'NONE', #1102, 1000.000000000000000 ) ;
#3317 = ORIENTED_EDGE ( 'NONE', *, *, #1372, .T. ) ;
#3318 = DIRECTION ( 'NONE',  ( -0.7071067811865465735, 0.7071067811865485719, 9.313925947400503246E-17 ) ) ;
#3319 = ORIENTED_EDGE ( 'NONE', *, *, #2257, .T. ) ;
#3320 = PLANE ( 'NONE',  #3542 ) ;
#3321 = FACE_OUTER_BOUND ( 'NONE', #2580, .T. ) ;
#3322 = DIRECTION ( 'NONE',  ( -2.887788576812115453E-16, 1.000000000000000000, 0.000000000000000000 ) ) ;
#3323 = ADVANCED_FACE ( 'NONE', ( #746 ), #999, .F. ) ;
#3324 = EDGE_CURVE ( 'NONE', #2508, #3687, #1940, .T. ) ;
#3325 = DIRECTION ( 'NONE',  ( 0.000000000000000000, -1.000000000000000000, 0.000000000000000000 ) ) ;
#3326 = ORIENTED_EDGE ( 'NONE', *, *, #193, .T. ) ;
#3327 = CARTESIAN_POINT ( 'NONE',  ( 2.000249999999999861, 2.520950000000000024, 3.473449999999999704 ) ) ;
#3328 = EDGE_CURVE ( 'NONE', #1157, #139, #3269, .T. ) ;
#3329 = DIRECTION ( 'NONE',  ( -6.092331808357812285E-16, -0.1305261922200520452, -0.9914448613738103822 ) ) ;
#3330 = SURFACE_STYLE_FILL_AREA ( #765 ) ;
#3331 = VERTEX_POINT ( 'NONE', #367 ) ;
#3332 = CARTESIAN_POINT ( 'NONE',  ( -4.633490436997449891, 5.334000000000000519, -2.995190436997445360 ) ) ;
#3333 = CARTESIAN_POINT ( 'NONE',  ( -1.041400000000000103, 4.336808689942014778E-16, -3.956049999999999844 ) ) ;
#3334 = VERTEX_POINT ( 'NONE', #1354 ) ;
#3335 = ORIENTED_EDGE ( 'NONE', *, *, #1913, .F. ) ;
#3336 = AXIS2_PLACEMENT_3D ( 'NONE', #738, #758, #2594 ) ;
#3337 = CARTESIAN_POINT ( 'NONE',  ( 1.041400000000000103, -4.336808689942014778E-16, -3.956049999999999844 ) ) ;
#3338 = VECTOR ( 'NONE', #2424, 1000.000000000000000 ) ;
#3339 = ORIENTED_EDGE ( 'NONE', *, *, #982, .F. ) ;
#3340 = DIRECTION ( 'NONE',  ( 2.887788576812115453E-16, -1.000000000000000000, 0.000000000000000000 ) ) ;
#3341 = ORIENTED_EDGE ( 'NONE', *, *, #3153, .F. ) ;
#3342 = PRESENTATION_STYLE_ASSIGNMENT (( #2675 ) ) ;
#3343 = CARTESIAN_POINT ( 'NONE',  ( -1.695450000000000124, -4.487044639735940043E-16, -3.663949999999999818 ) ) ;
#3344 = CARTESIAN_POINT ( 'NONE',  ( -4.633490436997449891, 5.334000000000000519, -3.301999999999999602 ) ) ;
#3345 = DIRECTION ( 'NONE',  ( -1.000000000000000000, 0.000000000000000000, 0.000000000000000000 ) ) ;
#3346 = VECTOR ( 'NONE', #2599, 1000.000000000000000 ) ;
#3347 = VERTEX_POINT ( 'NONE', #2020 ) ;
#3348 = FACE_OUTER_BOUND ( 'NONE', #3628, .T. ) ;
#3349 = EDGE_CURVE ( 'NONE', #398, #474, #3901, .T. ) ;
#3350 = CARTESIAN_POINT ( 'NONE',  ( 4.940299999999999692, 3.003549999999999720, -3.301999999999999602 ) ) ;
#3351 = EDGE_LOOP ( 'NONE', ( #705, #96, #1984, #834, #110, #915, #313, #669 ) ) ;
#3352 = EDGE_CURVE ( 'NONE', #1481, #2802, #3914, .T. ) ;
#3353 = DIRECTION ( 'NONE',  ( 0.000000000000000000, 1.000000000000000000, 6.881229203184539713E-16 ) ) ;
#3354 = AXIS2_PLACEMENT_3D ( 'NONE', #2803, #944, #3844 ) ;
#3355 = ADVANCED_FACE ( 'NONE', ( #1643 ), #3589, .F. ) ;
#3356 = DIRECTION ( 'NONE',  ( 0.000000000000000000, 0.000000000000000000, -1.000000000000000000 ) ) ;
#3357 = CARTESIAN_POINT ( 'NONE',  ( 1.498600000000000154, -4.064000000000000057, -3.663949999999999818 ) ) ;
#3358 = EDGE_LOOP ( 'NONE', ( #3089, #607, #2490, #1136 ) ) ;
#3359 = ORIENTED_EDGE ( 'NONE', *, *, #608, .F. ) ;
#3360 = CARTESIAN_POINT ( 'NONE',  ( 1.498600000000000154, 4.336808689942014778E-16, -3.956049999999999844 ) ) ;
#3361 = ORIENTED_EDGE ( 'NONE', *, *, #1295, .T. ) ;
#3362 = CYLINDRICAL_SURFACE ( 'NONE', #358, 0.1905000000000001414 ) ;
#3363 = ORIENTED_EDGE ( 'NONE', *, *, #219, .T. ) ;
#3364 =( NAMED_UNIT ( * ) PLANE_ANGLE_UNIT ( ) SI_UNIT ( $, .RADIAN. ) );
#3365 = CARTESIAN_POINT ( 'NONE',  ( 4.540250000000000341, -4.487044639735940043E-16, -3.663949999999999818 ) ) ;
#3366 = FACE_OUTER_BOUND ( 'NONE', #2444, .T. ) ;
#3367 = LINE ( 'NONE', #3048, #4056 ) ;
#3368 = CARTESIAN_POINT ( 'NONE',  ( 1.498600000000000154, 2.520950000000000024, 3.956049999999999844 ) ) ;
#3369 = EDGE_LOOP ( 'NONE', ( #2159, #894, #698, #3496 ) ) ;
#3370 = DIRECTION ( 'NONE',  ( 0.000000000000000000, 0.000000000000000000, 1.000000000000000000 ) ) ;
#3371 = DIRECTION ( 'NONE',  ( 0.000000000000000000, -0.9914448613738103822, 0.1305261922200520452 ) ) ;
#3372 = AXIS2_PLACEMENT_3D ( 'NONE', #360, #107, #3243 ) ;
#3373 = FACE_OUTER_BOUND ( 'NONE', #667, .T. ) ;
#3374 = EDGE_LOOP ( 'NONE', ( #1723, #3151, #71, #2923 ) ) ;
#3375 = LINE ( 'NONE', #223, #2208 ) ;
#3376 = DIRECTION ( 'NONE',  ( 0.000000000000000000, 0.000000000000000000, 1.000000000000000000 ) ) ;
#3377 = CARTESIAN_POINT ( 'NONE',  ( 3.079750000000000210, 2.711449999999999694, 3.473449999999999704 ) ) ;
#3378 = EDGE_CURVE ( 'NONE', #39, #1191, #1960, .T. ) ;
#3380 = AXIS2_PLACEMENT_3D ( 'NONE', #3965, #473, #2742 ) ;
#3379 = CARTESIAN_POINT ( 'NONE',  ( 3.079750000000000210, 2.520950000000000024, 3.473449999999999704 ) ) ;
#3381 = ORIENTED_EDGE ( 'NONE', *, *, #3225, .F. ) ;
#3382 = DIRECTION ( 'NONE',  ( -1.000000000000000000, 0.000000000000000000, 0.000000000000000000 ) ) ;
#3383 = EDGE_CURVE ( 'NONE', #1359, #1481, #3249, .T. ) ;
#3384 = VECTOR ( 'NONE', #2144, 1000.000000000000000 ) ;
#3385 = ORIENTED_EDGE ( 'NONE', *, *, #423, .T. ) ;
#3386 = DIRECTION ( 'NONE',  ( 0.000000000000000000, 5.143305367816659412E-17, -1.000000000000000000 ) ) ;
#3387 = ORIENTED_EDGE ( 'NONE', *, *, #1890, .T. ) ;
#3388 = FACE_OUTER_BOUND ( 'NONE', #1985, .T. ) ;
#3389 = CARTESIAN_POINT ( 'NONE',  ( 0.5397499999999899600, 0.3047999999999999599, -3.473449999999999704 ) ) ;
#3390 = VECTOR ( 'NONE', #261, 1000.000000000000000 ) ;
#3391 = CARTESIAN_POINT ( 'NONE',  ( 1.498600000000000154, 3.003549999999999720, -3.473449999999999704 ) ) ;
#3392 = AXIS2_PLACEMENT_3D ( 'NONE', #2167, #3839, #3821 ) ;
#3393 = VERTEX_POINT ( 'NONE', #431 ) ;
#3394 = VECTOR ( 'NONE', #3709, 1000.000000000000000 ) ;
#3395 = LINE ( 'NONE', #466, #1353 ) ;
#3396 = SURFACE_STYLE_FILL_AREA ( #2103 ) ;
#3397 = ORIENTED_EDGE ( 'NONE', *, *, #2029, .F. ) ;
#3398 = DIRECTION ( 'NONE',  ( 0.000000000000000000, 0.000000000000000000, 1.000000000000000000 ) ) ;
#3399 = CYLINDRICAL_SURFACE ( 'NONE', #1592, 0.4826000000000001400 ) ;
#3400 = PLANE ( 'NONE',  #3446 ) ;
#3401 = CARTESIAN_POINT ( 'NONE',  ( -2.000249999999999861, 2.711449999999999694, -3.473449999999999704 ) ) ;
#3402 = ORIENTED_EDGE ( 'NONE', *, *, #2907, .T. ) ;
#3403 = ADVANCED_FACE ( 'NONE', ( #1018 ), #2002, .T. ) ;
#3404 = EDGE_CURVE ( 'NONE', #1262, #2474, #114, .T. ) ;
#3405 = PLANE ( 'NONE',  #2036 ) ;
#3406 = VECTOR ( 'NONE', #2976, 1000.000000000000000 ) ;
#3407 = AXIS2_PLACEMENT_3D ( 'NONE', #2915, #3869, #5 ) ;
#3408 = ORIENTED_EDGE ( 'NONE', *, *, #2505, .T. ) ;
#3409 = CARTESIAN_POINT ( 'NONE',  ( -2.000249999999999861, 3.003549999999999720, 3.301999999999999602 ) ) ;
#3410 = DIRECTION ( 'NONE',  ( 1.000000000000000000, 0.000000000000000000, 0.000000000000000000 ) ) ;
#3411 = LINE ( 'NONE', #3365, #249 ) ;
#3412 = EDGE_CURVE ( 'NONE', #1669, #449, #981, .T. ) ;
#3413 = VECTOR ( 'NONE', #3465, 1000.000000000000114 ) ;
#3414 = UNCERTAINTY_MEASURE_WITH_UNIT (LENGTH_MEASURE( 1.000000000000000082E-05 ), #3732, 'distance_accuracy_value', 'NONE');
#3415 = LINE ( 'NONE', #3975, #1634 ) ;
#3416 = ORIENTED_EDGE ( 'NONE', *, *, #202, .T. ) ;
#3417 = CARTESIAN_POINT ( 'NONE',  ( 1.695450000000000124, -4.336808689942014778E-16, -3.956049999999999844 ) ) ;
#3418 = CARTESIAN_POINT ( 'NONE',  ( 1.041400000000000103, -4.336808689942014778E-16, -3.473449999999999704 ) ) ;
#3419 = ORIENTED_EDGE ( 'NONE', *, *, #780, .T. ) ;
#3420 = VECTOR ( 'NONE', #410, 1000.000000000000000 ) ;
#3421 = DIRECTION ( 'NONE',  ( 0.000000000000000000, 1.000000000000000000, 0.000000000000000000 ) ) ;
#3422 = DIRECTION ( 'NONE',  ( 1.000000000000000000, 0.000000000000000000, 0.000000000000000000 ) ) ;
#3423 = FACE_OUTER_BOUND ( 'NONE', #824, .T. ) ;
#3424 = ORIENTED_EDGE ( 'NONE', *, *, #3271, .T. ) ;
#3425 = ORIENTED_EDGE ( 'NONE', *, *, #2281, .F. ) ;
#3426 = ORIENTED_EDGE ( 'NONE', *, *, #1642, .T. ) ;
#3427 = DIRECTION ( 'NONE',  ( -1.000000000000000000, 0.000000000000000000, 0.000000000000000000 ) ) ;
#3428 = DIRECTION ( 'NONE',  ( -0.000000000000000000, 1.000000000000000000, 0.000000000000000000 ) ) ;
#3429 = CARTESIAN_POINT ( 'NONE',  ( 1.041400000000000103, -4.064000000000000057, -3.663949999999999818 ) ) ;
#3430 = DIRECTION ( 'NONE',  ( 0.000000000000000000, -1.000000000000000000, 0.000000000000000000 ) ) ;
#3431 = DIRECTION ( 'NONE',  ( 0.7071067811865475727, -0.7071067811865475727, 3.636866103296330043E-17 ) ) ;
#3432 = EDGE_CURVE ( 'NONE', #3988, #1274, #345, .T. ) ;
#3433 = EDGE_CURVE ( 'NONE', #3710, #2724, #2906, .T. ) ;
#3434 = ORIENTED_EDGE ( 'NONE', *, *, #164, .T. ) ;
#3435 = DIRECTION ( 'NONE',  ( 0.000000000000000000, -1.000000000000000000, 0.000000000000000000 ) ) ;
#3436 =( LENGTH_UNIT ( ) NAMED_UNIT ( * ) SI_UNIT ( .MILLI., .METRE. ) );
#3437 = EDGE_CURVE ( 'NONE', #1222, #1612, #1315, .T. ) ;
#3438 = VERTEX_POINT ( 'NONE', #1466 ) ;
#3439 = DIRECTION ( 'NONE',  ( 1.000000000000000000, 0.000000000000000000, 0.000000000000000000 ) ) ;
#3440 = DIRECTION ( 'NONE',  ( 0.000000000000000000, 0.000000000000000000, -1.000000000000000000 ) ) ;
#3441 = CARTESIAN_POINT ( 'NONE',  ( -1.041400000000000103, 2.520950000000000024, -3.663949999999999818 ) ) ;
#3442 = AXIS2_PLACEMENT_3D ( 'NONE', #3938, #2920, #3859 ) ;
#3443 = DIRECTION ( 'NONE',  ( 0.000000000000000000, 1.317188039375246045E-16, -1.000000000000000000 ) ) ;
#3444 = ORIENTED_EDGE ( 'NONE', *, *, #555, .F. ) ;
#3445 = AXIS2_PLACEMENT_3D ( 'NONE', #4029, #1150, #3692 ) ;
#3446 = AXIS2_PLACEMENT_3D ( 'NONE', #2689, #524, #3985 ) ;
#3447 = ORIENTED_EDGE ( 'NONE', *, *, #512, .T. ) ;
#3448 = ORIENTED_EDGE ( 'NONE', *, *, #650, .F. ) ;
#3449 = DIRECTION ( 'NONE',  ( 0.7071067811865485719, 0.7071067811865464625, -3.636866103296324497E-17 ) ) ;
#3450 = SURFACE_STYLE_USAGE ( .BOTH. , #1888 ) ;
#3451 = LINE ( 'NONE', #4064, #356 ) ;
#3452 = CARTESIAN_POINT ( 'NONE',  ( -3.079750000000000210, 3.003549999999999720, 3.301999999999999602 ) ) ;
#3453 = VECTOR ( 'NONE', #4104, 1000.000000000000000 ) ;
#3454 = DIRECTION ( 'NONE',  ( 2.626776916984869807E-16, 0.000000000000000000, 1.000000000000000000 ) ) ;
#3455 = EDGE_LOOP ( 'NONE', ( #191, #3717, #3954, #3648 ) ) ;
#3456 = CARTESIAN_POINT ( 'NONE',  ( 0.8445499999999900309, -4.487044639735940043E-16, 3.663949999999999818 ) ) ;
#3457 = DIRECTION ( 'NONE',  ( 0.7071067811865465735, 0.7071067811865485719, -9.313925947400503246E-17 ) ) ;
#3458 = ADVANCED_FACE ( 'NONE', ( #2113 ), #136, .F. ) ;
#3459 = EDGE_CURVE ( 'NONE', #3119, #3486, #1418, .T. ) ;
#3460 = CARTESIAN_POINT ( 'NONE',  ( 0.5397499999999899600, 2.520950000000000024, 3.956049999999999844 ) ) ;
#3461 = PRESENTATION_LAYER_ASSIGNMENT (  '', '', ( #2628 ) ) ;
#3462 = VECTOR ( 'NONE', #3663, 1000.000000000000000 ) ;
#3463 = EDGE_LOOP ( 'NONE', ( #1944, #4045, #2893, #1974 ) ) ;
#3464 = CARTESIAN_POINT ( 'NONE',  ( -1.041400000000000103, 3.003549999999999720, 3.473449999999999704 ) ) ;
#3465 = DIRECTION ( 'NONE',  ( 0.1294283079955640126, 0.9831056027603600755, 0.1294283079955640126 ) ) ;
#3466 = EDGE_CURVE ( 'NONE', #3128, #2981, #768, .T. ) ;
#3467 = DIRECTION ( 'NONE',  ( 0.000000000000000000, 1.000000000000000000, 0.000000000000000000 ) ) ;
#3468 = VERTEX_POINT ( 'NONE', #1131 ) ;
#3469 = ORIENTED_EDGE ( 'NONE', *, *, #967, .T. ) ;
#3470 = ORIENTED_EDGE ( 'NONE', *, *, #3918, .T. ) ;
#3471 = LINE ( 'NONE', #589, #1624 ) ;
#3472 = DIRECTION ( 'NONE',  ( -0.7071067811865474617, -0.7071067811865474617, 9.313925947400492153E-17 ) ) ;
#3473 = LINE ( 'NONE', #3159, #720 ) ;
#3474 = VECTOR ( 'NONE', #2574, 1000.000000000000000 ) ;
#3475 = PRESENTATION_LAYER_ASSIGNMENT (  '', '', ( #2921 ) ) ;
#3476 = DIRECTION ( 'NONE',  ( -0.7071067811865465735, -0.7071067811865485719, 9.313925947400503246E-17 ) ) ;
#3477 = ORIENTED_EDGE ( 'NONE', *, *, #1780, .T. ) ;
#3478 = AXIS2_PLACEMENT_3D ( 'NONE', #2011, #3301, #420 ) ;
#3479 = DIRECTION ( 'NONE',  ( 0.000000000000000000, -5.143305367816659412E-17, -1.000000000000000000 ) ) ;
#3480 = LINE ( 'NONE', #4131, #2866 ) ;
#3481 = CARTESIAN_POINT ( 'NONE',  ( -1.041400000000000103, 2.520950000000000024, -3.473449999999999704 ) ) ;
#3482 = VECTOR ( 'NONE', #1414, 1000.000000000000000 ) ;
#3483 = CARTESIAN_POINT ( 'NONE',  ( 0.000000000000000000, 0.000000000000000000, 0.000000000000000000 ) ) ;
#3484 = ADVANCED_FACE ( 'NONE', ( #186 ), #1444, .F. ) ;
#3485 = EDGE_CURVE ( 'NONE', #3494, #3932, #2406, .T. ) ;
#3486 = VERTEX_POINT ( 'NONE', #3333 ) ;
#3487 = DIRECTION ( 'NONE',  ( -1.000000000000000000, 0.000000000000000000, 0.000000000000000000 ) ) ;
#3488 = DIRECTION ( 'NONE',  ( 0.000000000000000000, 1.000000000000000000, -6.881229203184539713E-16 ) ) ;
#3490 = DIRECTION ( 'NONE',  ( -0.000000000000000000, 1.000000000000000000, 0.000000000000000000 ) ) ;
#3489 = AXIS2_PLACEMENT_3D ( 'NONE', #1178, #4096, #1862 ) ;
#3491 = EDGE_CURVE ( 'NONE', #1783, #3505, #1802, .T. ) ;
#3492 = ADVANCED_FACE ( 'NONE', ( #4009 ), #3697, .F. ) ;
#3493 = ORIENTED_EDGE ( 'NONE', *, *, #1951, .T. ) ;
#3494 = VERTEX_POINT ( 'NONE', #3377 ) ;
#3495 = EDGE_CURVE ( 'NONE', #2474, #1683, #1778, .T. ) ;
#3496 = ORIENTED_EDGE ( 'NONE', *, *, #581, .T. ) ;
#3497 = PLANE ( 'NONE',  #486 ) ;
#3498 = CARTESIAN_POINT ( 'NONE',  ( 2.000249999999999861, 3.003549999999999720, 3.301999999999999602 ) ) ;
#3499 = CARTESIAN_POINT ( 'NONE',  ( 0.5397499999999899600, 2.711449999999999694, 3.473449999999999704 ) ) ;
#3500 = FACE_OUTER_BOUND ( 'NONE', #1316, .T. ) ;
#3501 = ORIENTED_EDGE ( 'NONE', *, *, #3633, .T. ) ;
#3502 = CARTESIAN_POINT ( 'NONE',  ( -4.038599999999999746, 2.520950000000000024, -3.663949999999999818 ) ) ;
#3503 = CARTESIAN_POINT ( 'NONE',  ( -4.038599999999999746, 2.711449999999999694, 3.473449999999999704 ) ) ;
#3504 = PLANE ( 'NONE',  #1572 ) ;
#3505 = VERTEX_POINT ( 'NONE', #2427 ) ;
#3506 = DIRECTION ( 'NONE',  ( 1.000000000000000000, 0.000000000000000000, 0.000000000000000000 ) ) ;
#3507 = DIRECTION ( 'NONE',  ( 1.000000000000000000, 0.000000000000000000, 0.000000000000000000 ) ) ;
#3508 = LINE ( 'NONE', #2533, #930 ) ;
#3509 = DIRECTION ( 'NONE',  ( 1.000000000000000000, 0.000000000000000000, 0.000000000000000000 ) ) ;
#3510 = EDGE_LOOP ( 'NONE', ( #782, #4001, #1160, #1314 ) ) ;
#3511 = EDGE_CURVE ( 'NONE', #1410, #725, #452, .T. ) ;
#3512 = ADVANCED_FACE ( 'NONE', ( #3721 ), #3400, .F. ) ;
#3513 = EDGE_LOOP ( 'NONE', ( #1335, #101, #263, #3387 ) ) ;
#3514 = AXIS2_PLACEMENT_3D ( 'NONE', #3305, #1998, #3603 ) ;
#3515 = CARTESIAN_POINT ( 'NONE',  ( -2.000249999999999861, 3.003549999999999720, -3.301999999999999602 ) ) ;
#3516 = VECTOR ( 'NONE', #395, 1000.000000000000000 ) ;
#3517 = ADVANCED_FACE ( 'NONE', ( #2358 ), #2042, .F. ) ;
#3518 = DIRECTION ( 'NONE',  ( -1.000000000000000000, 0.000000000000000000, 0.000000000000000000 ) ) ;
#3519 = ORIENTED_EDGE ( 'NONE', *, *, #3030, .F. ) ;
#3520 = DIRECTION ( 'NONE',  ( 0.000000000000000000, -1.000000000000000000, 0.000000000000000000 ) ) ;
#3521 = CARTESIAN_POINT ( 'NONE',  ( 4.038599999999999746, 3.003549999999999720, 3.301999999999999602 ) ) ;
#3522 = VECTOR ( 'NONE', #1810, 1000.000000000000000 ) ;
#3523 = EDGE_LOOP ( 'NONE', ( #2738, #3385, #2402, #2018 ) ) ;
#3524 = CARTESIAN_POINT ( 'NONE',  ( -4.326680873994910748, 3.987799999999999567, -0.7366000000000000325 ) ) ;
#3525 = VECTOR ( 'NONE', #3667, 1000.000000000000000 ) ;
#3526 = DIRECTION ( 'NONE',  ( -1.000000000000000000, 0.000000000000000000, 0.000000000000000000 ) ) ;
#3527 = ORIENTED_EDGE ( 'NONE', *, *, #3994, .T. ) ;
#3528 = VECTOR ( 'NONE', #2075, 1000.000000000000000 ) ;
#3529 = AXIS2_PLACEMENT_3D ( 'NONE', #3368, #175, #3345 ) ;
#3530 = EDGE_CURVE ( 'NONE', #1767, #3852, #2160, .T. ) ;
#3531 = EDGE_CURVE ( 'NONE', #3925, #229, #3773, .T. ) ;
#3532 = DIRECTION ( 'NONE',  ( 1.000000000000000000, 0.000000000000000000, 0.000000000000000000 ) ) ;
#3533 = ORIENTED_EDGE ( 'NONE', *, *, #3917, .T. ) ;
#3534 = DIRECTION ( 'NONE',  ( 1.000000000000000000, 0.000000000000000000, 0.000000000000000000 ) ) ;
#3535 = ADVANCED_FACE ( 'NONE', ( #2814 ), #1786, .F. ) ;
#3536 = EDGE_LOOP ( 'NONE', ( #3274, #2015, #964, #1313 ) ) ;
#3537 = SURFACE_SIDE_STYLE ('',( #3217 ) ) ;
#3538 = CARTESIAN_POINT ( 'NONE',  ( -3.384549999999999947, -4.487044639735944974E-16, -3.663949999999999818 ) ) ;
#3539 = DIRECTION ( 'NONE',  ( 0.000000000000000000, -1.000000000000000000, 1.317188039375246045E-16 ) ) ;
#3540 = CARTESIAN_POINT ( 'NONE',  ( 3.079750000000000210, 2.711449999999999694, -3.301999999999999602 ) ) ;
#3541 = AXIS2_PLACEMENT_3D ( 'NONE', #2896, #3842, #4151 ) ;
#3542 = AXIS2_PLACEMENT_3D ( 'NONE', #439, #1740, #3996 ) ;
#3543 = ORIENTED_EDGE ( 'NONE', *, *, #2780, .F. ) ;
#3544 = CARTESIAN_POINT ( 'NONE',  ( -4.326680873994910748, 5.334000000000000519, -0.7366000000000000325 ) ) ;
#3545 = PLANE ( 'NONE',  #4091 ) ;
#3546 = ORIENTED_EDGE ( 'NONE', *, *, #363, .T. ) ;
#3547 = VECTOR ( 'NONE', #583, 1000.000000000000000 ) ;
#3548 = DIRECTION ( 'NONE',  ( 0.000000000000000000, 0.000000000000000000, -1.000000000000000000 ) ) ;
#3549 = ORIENTED_EDGE ( 'NONE', *, *, #3324, .F. ) ;
#3550 = LINE ( 'NONE', #3864, #1698 ) ;
#3551 = ADVANCED_FACE ( 'NONE', ( #1825 ), #212, .T. ) ;
#3552 = ORIENTED_EDGE ( 'NONE', *, *, #948, .F. ) ;
#3553 = CARTESIAN_POINT ( 'NONE',  ( 1.498600000000000154, 2.711449999999999694, 3.473449999999999704 ) ) ;
#3554 = VERTEX_POINT ( 'NONE', #4063 ) ;
#3555 = LINE ( 'NONE', #714, #2529 ) ;
#3556 = CARTESIAN_POINT ( 'NONE',  ( -4.940299999999999692, 2.711449999999999694, -3.301999999999999602 ) ) ;
#3557 = LINE ( 'NONE', #1699, #3193 ) ;
#3558 = EDGE_CURVE ( 'NONE', #1815, #2367, #2434, .T. ) ;
#3559 = EDGE_CURVE ( 'NONE', #1865, #2141, #251, .T. ) ;
#3560 = DIRECTION ( 'NONE',  ( 0.000000000000000000, 1.000000000000000000, 1.317188039375246045E-16 ) ) ;
#3561 = EDGE_LOOP ( 'NONE', ( #2536, #3308, #622, #3359 ) ) ;
#3562 = CARTESIAN_POINT ( 'NONE',  ( -4.038599999999999746, 3.003549999999999720, 3.301999999999999602 ) ) ;
#3563 = EDGE_CURVE ( 'NONE', #2461, #2359, #4039, .T. ) ;
#3564 = DIRECTION ( 'NONE',  ( 1.000000000000000000, 0.000000000000000000, 0.000000000000000000 ) ) ;
#3565 = VERTEX_POINT ( 'NONE', #1187 ) ;
#3566 = ORIENTED_EDGE ( 'NONE', *, *, #3046, .F. ) ;
#3567 = CARTESIAN_POINT ( 'NONE',  ( 0.8445499999999900309, -4.487044639735940043E-16, 3.663949999999999818 ) ) ;
#3568 = ORIENTED_EDGE ( 'NONE', *, *, #416, .T. ) ;
#3569 = CARTESIAN_POINT ( 'NONE',  ( -4.038599999999999746, -4.064000000000000057, -3.663949999999999818 ) ) ;
#3570 = VECTOR ( 'NONE', #3024, 1000.000000000000000 ) ;
#3571 = EDGE_LOOP ( 'NONE', ( #1004, #3891, #926, #465 ) ) ;
#3572 = DIRECTION ( 'NONE',  ( 0.000000000000000000, 0.000000000000000000, 1.000000000000000000 ) ) ;
#3573 = ORIENTED_EDGE ( 'NONE', *, *, #2732, .F. ) ;
#3574 = DIRECTION ( 'NONE',  ( 0.000000000000000000, 0.000000000000000000, -1.000000000000000000 ) ) ;
#3575 = CARTESIAN_POINT ( 'NONE',  ( -1.041400000000000103, -4.064000000000000057, -3.956049999999999844 ) ) ;
#3576 = CARTESIAN_POINT ( 'NONE',  ( -4.940299999999999692, 3.003549999999999720, 3.301999999999999602 ) ) ;
#3577 = DIRECTION ( 'NONE',  ( 6.144902299373339843E-16, 0.000000000000000000, 1.000000000000000000 ) ) ;
#3578 = VECTOR ( 'NONE', #195, 1000.000000000000000 ) ;
#3579 = ORIENTED_EDGE ( 'NONE', *, *, #3170, .T. ) ;
#3580 = EDGE_CURVE ( 'NONE', #659, #3291, #3070, .T. ) ;
#3581 = CARTESIAN_POINT ( 'NONE',  ( -0.5397500000000099440, 3.003549999999999720, -3.301999999999999602 ) ) ;
#3582 = EDGE_CURVE ( 'NONE', #436, #1713, #3129, .T. ) ;
#3583 = AXIS2_PLACEMENT_3D ( 'NONE', #611, #1889, #3175 ) ;
#3584 = DIRECTION ( 'NONE',  ( -0.000000000000000000, 1.000000000000000000, 0.000000000000000000 ) ) ;
#3585 = ORIENTED_EDGE ( 'NONE', *, *, #475, .F. ) ;
#3586 = CARTESIAN_POINT ( 'NONE',  ( -4.633490436997449891, 0.3810000000000000053, -2.995190436997445360 ) ) ;
#3587 = EDGE_CURVE ( 'NONE', #2886, #2410, #288, .T. ) ;
#3588 = VECTOR ( 'NONE', #2048, 1000.000000000000000 ) ;
#3589 = PLANE ( 'NONE',  #1762 ) ;
#3590 = ORIENTED_EDGE ( 'NONE', *, *, #2781, .T. ) ;
#3591 = AXIS2_PLACEMENT_3D ( 'NONE', #3800, #2837, #4127 ) ;
#3592 = VERTEX_POINT ( 'NONE', #3409 ) ;
#3593 = VECTOR ( 'NONE', #2727, 1000.000000000000000 ) ;
#3594 = LINE ( 'NONE', #1988, #2286 ) ;
#3595 = VERTEX_POINT ( 'NONE', #4102 ) ;
#3596 = LINE ( 'NONE', #2588, #2635 ) ;
#3597 = ORIENTED_EDGE ( 'NONE', *, *, #373, .T. ) ;
#3598 = FACE_OUTER_BOUND ( 'NONE', #526, .T. ) ;
#3599 = DIRECTION ( 'NONE',  ( 0.000000000000000000, 0.000000000000000000, 1.000000000000000000 ) ) ;
#3600 = CARTESIAN_POINT ( 'NONE',  ( -1.498600000000000154, 2.520950000000000024, -3.956049999999999844 ) ) ;
#3601 = DIRECTION ( 'NONE',  ( 0.000000000000000000, -1.000000000000000000, 1.317188039375246045E-16 ) ) ;
#3602 = ORIENTED_EDGE ( 'NONE', *, *, #1147, .F. ) ;
#3603 = DIRECTION ( 'NONE',  ( 0.000000000000000000, 0.000000000000000000, -1.000000000000000000 ) ) ;
#3604 = PRODUCT_RELATED_PRODUCT_CATEGORY ( 'part', '', ( #119 ) ) ;
#3605 = VECTOR ( 'NONE', #3599, 1000.000000000000000 ) ;
#3606 = AXIS2_PLACEMENT_3D ( 'NONE', #1232, #4150, #1877 ) ;
#3607 = ADVANCED_FACE ( 'NONE', ( #4084 ), #1226, .T. ) ;
#3608 = VERTEX_POINT ( 'NONE', #2184 ) ;
#3609 = CARTESIAN_POINT ( 'NONE',  ( 2.000249999999999861, 0.3047999999999999599, 3.663949999999999818 ) ) ;
#3610 = VECTOR ( 'NONE', #3145, 1000.000000000000000 ) ;
#3611 = DIRECTION ( 'NONE',  ( 1.000000000000000000, 0.000000000000000000, 0.000000000000000000 ) ) ;
#3612 = EDGE_CURVE ( 'NONE', #3815, #1876, #3471, .T. ) ;
#3613 = ADVANCED_FACE ( 'NONE', ( #3090 ), #274, .F. ) ;
#3614 = EDGE_LOOP ( 'NONE', ( #1217, #3155, #2273, #140 ) ) ;
#3615 = LINE ( 'NONE', #2670, #2506 ) ;
#3616 = ADVANCED_FACE ( 'NONE', ( #850 ), #2121, .F. ) ;
#3617 = ORIENTED_EDGE ( 'NONE', *, *, #1641, .T. ) ;
#3618 = CARTESIAN_POINT ( 'NONE',  ( 4.940299999999999692, 3.003549999999999720, -3.301999999999999602 ) ) ;
#3619 = VECTOR ( 'NONE', #1903, 1000.000000000000000 ) ;
#3620 = ORIENTED_EDGE ( 'NONE', *, *, #4152, .T. ) ;
#3621 = DIRECTION ( 'NONE',  ( 0.000000000000000000, 0.000000000000000000, 1.000000000000000000 ) ) ;
#3622 = PLANE ( 'NONE',  #3478 ) ;
#3623 = DIRECTION ( 'NONE',  ( 1.000000000000000000, 0.000000000000000000, 0.000000000000000000 ) ) ;
#3624 = CARTESIAN_POINT ( 'NONE',  ( -4.940299999999999692, 3.003549999999999720, -3.301999999999999602 ) ) ;
#3625 = ORIENTED_EDGE ( 'NONE', *, *, #2723, .F. ) ;
#3626 = CARTESIAN_POINT ( 'NONE',  ( 4.940299999999999692, 3.003549999999999720, 3.301999999999999602 ) ) ;
#3627 = DIRECTION ( 'NONE',  ( 0.000000000000000000, 0.000000000000000000, 1.000000000000000000 ) ) ;
#3628 = EDGE_LOOP ( 'NONE', ( #1401, #142, #428, #2974 ) ) ;
#3629 = VERTEX_POINT ( 'NONE', #232 ) ;
#3630 = EDGE_LOOP ( 'NONE', ( #150, #2021, #2601, #1382 ) ) ;
#3631 = DIRECTION ( 'NONE',  ( -0.7071067811865474617, -0.7071067811865474617, -9.313925947400492153E-17 ) ) ;
#3632 = ORIENTED_EDGE ( 'NONE', *, *, #1932, .F. ) ;
#3633 = EDGE_CURVE ( 'NONE', #229, #889, #1512, .T. ) ;
#3634 = PLANE ( 'NONE',  #2845 ) ;
#3635 = ADVANCED_FACE ( 'NONE', ( #1848 ), #3497, .F. ) ;
#3636 = ORIENTED_EDGE ( 'NONE', *, *, #1154, .T. ) ;
#3637 = FACE_OUTER_BOUND ( 'NONE', #3463, .T. ) ;
#3638 = ORIENTED_EDGE ( 'NONE', *, *, #2872, .F. ) ;
#3639 = CARTESIAN_POINT ( 'NONE',  ( -3.079750000000000210, 2.520950000000000024, 3.473449999999999704 ) ) ;
#3640 = ADVANCED_FACE ( 'NONE', ( #3109 ), #2478, .F. ) ;
#3641 = FACE_OUTER_BOUND ( 'NONE', #2692, .T. ) ;
#3642 = AXIS2_PLACEMENT_3D ( 'NONE', #2170, #2484, #597 ) ;
#3643 = LINE ( 'NONE', #514, #1107 ) ;
#3644 = ORIENTED_EDGE ( 'NONE', *, *, #3871, .F. ) ;
#3645 = DIRECTION ( 'NONE',  ( 0.000000000000000000, 1.000000000000000000, 0.000000000000000000 ) ) ;
#3646 = STYLED_ITEM ( 'NONE', ( #3947 ), #3768 ) ;
#3647 =( NAMED_UNIT ( * ) PLANE_ANGLE_UNIT ( ) SI_UNIT ( $, .RADIAN. ) );
#3648 = ORIENTED_EDGE ( 'NONE', *, *, #33, .T. ) ;
#3649 = VERTEX_POINT ( 'NONE', #4085 ) ;
#3650 = AXIS2_PLACEMENT_3D ( 'NONE', #3851, #3885, #1287 ) ;
#3651 = CARTESIAN_POINT ( 'NONE',  ( -4.940299999999999692, 3.003549999999999720, 3.301999999999999602 ) ) ;
#3652 = CARTESIAN_POINT ( 'NONE',  ( -4.038599999999999746, 3.003549999999999720, 3.473449999999999704 ) ) ;
#3653 = EDGE_LOOP ( 'NONE', ( #3493, #1618, #3972, #3728 ) ) ;
#3654 = DIRECTION ( 'NONE',  ( -1.000000000000000000, 0.000000000000000000, 0.000000000000000000 ) ) ;
#3655 = VECTOR ( 'NONE', #1449, 1000.000000000000000 ) ;
#3656 = ORIENTED_EDGE ( 'NONE', *, *, #1296, .F. ) ;
#3657 = CARTESIAN_POINT ( 'NONE',  ( -3.581400000000000361, 2.520950000000000024, 3.663949999999999818 ) ) ;
#3658 = EDGE_CURVE ( 'NONE', #4005, #4014, #2856, .T. ) ;
#3659 = EDGE_CURVE ( 'NONE', #3229, #1061, #4123, .T. ) ;
#3660 = ORIENTED_EDGE ( 'NONE', *, *, #3747, .T. ) ;
#3661 = PLANE ( 'NONE',  #1320 ) ;
#3662 = LINE ( 'NONE', #3389, #1374 ) ;
#3663 = DIRECTION ( 'NONE',  ( 0.000000000000000000, 0.000000000000000000, 1.000000000000000000 ) ) ;
#3664 = EDGE_CURVE ( 'NONE', #1359, #3592, #1208, .T. ) ;
#3665 = VERTEX_POINT ( 'NONE', #909 ) ;
#3666 = CYLINDRICAL_SURFACE ( 'NONE', #896, 0.1905000000000001414 ) ;
#3667 = DIRECTION ( 'NONE',  ( -1.000000000000000000, 0.000000000000000000, 0.000000000000000000 ) ) ;
#3668 = ORIENTED_EDGE ( 'NONE', *, *, #1814, .F. ) ;
#3669 = DIRECTION ( 'NONE',  ( -1.000000000000000000, 0.000000000000000000, 0.000000000000000000 ) ) ;
#3670 = DIRECTION ( 'NONE',  ( 0.000000000000000000, -1.000000000000000000, 0.000000000000000000 ) ) ;
#3671 = VECTOR ( 'NONE', #2975, 1000.000000000000000 ) ;
#3672 = DIRECTION ( 'NONE',  ( 1.000000000000000000, 0.000000000000000000, 0.000000000000000000 ) ) ;
#3673 = ORIENTED_EDGE ( 'NONE', *, *, #1327, .F. ) ;
#3674 = CARTESIAN_POINT ( 'NONE',  ( 3.384549999999999947, -4.487044639735940043E-16, -3.663949999999999818 ) ) ;
#3675 = VERTEX_POINT ( 'NONE', #2161 ) ;
#3676 = CIRCLE ( 'NONE', #1645, 0.4826000000000001400 ) ;
#3677 = MANIFOLD_SOLID_BREP ( 'NONE', #424 ) ;
#3678 = FACE_OUTER_BOUND ( 'NONE', #1729, .T. ) ;
#3679 = ORIENTED_EDGE ( 'NONE', *, *, #162, .F. ) ;
#3680 = DIRECTION ( 'NONE',  ( 0.000000000000000000, 1.000000000000000000, 0.000000000000000000 ) ) ;
#3681 = ORIENTED_EDGE ( 'NONE', *, *, #496, .F. ) ;
#3682 = DIRECTION ( 'NONE',  ( 0.000000000000000000, 0.000000000000000000, -1.000000000000000000 ) ) ;
#3683 = CARTESIAN_POINT ( 'NONE',  ( -2.000249999999999861, 3.003549999999999720, -3.301999999999999602 ) ) ;
#3684 = MANIFOLD_SOLID_BREP ( 'NONE', #3726 ) ;
#3685 = DIRECTION ( 'NONE',  ( -1.000000000000000000, 0.000000000000000000, 0.000000000000000000 ) ) ;
#3686 = VECTOR ( 'NONE', #3699, 1000.000000000000000 ) ;
#3687 = VERTEX_POINT ( 'NONE', #1565 ) ;
#3688 = CARTESIAN_POINT ( 'NONE',  ( 3.079750000000000210, 0.3047999999999999599, -3.663949999999999818 ) ) ;
#3689 = EDGE_CURVE ( 'NONE', #4148, #2554, #3830, .T. ) ;
#3690 = EDGE_CURVE ( 'NONE', #2961, #1921, #1900, .T. ) ;
#3691 = FILL_AREA_STYLE_COLOUR ( '', #2567 ) ;
#3692 = DIRECTION ( 'NONE',  ( 1.000000000000000000, 0.000000000000000000, 0.000000000000000000 ) ) ;
#3693 = ORIENTED_EDGE ( 'NONE', *, *, #3563, .F. ) ;
#3694 = DIRECTION ( 'NONE',  ( 0.000000000000000000, -1.000000000000000000, 0.000000000000000000 ) ) ;
#3695 = CARTESIAN_POINT ( 'NONE',  ( 4.540250000000000341, -4.487044639735940043E-16, 3.663949999999999818 ) ) ;
#3696 = ADVANCED_FACE ( 'NONE', ( #1521 ), #2470, .F. ) ;
#3697 = PLANE ( 'NONE',  #152 ) ;
#3698 = VERTEX_POINT ( 'NONE', #563 ) ;
#3699 = DIRECTION ( 'NONE',  ( -1.000000000000000000, 0.000000000000000000, 0.000000000000000000 ) ) ;
#3700 = ORIENTED_EDGE ( 'NONE', *, *, #2505, .F. ) ;
#3701 = MANIFOLD_SOLID_BREP ( 'NONE', #2233 ) ;
#3702 = LINE ( 'NONE', #821, #2979 ) ;
#3703 = ORIENTED_EDGE ( 'NONE', *, *, #3328, .T. ) ;
#3704 = DIRECTION ( 'NONE',  ( 1.000000000000000000, 0.000000000000000000, 0.000000000000000000 ) ) ;
#3705 = VERTEX_POINT ( 'NONE', #1479 ) ;
#3706 = SURFACE_STYLE_FILL_AREA ( #4017 ) ;
#3707 = DIRECTION ( 'NONE',  ( -1.000000000000000000, 0.000000000000000000, 0.000000000000000000 ) ) ;
#3708 = CARTESIAN_POINT ( 'NONE',  ( 3.079750000000000210, 2.711449999999999694, -3.473449999999999704 ) ) ;
#3709 = DIRECTION ( 'NONE',  ( -1.000000000000000000, 0.000000000000000000, 0.000000000000000000 ) ) ;
#3710 = VERTEX_POINT ( 'NONE', #1791 ) ;
#3711 = DIRECTION ( 'NONE',  ( 0.000000000000000000, -1.000000000000000000, 0.000000000000000000 ) ) ;
#3712 = PLANE ( 'NONE',  #1771 ) ;
#3713 = AXIS2_PLACEMENT_3D ( 'NONE', #151, #3711, #2038 ) ;
#3714 = EDGE_CURVE ( 'NONE', #889, #3494, #1562, .T. ) ;
#3715 = PRESENTATION_STYLE_ASSIGNMENT (( #4050 ) ) ;
#3716 = EDGE_CURVE ( 'NONE', #1361, #3334, #3367, .T. ) ;
#3717 = ORIENTED_EDGE ( 'NONE', *, *, #83, .T. ) ;
#3718 = CARTESIAN_POINT ( 'NONE',  ( 4.633490436997449891, 5.334000000000000519, 2.995190436997455130 ) ) ;
#3719 = CARTESIAN_POINT ( 'NONE',  ( -1.041400000000000103, 3.003549999999999720, -3.301999999999999602 ) ) ;
#3720 = VECTOR ( 'NONE', #3507, 1000.000000000000000 ) ;
#3721 = FACE_OUTER_BOUND ( 'NONE', #166, .T. ) ;
#3723 = VECTOR ( 'NONE', #3311, 1000.000000000000000 ) ;
#3722 = DIRECTION ( 'NONE',  ( 0.000000000000000000, -1.000000000000000000, 1.317188039375246045E-16 ) ) ;
#3724 = ADVANCED_FACE ( 'NONE', ( #3373 ), #1485, .T. ) ;
#3725 = ORIENTED_EDGE ( 'NONE', *, *, #2394, .F. ) ;
#3726 = CLOSED_SHELL ( 'NONE', ( #3355, #2939, #34, #1400, #3640, #2148, #3635, #1254, #2294, #2756, #1671, #3182, #531, #784, #3098, #3403 ) ) ;
#3727 = MANIFOLD_SOLID_BREP ( 'NONE', #2772 ) ;
#3728 = ORIENTED_EDGE ( 'NONE', *, *, #608, .T. ) ;
#3729 = LINE ( 'NONE', #3657, #3655 ) ;
#3730 = ORIENTED_EDGE ( 'NONE', *, *, #3865, .T. ) ;
#3731 = DIRECTION ( 'NONE',  ( 1.000000000000000000, 0.000000000000000000, 0.000000000000000000 ) ) ;
#3732 =( LENGTH_UNIT ( ) NAMED_UNIT ( * ) SI_UNIT ( .MILLI., .METRE. ) );
#3733 = CYLINDRICAL_SURFACE ( 'NONE', #2322, 0.4826000000000001400 ) ;
#3734 = VECTOR ( 'NONE', #785, 1000.000000000000000 ) ;
#3735 = LINE ( 'NONE', #1812, #2515 ) ;
#3736 = VECTOR ( 'NONE', #914, 1000.000000000000000 ) ;
#3737 = ORIENTED_EDGE ( 'NONE', *, *, #451, .F. ) ;
#3738 = AXIS2_PLACEMENT_3D ( 'NONE', #3576, #3302, #656 ) ;
#3739 = PLANE ( 'NONE',  #483 ) ;
#3740 = FACE_OUTER_BOUND ( 'NONE', #3101, .T. ) ;
#3741 = VERTEX_POINT ( 'NONE', #577 ) ;
#3742 = CARTESIAN_POINT ( 'NONE',  ( 3.581400000000000361, 2.520950000000000024, -3.473449999999999704 ) ) ;
#3743 = DIRECTION ( 'NONE',  ( 0.000000000000000000, -1.000000000000000000, 0.000000000000000000 ) ) ;
#3744 = CARTESIAN_POINT ( 'NONE',  ( 3.384549999999999947, -4.487044639735940043E-16, 3.663949999999999818 ) ) ;
#3745 = VERTEX_POINT ( 'NONE', #4111 ) ;
#3746 = MANIFOLD_SOLID_BREP ( 'NONE', #3112 ) ;
#3747 = EDGE_CURVE ( 'NONE', #584, #269, #2931, .T. ) ;
#3748 = EDGE_CURVE ( 'NONE', #1610, #2832, #2301, .T. ) ;
#3749 = ORIENTED_EDGE ( 'NONE', *, *, #219, .F. ) ;
#3750 = VECTOR ( 'NONE', #1930, 1000.000000000000000 ) ;
#3751 = ORIENTED_EDGE ( 'NONE', *, *, #2475, .F. ) ;
#3752 = CARTESIAN_POINT ( 'NONE',  ( 2.000249999999999861, -4.487044639735940043E-16, 3.663949999999999818 ) ) ;
#3753 = CARTESIAN_POINT ( 'NONE',  ( 1.498600000000000154, 2.711449999999999694, 3.301999999999999602 ) ) ;
#3754 = LINE ( 'NONE', #233, #3984 ) ;
#3755 = CARTESIAN_POINT ( 'NONE',  ( -1.041400000000000103, 2.520950000000000024, -3.473449999999999704 ) ) ;
#3756 = EDGE_CURVE ( 'NONE', #2359, #1665, #3306, .T. ) ;
#3757 = CARTESIAN_POINT ( 'NONE',  ( 4.940299999999999692, 2.711449999999999694, -3.301999999999999602 ) ) ;
#3758 = ORIENTED_EDGE ( 'NONE', *, *, #2257, .F. ) ;
#3759 = LINE ( 'NONE', #1581, #1053 ) ;
#3760 = CIRCLE ( 'NONE', #53, 0.4826000000000001400 ) ;
#3761 = DIRECTION ( 'NONE',  ( 1.000000000000000000, 0.000000000000000000, 0.000000000000000000 ) ) ;
#3762 = VERTEX_POINT ( 'NONE', #1271 ) ;
#3763 = CARTESIAN_POINT ( 'NONE',  ( 1.041400000000000103, -4.064000000000000057, 3.663949999999999818 ) ) ;
#3764 = CARTESIAN_POINT ( 'NONE',  ( -1.041400000000000103, 2.520950000000000024, 3.956049999999999844 ) ) ;
#3765 = DIRECTION ( 'NONE',  ( -1.000000000000000000, 0.000000000000000000, 0.000000000000000000 ) ) ;
#3766 = CARTESIAN_POINT ( 'NONE',  ( 0.5397499999999899600, 2.520950000000000024, 3.473449999999999704 ) ) ;
#3767 = ORIENTED_EDGE ( 'NONE', *, *, #1907, .T. ) ;
#3768 = MANIFOLD_SOLID_BREP ( 'NONE', #626 ) ;
#3769 = ORIENTED_EDGE ( 'NONE', *, *, #1197, .F. ) ;
#3770 = EDGE_CURVE ( 'NONE', #1610, #3915, #2087, .T. ) ;
#3771 = EDGE_CURVE ( 'NONE', #2396, #1665, #2428, .T. ) ;
#3772 = EDGE_LOOP ( 'NONE', ( #3216, #1158, #2030, #2477, #3883, #3590, #1673, #2643 ) ) ;
#3773 = LINE ( 'NONE', #2493, #3578 ) ;
#3774 = DIRECTION ( 'NONE',  ( -1.000000000000000000, 0.000000000000000000, 0.000000000000000000 ) ) ;
#3775 = CARTESIAN_POINT ( 'NONE',  ( 4.038599999999999746, -4.064000000000000057, 3.663949999999999818 ) ) ;
#3776 = LINE ( 'NONE', #592, #1198 ) ;
#3777 = CARTESIAN_POINT ( 'NONE',  ( 2.000249999999999861, 2.520950000000000024, -3.956049999999999844 ) ) ;
#3778 = EDGE_CURVE ( 'NONE', #3486, #2765, #2690, .T. ) ;
#3779 = ORIENTED_EDGE ( 'NONE', *, *, #3964, .T. ) ;
#3780 = CARTESIAN_POINT ( 'NONE',  ( -3.079750000000000210, 0.3047999999999999599, -3.663949999999999818 ) ) ;
#3781 = SURFACE_STYLE_USAGE ( .BOTH. , #2465 ) ;
#3782 = DIRECTION ( 'NONE',  ( 0.000000000000000000, -1.000000000000000000, 1.317188039375246045E-16 ) ) ;
#3783 = CONTEXT_DEPENDENT_SHAPE_REPRESENTATION ( #1179, #3213 ) ;
#3784 = EDGE_LOOP ( 'NONE', ( #2316, #2361, #3285, #425, #864, #2767, #3008, #2653, #230, #1928 ) ) ;
#3785 = CARTESIAN_POINT ( 'NONE',  ( -4.038599999999999746, 2.711449999999999694, 3.301999999999999602 ) ) ;
#3786 = CARTESIAN_POINT ( 'NONE',  ( -4.810721029249609870, 3.987799999999999567, -3.301999999999999602 ) ) ;
#3787 = VECTOR ( 'NONE', #1239, 1000.000000000000000 ) ;
#3788 = CARTESIAN_POINT ( 'NONE',  ( -2.000249999999999861, 2.520950000000000024, 3.956049999999999844 ) ) ;
#3789 = EDGE_LOOP ( 'NONE', ( #2572, #4035, #745, #2348, #1773, #3602, #3199, #3566, #2718, #1580 ) ) ;
#3790 =( GEOMETRIC_REPRESENTATION_CONTEXT ( 3 ) GLOBAL_UNCERTAINTY_ASSIGNED_CONTEXT ( ( #4043 ) ) GLOBAL_UNIT_ASSIGNED_CONTEXT ( ( #2519, #3157, #932 ) ) REPRESENTATION_CONTEXT ( 'NONE', 'WORKASPACE' ) );
#3791 = VECTOR ( 'NONE', #3672, 1000.000000000000000 ) ;
#3792 = VERTEX_POINT ( 'NONE', #454 ) ;
#3793 = VERTEX_POINT ( 'NONE', #1066 ) ;
#3794 = DIRECTION ( 'NONE',  ( -1.000000000000000000, 0.000000000000000000, 0.000000000000000000 ) ) ;
#3795 = DIRECTION ( 'NONE',  ( 0.000000000000000000, -5.143305367816659412E-17, -1.000000000000000000 ) ) ;
#3796 = CARTESIAN_POINT ( 'NONE',  ( -0.5397500000000099440, 0.3047999999999999599, -3.663949999999999818 ) ) ;
#3797 = CARTESIAN_POINT ( 'NONE',  ( -4.633490436997449891, 5.334000000000000519, 2.995190436997455130 ) ) ;
#3798 = VECTOR ( 'NONE', #1827, 1000.000000000000000 ) ;
#3799 = EDGE_CURVE ( 'NONE', #4143, #347, #3060, .T. ) ;
#3800 = CARTESIAN_POINT ( 'NONE',  ( 4.038599999999999746, 3.003549999999999720, -3.301999999999999602 ) ) ;
#3801 = ORIENTED_EDGE ( 'NONE', *, *, #3530, .T. ) ;
#3802 = DIRECTION ( 'NONE',  ( 0.000000000000000000, 0.000000000000000000, 1.000000000000000000 ) ) ;
#3803 = CARTESIAN_POINT ( 'NONE',  ( 1.041400000000000103, 2.520950000000000024, -3.473449999999999704 ) ) ;
#3804 = AXIS2_PLACEMENT_3D ( 'NONE', #600, #239, #4112 ) ;
#3805 = ADVANCED_FACE ( 'NONE', ( #748 ), #3987, .F. ) ;
#3806 = EDGE_CURVE ( 'NONE', #3792, #3675, #187, .T. ) ;
#3807 = LINE ( 'NONE', #4154, #1182 ) ;
#3808 = VECTOR ( 'NONE', #3476, 1000.000000000000000 ) ;
#3809 = VECTOR ( 'NONE', #190, 1000.000000000000000 ) ;
#3810 = ORIENTED_EDGE ( 'NONE', *, *, #2166, .F. ) ;
#3811 = DIRECTION ( 'NONE',  ( -1.000000000000000000, 0.000000000000000000, 0.000000000000000000 ) ) ;
#3812 = FACE_OUTER_BOUND ( 'NONE', #3949, .T. ) ;
#3813 = ADVANCED_FACE ( 'NONE', ( #841 ), #2022, .F. ) ;
#3814 = LINE ( 'NONE', #2199, #1660 ) ;
#3815 = VERTEX_POINT ( 'NONE', #115 ) ;
#3816 = ORIENTED_EDGE ( 'NONE', *, *, #3349, .T. ) ;
#3817 = CARTESIAN_POINT ( 'NONE',  ( -1.695450000000000124, -4.487044639735940043E-16, -3.663949999999999818 ) ) ;
#3818 = DIRECTION ( 'NONE',  ( -1.000000000000000000, 0.000000000000000000, 0.000000000000000000 ) ) ;
#3819 = VECTOR ( 'NONE', #400, 1000.000000000000000 ) ;
#3820 = VECTOR ( 'NONE', #399, 1000.000000000000000 ) ;
#3821 = DIRECTION ( 'NONE',  ( 0.000000000000000000, -1.000000000000000000, 0.000000000000000000 ) ) ;
#3822 = ORIENTED_EDGE ( 'NONE', *, *, #1818, .T. ) ;
#3823 = AXIS2_PLACEMENT_3D ( 'NONE', #619, #306, #1587 ) ;
#3824 = CARTESIAN_POINT ( 'NONE',  ( -1.498600000000000154, -4.064000000000000057, -3.956049999999999844 ) ) ;
#3825 = PLANE ( 'NONE',  #3541 ) ;
#3826 = DIRECTION ( 'NONE',  ( 0.000000000000000000, -1.000000000000000000, 0.000000000000000000 ) ) ;
#3827 = ORIENTED_EDGE ( 'NONE', *, *, #3664, .F. ) ;
#3828 = EDGE_CURVE ( 'NONE', #353, #1865, #4010, .T. ) ;
#3829 = CARTESIAN_POINT ( 'NONE',  ( -2.000249999999999861, 2.711449999999999694, -3.473449999999999704 ) ) ;
#3830 = LINE ( 'NONE', #4139, #3720 ) ;
#3831 = EDGE_CURVE ( 'NONE', #4142, #99, #1445, .T. ) ;
#3832 = LINE ( 'NONE', #1219, #3413 ) ;
#3834 = AXIS2_PLACEMENT_3D ( 'NONE', #1489, #1803, #1265 ) ;
#3833 = CARTESIAN_POINT ( 'NONE',  ( 3.581400000000000361, -4.064000000000000057, 3.956049999999999844 ) ) ;
#3835 = ORIENTED_EDGE ( 'NONE', *, *, #1223, .F. ) ;
#3836 = EDGE_CURVE ( 'NONE', #2417, #2047, #1133, .T. ) ;
#3837 = FILL_AREA_STYLE ('',( #2538 ) ) ;
#3838 = DIRECTION ( 'NONE',  ( 0.000000000000000000, 0.000000000000000000, 1.000000000000000000 ) ) ;
#3839 = DIRECTION ( 'NONE',  ( 1.000000000000000000, 0.000000000000000000, 0.000000000000000000 ) ) ;
#3840 = ORIENTED_EDGE ( 'NONE', *, *, #1833, .F. ) ;
#3841 = DIRECTION ( 'NONE',  ( 0.000000000000000000, 0.000000000000000000, 1.000000000000000000 ) ) ;
#3842 = DIRECTION ( 'NONE',  ( 0.7071067811865475727, -0.7071067811865475727, -3.636866103296330043E-17 ) ) ;
#3843 = VERTEX_POINT ( 'NONE', #1084 ) ;
#3844 = DIRECTION ( 'NONE',  ( 0.000000000000000000, -1.000000000000000000, 0.000000000000000000 ) ) ;
#3845 = DIRECTION ( 'NONE',  ( -1.000000000000000000, 0.000000000000000000, 0.000000000000000000 ) ) ;
#3846 = EDGE_CURVE ( 'NONE', #1717, #2813, #2360, .T. ) ;
#3847 = EDGE_CURVE ( 'NONE', #337, #26, #3760, .T. ) ;
#3848 = DIRECTION ( 'NONE',  ( -0.000000000000000000, 1.000000000000000000, 0.000000000000000000 ) ) ;
#3849 = EDGE_LOOP ( 'NONE', ( #2514, #544, #1323, #988 ) ) ;
#3850 = EDGE_CURVE ( 'NONE', #2981, #4155, #3292, .T. ) ;
#3851 = CARTESIAN_POINT ( 'NONE',  ( 1.498600000000000154, -4.064000000000000057, -3.663949999999999818 ) ) ;
#3852 = VERTEX_POINT ( 'NONE', #1688 ) ;
#3853 = DIRECTION ( 'NONE',  ( 0.000000000000000000, 0.000000000000000000, 1.000000000000000000 ) ) ;
#3854 = ORIENTED_EDGE ( 'NONE', *, *, #703, .F. ) ;
#3855 = FACE_OUTER_BOUND ( 'NONE', #2789, .T. ) ;
#3856 = DIRECTION ( 'NONE',  ( 1.000000000000000000, 0.000000000000000000, 0.000000000000000000 ) ) ;
#3857 = LINE ( 'NONE', #3624, #1523 ) ;
#3858 = VERTEX_POINT ( 'NONE', #1377 ) ;
#3859 = DIRECTION ( 'NONE',  ( 0.000000000000000000, 1.000000000000000000, 0.000000000000000000 ) ) ;
#3860 = VECTOR ( 'NONE', #2614, 1000.000000000000000 ) ;
#3861 = CARTESIAN_POINT ( 'NONE',  ( -0.5397500000000099440, 2.520950000000000024, -3.956049999999999844 ) ) ;
#3862 = ORIENTED_EDGE ( 'NONE', *, *, #2695, .T. ) ;
#3863 = EDGE_CURVE ( 'NONE', #1921, #3977, #863, .T. ) ;
#3864 = CARTESIAN_POINT ( 'NONE',  ( 2.000249999999999861, -4.336808689942014778E-16, -3.956049999999999844 ) ) ;
#3865 = EDGE_CURVE ( 'NONE', #3223, #4148, #2135, .T. ) ;
#3866 = ORIENTED_EDGE ( 'NONE', *, *, #469, .T. ) ;
#3867 = CARTESIAN_POINT ( 'NONE',  ( -1.498600000000000154, -4.336808689942014778E-16, 3.473449999999999704 ) ) ;
#3868 = ORIENTED_EDGE ( 'NONE', *, *, #2903, .T. ) ;
#3869 = DIRECTION ( 'NONE',  ( 0.000000000000000000, 0.000000000000000000, 1.000000000000000000 ) ) ;
#3870 = LINE ( 'NONE', #3538, #47 ) ;
#3871 = EDGE_CURVE ( 'NONE', #139, #2189, #2179, .T. ) ;
#3872 = FACE_OUTER_BOUND ( 'NONE', #480, .T. ) ;
#3873 = DIRECTION ( 'NONE',  ( -1.000000000000000000, 0.000000000000000000, 0.000000000000000000 ) ) ;
#3874 = VECTOR ( 'NONE', #334, 1000.000000000000000 ) ;
#3875 = ORIENTED_EDGE ( 'NONE', *, *, #338, .T. ) ;
#3876 = CYLINDRICAL_SURFACE ( 'NONE', #3514, 0.1905000000000001414 ) ;
#3877 = AXIS2_PLACEMENT_3D ( 'NONE', #4053, #520, #1731 ) ;
#3878 = CARTESIAN_POINT ( 'NONE',  ( 4.038599999999999746, -4.064000000000000057, 3.663949999999999818 ) ) ;
#3879 = ORIENTED_EDGE ( 'NONE', *, *, #1606, .T. ) ;
#3880 = ORIENTED_EDGE ( 'NONE', *, *, #2569, .T. ) ;
#3881 = VECTOR ( 'NONE', #245, 1000.000000000000000 ) ;
#3882 = DIRECTION ( 'NONE',  ( -1.000000000000000000, 0.000000000000000000, 0.000000000000000000 ) ) ;
#3883 = ORIENTED_EDGE ( 'NONE', *, *, #3067, .T. ) ;
#3884 = VERTEX_POINT ( 'NONE', #3401 ) ;
#3885 = DIRECTION ( 'NONE',  ( -0.000000000000000000, 1.000000000000000000, 0.000000000000000000 ) ) ;
#3886 = ORIENTED_EDGE ( 'NONE', *, *, #3889, .T. ) ;
#3887 = PLANE ( 'NONE',  #2852 ) ;
#3888 = ADVANCED_FACE ( 'NONE', ( #3423 ), #547, .F. ) ;
#3889 = EDGE_CURVE ( 'NONE', #2455, #3884, #2335, .T. ) ;
#3890 = VECTOR ( 'NONE', #2487, 1000.000000000000000 ) ;
#3891 = ORIENTED_EDGE ( 'NONE', *, *, #2499, .T. ) ;
#3892 = LINE ( 'NONE', #1050, #2528 ) ;
#3893 = DIRECTION ( 'NONE',  ( 0.000000000000000000, 1.000000000000000000, 0.000000000000000000 ) ) ;
#3894 = LINE ( 'NONE', #2918, #3923 ) ;
#3895 = ADVANCED_FACE ( 'NONE', ( #2786 ), #3168, .T. ) ;
#3896 = ORIENTED_EDGE ( 'NONE', *, *, #340, .F. ) ;
#3897 = CARTESIAN_POINT ( 'NONE',  ( 4.038599999999999746, 2.520950000000000024, 3.956049999999999844 ) ) ;
#3898 = CARTESIAN_POINT ( 'NONE',  ( -4.038599999999999746, 2.520950000000000024, -3.956049999999999844 ) ) ;
#3899 = EDGE_LOOP ( 'NONE', ( #4, #2577, #1846, #1914 ) ) ;
#3900 = ORIENTED_EDGE ( 'NONE', *, *, #4128, .F. ) ;
#3901 = LINE ( 'NONE', #729, #2168 ) ;
#3902 = ORIENTED_EDGE ( 'NONE', *, *, #1013, .T. ) ;
#3903 = ORIENTED_EDGE ( 'NONE', *, *, #1502, .F. ) ;
#3904 = DIRECTION ( 'NONE',  ( 0.000000000000000000, -1.000000000000000000, -1.317188039375246045E-16 ) ) ;
#3905 = VECTOR ( 'NONE', #2617, 1000.000000000000000 ) ;
#3906 = CARTESIAN_POINT ( 'NONE',  ( -2.000249999999999861, 2.520950000000000024, 3.473449999999999704 ) ) ;
#3907 = ORIENTED_EDGE ( 'NONE', *, *, #2265, .T. ) ;
#3908 = DIRECTION ( 'NONE',  ( -2.626776916984869807E-16, 0.000000000000000000, -1.000000000000000000 ) ) ;
#3909 = ORIENTED_EDGE ( 'NONE', *, *, #172, .T. ) ;
#3910 = CARTESIAN_POINT ( 'NONE',  ( -4.038599999999999746, 2.520950000000000024, -3.663949999999999818 ) ) ;
#3911 = CARTESIAN_POINT ( 'NONE',  ( -4.540250000000000341, -4.336808689942014778E-16, -3.956049999999999844 ) ) ;
#3912 = ADVANCED_FACE ( 'NONE', ( #606 ), #903, .F. ) ;
#3913 = CARTESIAN_POINT ( 'NONE',  ( -1.041400000000000103, -4.064000000000000057, 3.663949999999999818 ) ) ;
#3914 = CIRCLE ( 'NONE', #349, 0.4826000000000001400 ) ;
#3915 = VERTEX_POINT ( 'NONE', #4057 ) ;
#3916 = CARTESIAN_POINT ( 'NONE',  ( -3.581400000000000361, -4.336808689942014778E-16, -3.956049999999999844 ) ) ;
#3917 = EDGE_CURVE ( 'NONE', #2832, #2812, #1871, .T. ) ;
#3918 = EDGE_CURVE ( 'NONE', #2157, #1359, #286, .T. ) ;
#3919 = AXIS2_PLACEMENT_3D ( 'NONE', #2069, #3654, #456 ) ;
#3920 = ORIENTED_EDGE ( 'NONE', *, *, #1456, .F. ) ;
#3921 = DIRECTION ( 'NONE',  ( 0.000000000000000000, 1.000000000000000000, 0.000000000000000000 ) ) ;
#3922 = EDGE_CURVE ( 'NONE', #1612, #411, #1200, .T. ) ;
#3923 = VECTOR ( 'NONE', #84, 1000.000000000000000 ) ;
#3924 = CARTESIAN_POINT ( 'NONE',  ( -4.540250000000000341, -4.487044639735940043E-16, 3.663949999999999818 ) ) ;
#3925 = VERTEX_POINT ( 'NONE', #3744 ) ;
#3926 = VECTOR ( 'NONE', #2304, 1000.000000000000000 ) ;
#3927 = ORIENTED_EDGE ( 'NONE', *, *, #2217, .T. ) ;
#3928 = VECTOR ( 'NONE', #2005, 1000.000000000000000 ) ;
#3929 = CARTESIAN_POINT ( 'NONE',  ( 4.038599999999999746, 2.711449999999999694, -3.301999999999999602 ) ) ;
#3930 = ORIENTED_EDGE ( 'NONE', *, *, #2787, .F. ) ;
#3931 = FACE_OUTER_BOUND ( 'NONE', #771, .T. ) ;
#3932 = VERTEX_POINT ( 'NONE', #1568 ) ;
#3933 = DIRECTION ( 'NONE',  ( 0.000000000000000000, 1.000000000000000000, 0.000000000000000000 ) ) ;
#3934 = CARTESIAN_POINT ( 'NONE',  ( -4.038599999999999746, 3.003549999999999720, -3.473449999999999704 ) ) ;
#3935 = DIRECTION ( 'NONE',  ( 0.000000000000000000, 5.143305367816659412E-17, 1.000000000000000000 ) ) ;
#3936 = CARTESIAN_POINT ( 'NONE',  ( 4.038599999999999746, 2.520950000000000024, -3.473449999999999704 ) ) ;
#3937 = ORIENTED_EDGE ( 'NONE', *, *, #658, .T. ) ;
#3938 = CARTESIAN_POINT ( 'NONE',  ( 4.940299999999999692, 3.003549999999999720, -3.301999999999999602 ) ) ;
#3939 = VECTOR ( 'NONE', #1006, 1000.000000000000000 ) ;
#3940 = DIRECTION ( 'NONE',  ( 0.000000000000000000, 0.000000000000000000, 1.000000000000000000 ) ) ;
#3941 = EDGE_CURVE ( 'NONE', #2429, #2321, #200, .T. ) ;
#3942 = VERTEX_POINT ( 'NONE', #886 ) ;
#3943 = ORIENTED_EDGE ( 'NONE', *, *, #1833, .T. ) ;
#3944 = AXIS2_PLACEMENT_3D ( 'NONE', #3441, #1105, #1441 ) ;
#3945 = CARTESIAN_POINT ( 'NONE',  ( 3.581400000000000361, 2.520950000000000024, -3.663949999999999818 ) ) ;
#3946 = EDGE_LOOP ( 'NONE', ( #1838, #724, #1644, #1080 ) ) ;
#3947 = PRESENTATION_STYLE_ASSIGNMENT (( #3313 ) ) ;
#3948 = ADVANCED_FACE ( 'NONE', ( #1220 ), #2489, .F. ) ;
#3949 = EDGE_LOOP ( 'NONE', ( #1269, #2439, #332, #3585, #3424, #1342, #820, #2564, #2242, #747 ) ) ;
#3950 = LINE ( 'NONE', #1088, #1029 ) ;
#3951 = VERTEX_POINT ( 'NONE', #268 ) ;
#3952 = PLANE ( 'NONE',  #2909 ) ;
#3953 = STYLED_ITEM ( 'NONE', ( #1438 ), #2927 ) ;
#3954 = ORIENTED_EDGE ( 'NONE', *, *, #2481, .T. ) ;
#3955 = CARTESIAN_POINT ( 'NONE',  ( 0.5397499999999899600, 0.3047999999999999599, -3.663949999999999818 ) ) ;
#3956 = CARTESIAN_POINT ( 'NONE',  ( -3.384549999999999947, -4.487044639735940043E-16, 3.663949999999999818 ) ) ;
#3957 = UNCERTAINTY_MEASURE_WITH_UNIT (LENGTH_MEASURE( 1.000000000000000082E-05 ), #2647, 'distance_accuracy_value', 'NONE');
#3958 = CARTESIAN_POINT ( 'NONE',  ( -3.581400000000000361, 4.336808689942014778E-16, -3.663949999999999818 ) ) ;
#3959 = EDGE_LOOP ( 'NONE', ( #2600, #3135, #128, #3573, #487, #287, #2356, #2024 ) ) ;
#3960 = FACE_OUTER_BOUND ( 'NONE', #1134, .T. ) ;
#3961 = ORIENTED_EDGE ( 'NONE', *, *, #2930, .F. ) ;
#3962 = ORIENTED_EDGE ( 'NONE', *, *, #2534, .F. ) ;
#3963 = EDGE_CURVE ( 'NONE', #931, #1806, #1882, .T. ) ;
#3964 = EDGE_CURVE ( 'NONE', #2235, #2214, #2826, .T. ) ;
#3965 = CARTESIAN_POINT ( 'NONE',  ( -3.079750000000000210, 2.520950000000000024, -3.473449999999999704 ) ) ;
#3966 = ORIENTED_EDGE ( 'NONE', *, *, #1259, .T. ) ;
#3967 = CARTESIAN_POINT ( 'NONE',  ( 4.038599999999999746, 3.003549999999999720, 3.301999999999999602 ) ) ;
#3968 = LINE ( 'NONE', #772, #567 ) ;
#3969 = EDGE_CURVE ( 'NONE', #3745, #3741, #3814, .T. ) ;
#3970 = ORIENTED_EDGE ( 'NONE', *, *, #3917, .F. ) ;
#3971 = PLANE ( 'NONE',  #2704 ) ;
#3972 = ORIENTED_EDGE ( 'NONE', *, *, #3770, .T. ) ;
#3973 = LINE ( 'NONE', #3020, #311 ) ;
#3974 = DIRECTION ( 'NONE',  ( 0.000000000000000000, 0.000000000000000000, -1.000000000000000000 ) ) ;
#3975 = CARTESIAN_POINT ( 'NONE',  ( -0.5397500000000099440, 0.3047999999999999599, -3.956049999999999844 ) ) ;
#3976 = COLOUR_RGB ( '',0.7960784313725489669, 0.8235294117647058432, 0.9372549019607843146 ) ;
#3977 = VERTEX_POINT ( 'NONE', #4141 ) ;
#3978 = DIRECTION ( 'NONE',  ( 0.000000000000000000, -1.000000000000000000, 0.000000000000000000 ) ) ;
#3979 = AXIS2_PLACEMENT_3D ( 'NONE', #2988, #1063, #2296 ) ;
#3980 = LINE ( 'NONE', #4072, #500 ) ;
#3981 = VERTEX_POINT ( 'NONE', #2535 ) ;
#3982 = CARTESIAN_POINT ( 'NONE',  ( -3.581400000000000361, 2.520950000000000024, 3.473449999999999704 ) ) ;
#3983 = FACE_OUTER_BOUND ( 'NONE', #1822, .T. ) ;
#3984 = VECTOR ( 'NONE', #873, 1000.000000000000000 ) ;
#3985 = DIRECTION ( 'NONE',  ( 0.000000000000000000, 0.000000000000000000, -1.000000000000000000 ) ) ;
#3986 = ORIENTED_EDGE ( 'NONE', *, *, #1087, .F. ) ;
#3987 = PLANE ( 'NONE',  #118 ) ;
#3988 = VERTEX_POINT ( 'NONE', #3833 ) ;
#3989 = DIRECTION ( 'NONE',  ( -1.000000000000000000, 0.000000000000000000, 0.000000000000000000 ) ) ;
#3990 = EDGE_LOOP ( 'NONE', ( #3737, #228, #116, #921 ) ) ;
#3991 = CARTESIAN_POINT ( 'NONE',  ( 4.038599999999999746, -4.064000000000000057, 3.663949999999999818 ) ) ;
#3992 = VECTOR ( 'NONE', #3685, 1000.000000000000000 ) ;
#3993 = EDGE_CURVE ( 'NONE', #2765, #652, #525, .T. ) ;
#3994 = EDGE_CURVE ( 'NONE', #169, #1967, #2205, .T. ) ;
#3995 = ORIENTED_EDGE ( 'NONE', *, *, #2907, .F. ) ;
#3996 = DIRECTION ( 'NONE',  ( 0.000000000000000000, 0.000000000000000000, 1.000000000000000000 ) ) ;
#3997 = DIRECTION ( 'NONE',  ( 0.000000000000000000, 0.000000000000000000, -1.000000000000000000 ) ) ;
#3998 = LINE ( 'NONE', #3021, #2375 ) ;
#3999 = DIRECTION ( 'NONE',  ( 1.000000000000000000, 0.000000000000000000, 0.000000000000000000 ) ) ;
#4000 = EDGE_CURVE ( 'NONE', #3331, #1608, #1297, .T. ) ;
#4001 = ORIENTED_EDGE ( 'NONE', *, *, #1416, .T. ) ;
#4002 = CARTESIAN_POINT ( 'NONE',  ( -4.540250000000000341, -4.487044639735940043E-16, -3.663949999999999818 ) ) ;
#4003 = FACE_OUTER_BOUND ( 'NONE', #3784, .T. ) ;
#4004 =( LENGTH_UNIT ( ) NAMED_UNIT ( * ) SI_UNIT ( .MILLI., .METRE. ) );
#4005 = VERTEX_POINT ( 'NONE', #996 ) ;
#4006 = LINE ( 'NONE', #2041, #3482 ) ;
#4007 = CARTESIAN_POINT ( 'NONE',  ( -3.079750000000000210, 2.711449999999999694, 3.473449999999999704 ) ) ;
#4008 = VECTOR ( 'NONE', #2246, 1000.000000000000000 ) ;
#4009 = FACE_OUTER_BOUND ( 'NONE', #1020, .T. ) ;
#4010 = LINE ( 'NONE', #2967, #3002 ) ;
#4011 = ORIENTED_EDGE ( 'NONE', *, *, #502, .T. ) ;
#4012 = VECTOR ( 'NONE', #2163, 1000.000000000000000 ) ;
#4013 = CARTESIAN_POINT ( 'NONE',  ( 1.498600000000000154, -4.064000000000000057, 3.663949999999999818 ) ) ;
#4014 = VERTEX_POINT ( 'NONE', #2885 ) ;
#4015 = FACE_OUTER_BOUND ( 'NONE', #2928, .T. ) ;
#4016 = VERTEX_POINT ( 'NONE', #3861 ) ;
#4017 = FILL_AREA_STYLE ('',( #170 ) ) ;
#4018 = CARTESIAN_POINT ( 'NONE',  ( 4.633490436997449891, 5.334000000000000519, 3.301999999999999602 ) ) ;
#4019 = LINE ( 'NONE', #1097, #29 ) ;
#4020 = EDGE_CURVE ( 'NONE', #846, #2277, #539, .T. ) ;
#4021 = ADVANCED_FACE ( 'NONE', ( #642 ), #341, .T. ) ;
#4022 = PRESENTATION_STYLE_ASSIGNMENT (( #853 ) ) ;
#4023 = FACE_OUTER_BOUND ( 'NONE', #2760, .T. ) ;
#4024 = VECTOR ( 'NONE', #925, 1000.000000000000000 ) ;
#4025 = ORIENTED_EDGE ( 'NONE', *, *, #2551, .F. ) ;
#4026 = DIRECTION ( 'NONE',  ( 0.000000000000000000, 0.000000000000000000, -1.000000000000000000 ) ) ;
#4027 = ADVANCED_FACE ( 'NONE', ( #1312 ), #3545, .F. ) ;
#4028 = LINE ( 'NONE', #205, #3316 ) ;
#4029 = CARTESIAN_POINT ( 'NONE',  ( -4.940299999999999692, 3.987799999999999567, 0.000000000000000000 ) ) ;
#4030 = ORIENTED_EDGE ( 'NONE', *, *, #1706, .F. ) ;
#4031 = LINE ( 'NONE', #1487, #391 ) ;
#4032 = LINE ( 'NONE', #1505, #382 ) ;
#4033 = DIRECTION ( 'NONE',  ( 0.000000000000000000, -1.317188039375246045E-16, 1.000000000000000000 ) ) ;
#4034 = CARTESIAN_POINT ( 'NONE',  ( 2.000249999999999861, -4.336808689942014778E-16, 3.956049999999999844 ) ) ;
#4035 = ORIENTED_EDGE ( 'NONE', *, *, #3778, .T. ) ;
#4036 = ORIENTED_EDGE ( 'NONE', *, *, #2858, .T. ) ;
#4037 = DIRECTION ( 'NONE',  ( -1.000000000000000000, 0.000000000000000000, 0.000000000000000000 ) ) ;
#4038 = ORIENTED_EDGE ( 'NONE', *, *, #2551, .T. ) ;
#4039 = LINE ( 'NONE', #1809, #489 ) ;
#4040 = DIRECTION ( 'NONE',  ( 0.000000000000000000, -1.000000000000000000, -1.317188039375246045E-16 ) ) ;
#4041 = CARTESIAN_POINT ( 'NONE',  ( -3.079750000000000210, 2.520950000000000024, -3.956049999999999844 ) ) ;
#4042 = CARTESIAN_POINT ( 'NONE',  ( 1.498600000000000154, 2.520950000000000024, -3.473449999999999704 ) ) ;
#4043 = UNCERTAINTY_MEASURE_WITH_UNIT (LENGTH_MEASURE( 1.000000000000000082E-05 ), #2519, 'distance_accuracy_value', 'NONE');
#4044 = DIRECTION ( 'NONE',  ( -1.000000000000000000, 0.000000000000000000, 0.000000000000000000 ) ) ;
#4045 = ORIENTED_EDGE ( 'NONE', *, *, #1959, .F. ) ;
#4046 = DIRECTION ( 'NONE',  ( 0.000000000000000000, 0.000000000000000000, -1.000000000000000000 ) ) ;
#4047 = EDGE_CURVE ( 'NONE', #1091, #632, #2290, .T. ) ;
#4048 = DIRECTION ( 'NONE',  ( 1.000000000000000000, 0.000000000000000000, 0.000000000000000000 ) ) ;
#4049 = VECTOR ( 'NONE', #3479, 1000.000000000000000 ) ;
#4050 = SURFACE_STYLE_USAGE ( .BOTH. , #2421 ) ;
#4051 = ORIENTED_EDGE ( 'NONE', *, *, #2640, .F. ) ;
#4052 = EDGE_CURVE ( 'NONE', #652, #4014, #2944, .T. ) ;
#4053 = CARTESIAN_POINT ( 'NONE',  ( 4.038599999999999746, 3.003549999999999720, 3.301999999999999602 ) ) ;
#4054 = ADVANCED_FACE ( 'NONE', ( #2579 ), #662, .T. ) ;
#4055 = PLANE ( 'NONE',  #653 ) ;
#4056 = VECTOR ( 'NONE', #2759, 1000.000000000000000 ) ;
#4057 = CARTESIAN_POINT ( 'NONE',  ( 1.695450000000000124, -4.487044639735940043E-16, -3.663949999999999818 ) ) ;
#4058 = ORIENTED_EDGE ( 'NONE', *, *, #1752, .F. ) ;
#4059 = CLOSED_SHELL ( 'NONE', ( #2590, #2196, #3458, #807, #605, #2953, #3813, #1120, #3895, #3613, #290, #1525, #3607 ) ) ;
#4060 = VECTOR ( 'NONE', #3904, 1000.000000000000000 ) ;
#4061 = ORIENTED_EDGE ( 'NONE', *, *, #1524, .T. ) ;
#4062 = ORIENTED_EDGE ( 'NONE', *, *, #1983, .T. ) ;
#4063 = CARTESIAN_POINT ( 'NONE',  ( 3.079750000000000210, 2.711449999999999694, -3.301999999999999602 ) ) ;
#4064 = CARTESIAN_POINT ( 'NONE',  ( -1.695450000000000124, -4.487044639735940043E-16, 3.663949999999999818 ) ) ;
#4065 = DIRECTION ( 'NONE',  ( 0.000000000000000000, 0.000000000000000000, -1.000000000000000000 ) ) ;
#4066 = VECTOR ( 'NONE', #3303, 1000.000000000000000 ) ;
#4067 = PLANE ( 'NONE',  #3050 ) ;
#4068 = VECTOR ( 'NONE', #3454, 1000.000000000000000 ) ;
#4069 = ORIENTED_EDGE ( 'NONE', *, *, #3174, .F. ) ;
#4070 = VECTOR ( 'NONE', #2917, 1000.000000000000000 ) ;
#4071 = LINE ( 'NONE', #2524, #718 ) ;
#4072 = CARTESIAN_POINT ( 'NONE',  ( 4.038599999999999746, -4.064000000000000057, -3.663949999999999818 ) ) ;
#4073 = APPLICATION_PROTOCOL_DEFINITION ( 'draft international standard', 'automotive_design', 1998, #962 ) ;
#4074 = EDGE_LOOP ( 'NONE', ( #2095, #2530, #2965, #1695 ) ) ;
#4075 = CARTESIAN_POINT ( 'NONE',  ( -4.038599999999999746, -4.064000000000000057, 3.956049999999999844 ) ) ;
#4076 = AXIS2_PLACEMENT_3D ( 'NONE', #1859, #1564, #3120 ) ;
#4077 = CARTESIAN_POINT ( 'NONE',  ( -4.940299999999999692, 3.003549999999999720, -3.301999999999999602 ) ) ;
#4078 = ADVANCED_FACE ( 'NONE', ( #1638 ), #2904, .F. ) ;
#4079 = DIRECTION ( 'NONE',  ( 0.000000000000000000, 0.000000000000000000, 1.000000000000000000 ) ) ;
#4080 = ORIENTED_EDGE ( 'NONE', *, *, #2419, .F. ) ;
#4081 = EDGE_CURVE ( 'NONE', #1060, #3347, #3245, .T. ) ;
#4082 = VECTOR ( 'NONE', #934, 1000.000000000000000 ) ;
#4083 = ORIENTED_EDGE ( 'NONE', *, *, #1423, .T. ) ;
#4084 = FACE_OUTER_BOUND ( 'NONE', #541, .T. ) ;
#4085 = CARTESIAN_POINT ( 'NONE',  ( -2.000249999999999861, 2.520950000000000024, -3.956049999999999844 ) ) ;
#4086 = CARTESIAN_POINT ( 'NONE',  ( -0.5397500000000099440, -4.487044639735940043E-16, 3.663949999999999818 ) ) ;
#4087 = DIRECTION ( 'NONE',  ( 0.000000000000000000, 5.143305367816659412E-17, -1.000000000000000000 ) ) ;
#4088 = CARTESIAN_POINT ( 'NONE',  ( -0.5397500000000099440, 3.003549999999999720, -3.301999999999999602 ) ) ;
#4089 = ORIENTED_EDGE ( 'NONE', *, *, #780, .F. ) ;
#4090 = CARTESIAN_POINT ( 'NONE',  ( 1.041400000000000103, 2.520950000000000024, 3.663949999999999818 ) ) ;
#4091 = AXIS2_PLACEMENT_3D ( 'NONE', #1588, #1284, #2251 ) ;
#4092 = DIRECTION ( 'NONE',  ( -1.000000000000000000, 0.000000000000000000, 0.000000000000000000 ) ) ;
#4093 = ORIENTED_EDGE ( 'NONE', *, *, #3806, .T. ) ;
#4094 = LINE ( 'NONE', #580, #3890 ) ;
#4095 = CARTESIAN_POINT ( 'NONE',  ( 0.5397499999999899600, 2.520950000000000024, 3.473449999999999704 ) ) ;
#4096 = DIRECTION ( 'NONE',  ( 1.000000000000000000, 0.000000000000000000, 0.000000000000000000 ) ) ;
#4097 = ORIENTED_EDGE ( 'NONE', *, *, #3633, .F. ) ;
#4098 = ADVANCED_FACE ( 'NONE', ( #386 ), #50, .F. ) ;
#4099 = EDGE_CURVE ( 'NONE', #1351, #2888, #963, .T. ) ;
#4100 = ORIENTED_EDGE ( 'NONE', *, *, #11, .F. ) ;
#4101 = EDGE_LOOP ( 'NONE', ( #499, #3920, #2603, #3679 ) ) ;
#4102 = CARTESIAN_POINT ( 'NONE',  ( 3.079750000000000210, 3.003549999999999720, -3.473449999999999704 ) ) ;
#4103 = DIRECTION ( 'NONE',  ( 1.000000000000000000, 0.000000000000000000, 0.000000000000000000 ) ) ;
#4104 = DIRECTION ( 'NONE',  ( -1.000000000000000000, 0.000000000000000000, 0.000000000000000000 ) ) ;
#4105 = CARTESIAN_POINT ( 'NONE',  ( 0.5397499999999899600, 2.711449999999999694, 3.301999999999999602 ) ) ;
#4106 = EDGE_CURVE ( 'NONE', #3741, #3843, #2739, .T. ) ;
#4107 = LINE ( 'NONE', #216, #638 ) ;
#4108 = ORIENTED_EDGE ( 'NONE', *, *, #2959, .F. ) ;
#4109 = CARTESIAN_POINT ( 'NONE',  ( -0.5397500000000099440, -4.487044639735940043E-16, 3.663949999999999818 ) ) ;
#4110 = DIRECTION ( 'NONE',  ( 1.000000000000000000, 0.000000000000000000, 0.000000000000000000 ) ) ;
#4111 = CARTESIAN_POINT ( 'NONE',  ( -0.5397500000000099440, 0.3047999999999999599, -3.663949999999999818 ) ) ;
#4112 = DIRECTION ( 'NONE',  ( 2.626776916984869807E-16, 0.000000000000000000, 1.000000000000000000 ) ) ;
#4113 = ORIENTED_EDGE ( 'NONE', *, *, #1203, .F. ) ;
#4114 = CARTESIAN_POINT ( 'NONE',  ( 2.000249999999999861, -4.487044639735940043E-16, -3.663949999999999818 ) ) ;
#4115 = PLANE ( 'NONE',  #1270 ) ;
#4116 = VECTOR ( 'NONE', #1012, 1000.000000000000000 ) ;
#4117 = CARTESIAN_POINT ( 'NONE',  ( -3.079750000000000210, 2.711449999999999694, -3.301999999999999602 ) ) ;
#4118 = ORIENTED_EDGE ( 'NONE', *, *, #1224, .F. ) ;
#4119 = VECTOR ( 'NONE', #1532, 1000.000000000000000 ) ;
#4120 = VECTOR ( 'NONE', #3108, 1000.000000000000000 ) ;
#4121 = ORIENTED_EDGE ( 'NONE', *, *, #343, .F. ) ;
#4122 = EDGE_LOOP ( 'NONE', ( #2790, #1708, #2374, #2667, #1939, #1398, #1472 ) ) ;
#4123 = LINE ( 'NONE', #3130, #4119 ) ;
#4124 = DIRECTION ( 'NONE',  ( 0.000000000000000000, -5.143305367816659412E-17, -1.000000000000000000 ) ) ;
#4125 = LINE ( 'NONE', #3499, #2991 ) ;
#4126 = VECTOR ( 'NONE', #1909, 1000.000000000000000 ) ;
#4127 = DIRECTION ( 'NONE',  ( 0.000000000000000000, 0.000000000000000000, -1.000000000000000000 ) ) ;
#4128 = EDGE_CURVE ( 'NONE', #2277, #3698, #702, .T. ) ;
#4129 = VERTEX_POINT ( 'NONE', #327 ) ;
#4130 = LINE ( 'NONE', #1275, #1987 ) ;
#4131 = CARTESIAN_POINT ( 'NONE',  ( 1.498600000000000154, 2.520950000000000024, -3.663949999999999818 ) ) ;
#4132 = AXIS2_PLACEMENT_3D ( 'NONE', #2386, #3704, #799 ) ;
#4133 = CARTESIAN_POINT ( 'NONE',  ( 2.000249999999999861, 2.520950000000000024, -3.956049999999999844 ) ) ;
#4134 = ADVANCED_FACE ( 'NONE', ( #979 ), #1978, .F. ) ;
#4135 = VECTOR ( 'NONE', #3257, 1000.000000000000000 ) ;
#4136 = VECTOR ( 'NONE', #163, 1000.000000000000000 ) ;
#4137 = ORIENTED_EDGE ( 'NONE', *, *, #1319, .F. ) ;
#4138 = PLANE ( 'NONE',  #1823 ) ;
#4139 = CARTESIAN_POINT ( 'NONE',  ( -4.940299999999999692, 3.987799999999999567, 0.7366000000000000325 ) ) ;
#4140 = CARTESIAN_POINT ( 'NONE',  ( -4.633490436997449891, 5.334000000000000519, 0.7366000000000000325 ) ) ;
#4141 = CARTESIAN_POINT ( 'NONE',  ( -1.041400000000000103, -4.064000000000000057, 3.663949999999999818 ) ) ;
#4142 = VERTEX_POINT ( 'NONE', #621 ) ;
#4143 = VERTEX_POINT ( 'NONE', #3190 ) ;
#4144 = DIRECTION ( 'NONE',  ( 0.000000000000000000, 1.000000000000000000, 0.000000000000000000 ) ) ;
#4145 = AXIS2_PLACEMENT_3D ( 'NONE', #1095, #1828, #2123 ) ;
#4146 = VECTOR ( 'NONE', #3574, 1000.000000000000000 ) ;
#4147 = DIRECTION ( 'NONE',  ( 0.000000000000000000, -5.143305367816659412E-17, -1.000000000000000000 ) ) ;
#4148 = VERTEX_POINT ( 'NONE', #2711 ) ;
#4149 = AXIS2_PLACEMENT_3D ( 'NONE', #3719, #3670, #3356 ) ;
#4150 = DIRECTION ( 'NONE',  ( -1.000000000000000000, 0.000000000000000000, 0.000000000000000000 ) ) ;
#4151 = DIRECTION ( 'NONE',  ( 0.000000000000000000, 5.143305367816659412E-17, -1.000000000000000000 ) ) ;
#4152 = EDGE_CURVE ( 'NONE', #3665, #2359, #1039, .T. ) ;
#4153 = EDGE_CURVE ( 'NONE', #2747, #39, #1126, .T. ) ;
#4154 = CARTESIAN_POINT ( 'NONE',  ( 4.038599999999999746, 2.520950000000000024, 3.663949999999999818 ) ) ;
#4155 = VERTEX_POINT ( 'NONE', #2661 ) ;
#4156 = DIRECTION ( 'NONE',  ( 0.000000000000000000, 0.000000000000000000, 1.000000000000000000 ) ) ;
#4157 = DIRECTION ( 'NONE',  ( 0.1305261922200520452, 0.9914448613738103822, 0.000000000000000000 ) ) ;
#4158 = EDGE_CURVE ( 'NONE', #455, #337, #3307, .T. ) ;
#4159 = CARTESIAN_POINT ( 'NONE',  ( -2.000249999999999861, 2.711449999999999694, -3.301999999999999602 ) ) ;
#4160 = ORIENTED_EDGE ( 'NONE', *, *, #3030, .T. ) ;
#4161 = NEXT_ASSEMBLY_USAGE_OCCURRENCE ( 'NAUO1', ' ', ' ', #2584, #1976, $ ) ;
ENDSEC;
END-ISO-10303-21;
