ISO-10303-21;
HEADER;
FILE_DESCRIPTION((''),'2;1');
FILE_NAME('874272402','2013-07-16T',('me'),(''),
'PRO/ENGINEER BY PARAMETRIC TECHNOLOGY CORPORATION, 2011490',
'PRO/ENGINEER BY PARAMETRIC TECHNOLOGY CORPORATION, 2011490','');
FILE_SCHEMA(('CONFIG_CONTROL_DESIGN'));
ENDSEC;
DATA;
#1=DIRECTION('',(0.E0,-1.E0,0.E0));
#2=VECTOR('',#1,3.6E0);
#3=CARTESIAN_POINT('',(2.12E1,4.9E0,0.E0));
#4=LINE('',#3,#2);
#5=DIRECTION('',(1.E0,0.E0,0.E0));
#6=VECTOR('',#5,3.8E0);
#7=CARTESIAN_POINT('',(2.12E1,1.3E0,0.E0));
#8=LINE('',#7,#6);
#9=DIRECTION('',(0.E0,1.E0,0.E0));
#10=VECTOR('',#9,3.6E0);
#11=CARTESIAN_POINT('',(2.5E1,1.3E0,0.E0));
#12=LINE('',#11,#10);
#13=DIRECTION('',(-1.E0,0.E0,0.E0));
#14=VECTOR('',#13,3.8E0);
#15=CARTESIAN_POINT('',(2.5E1,4.9E0,0.E0));
#16=LINE('',#15,#14);
#17=DIRECTION('',(0.E0,-1.E0,0.E0));
#18=VECTOR('',#17,2.8E0);
#19=CARTESIAN_POINT('',(2.12E1,9.1E0,0.E0));
#20=LINE('',#19,#18);
#21=DIRECTION('',(7.071067811865E-1,-7.071067811865E-1,0.E0));
#22=VECTOR('',#21,1.131370849898E0);
#23=CARTESIAN_POINT('',(2.12E1,6.3E0,0.E0));
#24=LINE('',#23,#22);
#25=DIRECTION('',(1.E0,0.E0,0.E0));
#26=VECTOR('',#25,2.2E0);
#27=CARTESIAN_POINT('',(2.2E1,5.5E0,0.E0));
#28=LINE('',#27,#26);
#29=DIRECTION('',(7.071067811865E-1,7.071067811865E-1,0.E0));
#30=VECTOR('',#29,1.131370849898E0);
#31=CARTESIAN_POINT('',(2.42E1,5.5E0,0.E0));
#32=LINE('',#31,#30);
#33=DIRECTION('',(0.E0,1.E0,0.E0));
#34=VECTOR('',#33,2.8E0);
#35=CARTESIAN_POINT('',(2.5E1,6.3E0,0.E0));
#36=LINE('',#35,#34);
#37=DIRECTION('',(-1.E0,0.E0,0.E0));
#38=VECTOR('',#37,3.8E0);
#39=CARTESIAN_POINT('',(2.5E1,9.1E0,0.E0));
#40=LINE('',#39,#38);
#41=DIRECTION('',(0.E0,-1.E0,0.E0));
#42=VECTOR('',#41,3.6E0);
#43=CARTESIAN_POINT('',(-2.5E1,4.9E0,0.E0));
#44=LINE('',#43,#42);
#45=DIRECTION('',(1.E0,0.E0,0.E0));
#46=VECTOR('',#45,3.8E0);
#47=CARTESIAN_POINT('',(-2.5E1,1.3E0,0.E0));
#48=LINE('',#47,#46);
#49=DIRECTION('',(0.E0,1.E0,0.E0));
#50=VECTOR('',#49,3.6E0);
#51=CARTESIAN_POINT('',(-2.12E1,1.3E0,0.E0));
#52=LINE('',#51,#50);
#53=DIRECTION('',(-1.E0,0.E0,0.E0));
#54=VECTOR('',#53,3.8E0);
#55=CARTESIAN_POINT('',(-2.12E1,4.9E0,0.E0));
#56=LINE('',#55,#54);
#57=DIRECTION('',(0.E0,-1.E0,0.E0));
#58=VECTOR('',#57,2.8E0);
#59=CARTESIAN_POINT('',(-2.5E1,9.1E0,0.E0));
#60=LINE('',#59,#58);
#61=DIRECTION('',(7.071067811865E-1,-7.071067811865E-1,0.E0));
#62=VECTOR('',#61,1.131370849898E0);
#63=CARTESIAN_POINT('',(-2.5E1,6.3E0,0.E0));
#64=LINE('',#63,#62);
#65=DIRECTION('',(1.E0,0.E0,0.E0));
#66=VECTOR('',#65,2.2E0);
#67=CARTESIAN_POINT('',(-2.42E1,5.5E0,0.E0));
#68=LINE('',#67,#66);
#69=DIRECTION('',(7.071067811865E-1,7.071067811865E-1,0.E0));
#70=VECTOR('',#69,1.131370849898E0);
#71=CARTESIAN_POINT('',(-2.2E1,5.5E0,0.E0));
#72=LINE('',#71,#70);
#73=DIRECTION('',(0.E0,1.E0,0.E0));
#74=VECTOR('',#73,2.8E0);
#75=CARTESIAN_POINT('',(-2.12E1,6.3E0,0.E0));
#76=LINE('',#75,#74);
#77=DIRECTION('',(-1.E0,0.E0,0.E0));
#78=VECTOR('',#77,3.8E0);
#79=CARTESIAN_POINT('',(-2.12E1,9.1E0,0.E0));
#80=LINE('',#79,#78);
#81=DIRECTION('',(0.E0,-1.E0,0.E0));
#82=VECTOR('',#81,2.8E0);
#83=CARTESIAN_POINT('',(1.28E1,4.9E0,0.E0));
#84=LINE('',#83,#82);
#85=DIRECTION('',(7.071067811865E-1,-7.071067811865E-1,0.E0));
#86=VECTOR('',#85,1.131370849898E0);
#87=CARTESIAN_POINT('',(1.28E1,2.1E0,0.E0));
#88=LINE('',#87,#86);
#89=DIRECTION('',(1.E0,0.E0,0.E0));
#90=VECTOR('',#89,2.2E0);
#91=CARTESIAN_POINT('',(1.36E1,1.3E0,0.E0));
#92=LINE('',#91,#90);
#93=DIRECTION('',(7.071067811865E-1,7.071067811865E-1,0.E0));
#94=VECTOR('',#93,1.131370849898E0);
#95=CARTESIAN_POINT('',(1.58E1,1.3E0,0.E0));
#96=LINE('',#95,#94);
#97=DIRECTION('',(0.E0,1.E0,0.E0));
#98=VECTOR('',#97,2.8E0);
#99=CARTESIAN_POINT('',(1.66E1,2.1E0,0.E0));
#100=LINE('',#99,#98);
#101=DIRECTION('',(-1.E0,0.E0,0.E0));
#102=VECTOR('',#101,3.8E0);
#103=CARTESIAN_POINT('',(1.66E1,4.9E0,0.E0));
#104=LINE('',#103,#102);
#105=DIRECTION('',(0.E0,-1.E0,0.E0));
#106=VECTOR('',#105,3.6E0);
#107=CARTESIAN_POINT('',(1.28E1,9.1E0,0.E0));
#108=LINE('',#107,#106);
#109=DIRECTION('',(1.E0,0.E0,0.E0));
#110=VECTOR('',#109,3.8E0);
#111=CARTESIAN_POINT('',(1.28E1,5.5E0,0.E0));
#112=LINE('',#111,#110);
#113=DIRECTION('',(0.E0,1.E0,0.E0));
#114=VECTOR('',#113,3.6E0);
#115=CARTESIAN_POINT('',(1.66E1,5.5E0,0.E0));
#116=LINE('',#115,#114);
#117=DIRECTION('',(-1.E0,0.E0,0.E0));
#118=VECTOR('',#117,3.8E0);
#119=CARTESIAN_POINT('',(1.66E1,9.1E0,0.E0));
#120=LINE('',#119,#118);
#121=DIRECTION('',(0.E0,-1.E0,0.E0));
#122=VECTOR('',#121,3.E0);
#123=CARTESIAN_POINT('',(1.7E1,4.9E0,0.E0));
#124=LINE('',#123,#122);
#125=DIRECTION('',(7.071067811865E-1,-7.071067811865E-1,0.E0));
#126=VECTOR('',#125,1.131370849898E0);
#127=CARTESIAN_POINT('',(1.7E1,1.9E0,0.E0));
#128=LINE('',#127,#126);
#129=DIRECTION('',(1.E0,0.E0,0.E0));
#130=VECTOR('',#129,2.2E0);
#131=CARTESIAN_POINT('',(1.78E1,1.1E0,0.E0));
#132=LINE('',#131,#130);
#133=DIRECTION('',(7.071067811865E-1,7.071067811865E-1,0.E0));
#134=VECTOR('',#133,1.131370849898E0);
#135=CARTESIAN_POINT('',(2.E1,1.1E0,0.E0));
#136=LINE('',#135,#134);
#137=DIRECTION('',(0.E0,1.E0,0.E0));
#138=VECTOR('',#137,3.E0);
#139=CARTESIAN_POINT('',(2.08E1,1.9E0,0.E0));
#140=LINE('',#139,#138);
#141=DIRECTION('',(-1.E0,0.E0,0.E0));
#142=VECTOR('',#141,3.8E0);
#143=CARTESIAN_POINT('',(2.08E1,4.9E0,0.E0));
#144=LINE('',#143,#142);
#145=DIRECTION('',(0.E0,-1.E0,0.E0));
#146=VECTOR('',#145,3.6E0);
#147=CARTESIAN_POINT('',(1.7E1,9.1E0,0.E0));
#148=LINE('',#147,#146);
#149=DIRECTION('',(1.E0,0.E0,0.E0));
#150=VECTOR('',#149,3.8E0);
#151=CARTESIAN_POINT('',(1.7E1,5.5E0,0.E0));
#152=LINE('',#151,#150);
#153=DIRECTION('',(0.E0,1.E0,0.E0));
#154=VECTOR('',#153,3.6E0);
#155=CARTESIAN_POINT('',(2.08E1,5.5E0,0.E0));
#156=LINE('',#155,#154);
#157=DIRECTION('',(-1.E0,0.E0,0.E0));
#158=VECTOR('',#157,3.8E0);
#159=CARTESIAN_POINT('',(2.08E1,9.1E0,0.E0));
#160=LINE('',#159,#158);
#161=DIRECTION('',(0.E0,-1.E0,0.E0));
#162=VECTOR('',#161,2.8E0);
#163=CARTESIAN_POINT('',(-4.E0,4.9E0,0.E0));
#164=LINE('',#163,#162);
#165=DIRECTION('',(7.071067811865E-1,-7.071067811865E-1,0.E0));
#166=VECTOR('',#165,1.131370849898E0);
#167=CARTESIAN_POINT('',(-4.E0,2.1E0,0.E0));
#168=LINE('',#167,#166);
#169=DIRECTION('',(1.E0,0.E0,0.E0));
#170=VECTOR('',#169,2.2E0);
#171=CARTESIAN_POINT('',(-3.2E0,1.3E0,0.E0));
#172=LINE('',#171,#170);
#173=DIRECTION('',(7.071067811865E-1,7.071067811865E-1,0.E0));
#174=VECTOR('',#173,1.131370849898E0);
#175=CARTESIAN_POINT('',(-1.E0,1.3E0,0.E0));
#176=LINE('',#175,#174);
#177=DIRECTION('',(0.E0,1.E0,0.E0));
#178=VECTOR('',#177,2.8E0);
#179=CARTESIAN_POINT('',(-2.E-1,2.1E0,0.E0));
#180=LINE('',#179,#178);
#181=DIRECTION('',(-1.E0,0.E0,0.E0));
#182=VECTOR('',#181,3.8E0);
#183=CARTESIAN_POINT('',(-2.E-1,4.9E0,0.E0));
#184=LINE('',#183,#182);
#185=DIRECTION('',(0.E0,-1.E0,0.E0));
#186=VECTOR('',#185,3.6E0);
#187=CARTESIAN_POINT('',(-4.E0,9.1E0,0.E0));
#188=LINE('',#187,#186);
#189=DIRECTION('',(1.E0,0.E0,0.E0));
#190=VECTOR('',#189,3.8E0);
#191=CARTESIAN_POINT('',(-4.E0,5.5E0,0.E0));
#192=LINE('',#191,#190);
#193=DIRECTION('',(0.E0,1.E0,0.E0));
#194=VECTOR('',#193,3.6E0);
#195=CARTESIAN_POINT('',(-2.E-1,5.5E0,0.E0));
#196=LINE('',#195,#194);
#197=DIRECTION('',(-1.E0,0.E0,0.E0));
#198=VECTOR('',#197,3.8E0);
#199=CARTESIAN_POINT('',(-2.E-1,9.1E0,0.E0));
#200=LINE('',#199,#198);
#201=DIRECTION('',(0.E0,-1.E0,0.E0));
#202=VECTOR('',#201,3.E0);
#203=CARTESIAN_POINT('',(2.E-1,4.9E0,0.E0));
#204=LINE('',#203,#202);
#205=DIRECTION('',(7.071067811865E-1,-7.071067811865E-1,0.E0));
#206=VECTOR('',#205,1.131370849898E0);
#207=CARTESIAN_POINT('',(2.E-1,1.9E0,0.E0));
#208=LINE('',#207,#206);
#209=DIRECTION('',(1.E0,0.E0,0.E0));
#210=VECTOR('',#209,2.2E0);
#211=CARTESIAN_POINT('',(1.E0,1.1E0,0.E0));
#212=LINE('',#211,#210);
#213=DIRECTION('',(7.071067811865E-1,7.071067811865E-1,0.E0));
#214=VECTOR('',#213,1.131370849898E0);
#215=CARTESIAN_POINT('',(3.2E0,1.1E0,0.E0));
#216=LINE('',#215,#214);
#217=DIRECTION('',(0.E0,1.E0,0.E0));
#218=VECTOR('',#217,3.E0);
#219=CARTESIAN_POINT('',(4.E0,1.9E0,0.E0));
#220=LINE('',#219,#218);
#221=DIRECTION('',(-1.E0,0.E0,0.E0));
#222=VECTOR('',#221,3.8E0);
#223=CARTESIAN_POINT('',(4.E0,4.9E0,0.E0));
#224=LINE('',#223,#222);
#225=DIRECTION('',(0.E0,-1.E0,0.E0));
#226=VECTOR('',#225,3.6E0);
#227=CARTESIAN_POINT('',(2.E-1,9.1E0,0.E0));
#228=LINE('',#227,#226);
#229=DIRECTION('',(1.E0,0.E0,0.E0));
#230=VECTOR('',#229,3.8E0);
#231=CARTESIAN_POINT('',(2.E-1,5.5E0,0.E0));
#232=LINE('',#231,#230);
#233=DIRECTION('',(0.E0,1.E0,0.E0));
#234=VECTOR('',#233,3.6E0);
#235=CARTESIAN_POINT('',(4.E0,5.5E0,0.E0));
#236=LINE('',#235,#234);
#237=DIRECTION('',(-1.E0,0.E0,0.E0));
#238=VECTOR('',#237,3.8E0);
#239=CARTESIAN_POINT('',(4.E0,9.1E0,0.E0));
#240=LINE('',#239,#238);
#241=DIRECTION('',(0.E0,-1.E0,0.E0));
#242=VECTOR('',#241,2.8E0);
#243=CARTESIAN_POINT('',(-2.08E1,4.9E0,0.E0));
#244=LINE('',#243,#242);
#245=DIRECTION('',(7.071067811865E-1,-7.071067811865E-1,0.E0));
#246=VECTOR('',#245,1.131370849898E0);
#247=CARTESIAN_POINT('',(-2.08E1,2.1E0,0.E0));
#248=LINE('',#247,#246);
#249=DIRECTION('',(1.E0,0.E0,0.E0));
#250=VECTOR('',#249,2.2E0);
#251=CARTESIAN_POINT('',(-2.E1,1.3E0,0.E0));
#252=LINE('',#251,#250);
#253=DIRECTION('',(7.071067811865E-1,7.071067811865E-1,0.E0));
#254=VECTOR('',#253,1.131370849898E0);
#255=CARTESIAN_POINT('',(-1.78E1,1.3E0,0.E0));
#256=LINE('',#255,#254);
#257=DIRECTION('',(0.E0,1.E0,0.E0));
#258=VECTOR('',#257,2.8E0);
#259=CARTESIAN_POINT('',(-1.7E1,2.1E0,0.E0));
#260=LINE('',#259,#258);
#261=DIRECTION('',(-1.E0,0.E0,0.E0));
#262=VECTOR('',#261,3.8E0);
#263=CARTESIAN_POINT('',(-1.7E1,4.9E0,0.E0));
#264=LINE('',#263,#262);
#265=DIRECTION('',(0.E0,-1.E0,0.E0));
#266=VECTOR('',#265,3.6E0);
#267=CARTESIAN_POINT('',(-2.08E1,9.1E0,0.E0));
#268=LINE('',#267,#266);
#269=DIRECTION('',(1.E0,0.E0,0.E0));
#270=VECTOR('',#269,3.8E0);
#271=CARTESIAN_POINT('',(-2.08E1,5.5E0,0.E0));
#272=LINE('',#271,#270);
#273=DIRECTION('',(0.E0,1.E0,0.E0));
#274=VECTOR('',#273,3.6E0);
#275=CARTESIAN_POINT('',(-1.7E1,5.5E0,0.E0));
#276=LINE('',#275,#274);
#277=DIRECTION('',(-1.E0,0.E0,0.E0));
#278=VECTOR('',#277,3.8E0);
#279=CARTESIAN_POINT('',(-1.7E1,9.1E0,0.E0));
#280=LINE('',#279,#278);
#281=DIRECTION('',(0.E0,-1.E0,0.E0));
#282=VECTOR('',#281,3.E0);
#283=CARTESIAN_POINT('',(-1.66E1,4.9E0,0.E0));
#284=LINE('',#283,#282);
#285=DIRECTION('',(7.071067811865E-1,-7.071067811865E-1,0.E0));
#286=VECTOR('',#285,1.131370849898E0);
#287=CARTESIAN_POINT('',(-1.66E1,1.9E0,0.E0));
#288=LINE('',#287,#286);
#289=DIRECTION('',(1.E0,0.E0,0.E0));
#290=VECTOR('',#289,2.2E0);
#291=CARTESIAN_POINT('',(-1.58E1,1.1E0,0.E0));
#292=LINE('',#291,#290);
#293=DIRECTION('',(7.071067811865E-1,7.071067811865E-1,0.E0));
#294=VECTOR('',#293,1.131370849898E0);
#295=CARTESIAN_POINT('',(-1.36E1,1.1E0,0.E0));
#296=LINE('',#295,#294);
#297=DIRECTION('',(0.E0,1.E0,0.E0));
#298=VECTOR('',#297,3.E0);
#299=CARTESIAN_POINT('',(-1.28E1,1.9E0,0.E0));
#300=LINE('',#299,#298);
#301=DIRECTION('',(-1.E0,0.E0,0.E0));
#302=VECTOR('',#301,3.8E0);
#303=CARTESIAN_POINT('',(-1.28E1,4.9E0,0.E0));
#304=LINE('',#303,#302);
#305=DIRECTION('',(0.E0,-1.E0,0.E0));
#306=VECTOR('',#305,3.6E0);
#307=CARTESIAN_POINT('',(-1.66E1,9.1E0,0.E0));
#308=LINE('',#307,#306);
#309=DIRECTION('',(1.E0,0.E0,0.E0));
#310=VECTOR('',#309,3.8E0);
#311=CARTESIAN_POINT('',(-1.66E1,5.5E0,0.E0));
#312=LINE('',#311,#310);
#313=DIRECTION('',(0.E0,1.E0,0.E0));
#314=VECTOR('',#313,3.6E0);
#315=CARTESIAN_POINT('',(-1.28E1,5.5E0,0.E0));
#316=LINE('',#315,#314);
#317=DIRECTION('',(-1.E0,0.E0,0.E0));
#318=VECTOR('',#317,3.8E0);
#319=CARTESIAN_POINT('',(-1.28E1,9.1E0,0.E0));
#320=LINE('',#319,#318);
#321=DIRECTION('',(0.E0,-1.E0,0.E0));
#322=VECTOR('',#321,3.6E0);
#323=CARTESIAN_POINT('',(4.4E0,4.9E0,0.E0));
#324=LINE('',#323,#322);
#325=DIRECTION('',(1.E0,0.E0,0.E0));
#326=VECTOR('',#325,3.8E0);
#327=CARTESIAN_POINT('',(4.4E0,1.3E0,0.E0));
#328=LINE('',#327,#326);
#329=DIRECTION('',(0.E0,1.E0,0.E0));
#330=VECTOR('',#329,3.6E0);
#331=CARTESIAN_POINT('',(8.2E0,1.3E0,0.E0));
#332=LINE('',#331,#330);
#333=DIRECTION('',(-1.E0,0.E0,0.E0));
#334=VECTOR('',#333,3.8E0);
#335=CARTESIAN_POINT('',(8.2E0,4.9E0,0.E0));
#336=LINE('',#335,#334);
#337=DIRECTION('',(0.E0,-1.E0,0.E0));
#338=VECTOR('',#337,2.8E0);
#339=CARTESIAN_POINT('',(4.4E0,9.1E0,0.E0));
#340=LINE('',#339,#338);
#341=DIRECTION('',(7.071067811865E-1,-7.071067811865E-1,0.E0));
#342=VECTOR('',#341,1.131370849898E0);
#343=CARTESIAN_POINT('',(4.4E0,6.3E0,0.E0));
#344=LINE('',#343,#342);
#345=DIRECTION('',(1.E0,0.E0,0.E0));
#346=VECTOR('',#345,2.2E0);
#347=CARTESIAN_POINT('',(5.2E0,5.5E0,0.E0));
#348=LINE('',#347,#346);
#349=DIRECTION('',(7.071067811865E-1,7.071067811865E-1,0.E0));
#350=VECTOR('',#349,1.131370849898E0);
#351=CARTESIAN_POINT('',(7.4E0,5.5E0,0.E0));
#352=LINE('',#351,#350);
#353=DIRECTION('',(0.E0,1.E0,0.E0));
#354=VECTOR('',#353,2.8E0);
#355=CARTESIAN_POINT('',(8.2E0,6.3E0,0.E0));
#356=LINE('',#355,#354);
#357=DIRECTION('',(-1.E0,0.E0,0.E0));
#358=VECTOR('',#357,3.8E0);
#359=CARTESIAN_POINT('',(8.2E0,9.1E0,0.E0));
#360=LINE('',#359,#358);
#361=DIRECTION('',(0.E0,-1.E0,0.E0));
#362=VECTOR('',#361,3.6E0);
#363=CARTESIAN_POINT('',(8.6E0,4.9E0,0.E0));
#364=LINE('',#363,#362);
#365=DIRECTION('',(1.E0,0.E0,0.E0));
#366=VECTOR('',#365,3.8E0);
#367=CARTESIAN_POINT('',(8.6E0,1.3E0,0.E0));
#368=LINE('',#367,#366);
#369=DIRECTION('',(0.E0,1.E0,0.E0));
#370=VECTOR('',#369,3.6E0);
#371=CARTESIAN_POINT('',(1.24E1,1.3E0,0.E0));
#372=LINE('',#371,#370);
#373=DIRECTION('',(-1.E0,0.E0,0.E0));
#374=VECTOR('',#373,3.8E0);
#375=CARTESIAN_POINT('',(1.24E1,4.9E0,0.E0));
#376=LINE('',#375,#374);
#377=DIRECTION('',(0.E0,-1.E0,0.E0));
#378=VECTOR('',#377,2.8E0);
#379=CARTESIAN_POINT('',(8.6E0,9.1E0,0.E0));
#380=LINE('',#379,#378);
#381=DIRECTION('',(7.071067811865E-1,-7.071067811865E-1,0.E0));
#382=VECTOR('',#381,1.131370849898E0);
#383=CARTESIAN_POINT('',(8.6E0,6.3E0,0.E0));
#384=LINE('',#383,#382);
#385=DIRECTION('',(1.E0,0.E0,0.E0));
#386=VECTOR('',#385,2.2E0);
#387=CARTESIAN_POINT('',(9.4E0,5.5E0,0.E0));
#388=LINE('',#387,#386);
#389=DIRECTION('',(7.071067811865E-1,7.071067811865E-1,0.E0));
#390=VECTOR('',#389,1.131370849898E0);
#391=CARTESIAN_POINT('',(1.16E1,5.5E0,0.E0));
#392=LINE('',#391,#390);
#393=DIRECTION('',(0.E0,1.E0,0.E0));
#394=VECTOR('',#393,2.8E0);
#395=CARTESIAN_POINT('',(1.24E1,6.3E0,0.E0));
#396=LINE('',#395,#394);
#397=DIRECTION('',(-1.E0,0.E0,0.E0));
#398=VECTOR('',#397,3.8E0);
#399=CARTESIAN_POINT('',(1.24E1,9.1E0,0.E0));
#400=LINE('',#399,#398);
#401=DIRECTION('',(0.E0,-1.E0,0.E0));
#402=VECTOR('',#401,3.6E0);
#403=CARTESIAN_POINT('',(-1.24E1,4.9E0,0.E0));
#404=LINE('',#403,#402);
#405=DIRECTION('',(1.E0,0.E0,0.E0));
#406=VECTOR('',#405,3.8E0);
#407=CARTESIAN_POINT('',(-1.24E1,1.3E0,0.E0));
#408=LINE('',#407,#406);
#409=DIRECTION('',(0.E0,1.E0,0.E0));
#410=VECTOR('',#409,3.6E0);
#411=CARTESIAN_POINT('',(-8.6E0,1.3E0,0.E0));
#412=LINE('',#411,#410);
#413=DIRECTION('',(-1.E0,0.E0,0.E0));
#414=VECTOR('',#413,3.8E0);
#415=CARTESIAN_POINT('',(-8.6E0,4.9E0,0.E0));
#416=LINE('',#415,#414);
#417=DIRECTION('',(0.E0,-1.E0,0.E0));
#418=VECTOR('',#417,2.8E0);
#419=CARTESIAN_POINT('',(-1.24E1,9.1E0,0.E0));
#420=LINE('',#419,#418);
#421=DIRECTION('',(7.071067811865E-1,-7.071067811865E-1,0.E0));
#422=VECTOR('',#421,1.131370849898E0);
#423=CARTESIAN_POINT('',(-1.24E1,6.3E0,0.E0));
#424=LINE('',#423,#422);
#425=DIRECTION('',(1.E0,0.E0,0.E0));
#426=VECTOR('',#425,2.2E0);
#427=CARTESIAN_POINT('',(-1.16E1,5.5E0,0.E0));
#428=LINE('',#427,#426);
#429=DIRECTION('',(7.071067811865E-1,7.071067811865E-1,0.E0));
#430=VECTOR('',#429,1.131370849898E0);
#431=CARTESIAN_POINT('',(-9.4E0,5.5E0,0.E0));
#432=LINE('',#431,#430);
#433=DIRECTION('',(0.E0,1.E0,0.E0));
#434=VECTOR('',#433,2.8E0);
#435=CARTESIAN_POINT('',(-8.6E0,6.3E0,0.E0));
#436=LINE('',#435,#434);
#437=DIRECTION('',(-1.E0,0.E0,0.E0));
#438=VECTOR('',#437,3.8E0);
#439=CARTESIAN_POINT('',(-8.6E0,9.1E0,0.E0));
#440=LINE('',#439,#438);
#441=DIRECTION('',(0.E0,-1.E0,0.E0));
#442=VECTOR('',#441,3.6E0);
#443=CARTESIAN_POINT('',(-8.2E0,4.9E0,0.E0));
#444=LINE('',#443,#442);
#445=DIRECTION('',(1.E0,0.E0,0.E0));
#446=VECTOR('',#445,3.8E0);
#447=CARTESIAN_POINT('',(-8.2E0,1.3E0,0.E0));
#448=LINE('',#447,#446);
#449=DIRECTION('',(0.E0,1.E0,0.E0));
#450=VECTOR('',#449,3.6E0);
#451=CARTESIAN_POINT('',(-4.4E0,1.3E0,0.E0));
#452=LINE('',#451,#450);
#453=DIRECTION('',(-1.E0,0.E0,0.E0));
#454=VECTOR('',#453,3.8E0);
#455=CARTESIAN_POINT('',(-4.4E0,4.9E0,0.E0));
#456=LINE('',#455,#454);
#457=DIRECTION('',(0.E0,-1.E0,0.E0));
#458=VECTOR('',#457,2.8E0);
#459=CARTESIAN_POINT('',(-8.2E0,9.1E0,0.E0));
#460=LINE('',#459,#458);
#461=DIRECTION('',(7.071067811865E-1,-7.071067811865E-1,0.E0));
#462=VECTOR('',#461,1.131370849898E0);
#463=CARTESIAN_POINT('',(-8.2E0,6.3E0,0.E0));
#464=LINE('',#463,#462);
#465=DIRECTION('',(1.E0,0.E0,0.E0));
#466=VECTOR('',#465,2.2E0);
#467=CARTESIAN_POINT('',(-7.4E0,5.5E0,0.E0));
#468=LINE('',#467,#466);
#469=DIRECTION('',(7.071067811865E-1,7.071067811865E-1,0.E0));
#470=VECTOR('',#469,1.131370849898E0);
#471=CARTESIAN_POINT('',(-5.2E0,5.5E0,0.E0));
#472=LINE('',#471,#470);
#473=DIRECTION('',(0.E0,1.E0,0.E0));
#474=VECTOR('',#473,2.8E0);
#475=CARTESIAN_POINT('',(-4.4E0,6.3E0,0.E0));
#476=LINE('',#475,#474);
#477=DIRECTION('',(-1.E0,0.E0,0.E0));
#478=VECTOR('',#477,3.8E0);
#479=CARTESIAN_POINT('',(-4.4E0,9.1E0,0.E0));
#480=LINE('',#479,#478);
#481=DIRECTION('',(-1.E0,0.E0,0.E0));
#482=VECTOR('',#481,5.1E1);
#483=CARTESIAN_POINT('',(2.55E1,4.E-1,0.E0));
#484=LINE('',#483,#482);
#485=DIRECTION('',(0.E0,1.E0,0.E0));
#486=VECTOR('',#485,9.E0);
#487=CARTESIAN_POINT('',(-2.58E1,7.E-1,0.E0));
#488=LINE('',#487,#486);
#489=DIRECTION('',(1.E0,0.E0,0.E0));
#490=VECTOR('',#489,2.38E1);
#491=CARTESIAN_POINT('',(-2.55E1,1.E1,0.E0));
#492=LINE('',#491,#490);
#493=DIRECTION('',(1.E0,0.E0,0.E0));
#494=VECTOR('',#493,3.4E0);
#495=CARTESIAN_POINT('',(-1.7E0,1.E1,0.E0));
#496=LINE('',#495,#494);
#497=DIRECTION('',(1.E0,0.E0,0.E0));
#498=VECTOR('',#497,2.38E1);
#499=CARTESIAN_POINT('',(1.7E0,1.E1,0.E0));
#500=LINE('',#499,#498);
#501=DIRECTION('',(0.E0,-1.E0,0.E0));
#502=VECTOR('',#501,6.6E0);
#503=CARTESIAN_POINT('',(2.58E1,9.7E0,0.E0));
#504=LINE('',#503,#502);
#505=CARTESIAN_POINT('',(2.58E1,2.7E0,0.E0));
#506=DIRECTION('',(0.E0,0.E0,-1.E0));
#507=DIRECTION('',(0.E0,1.E0,0.E0));
#508=AXIS2_PLACEMENT_3D('',#505,#506,#507);
#510=DIRECTION('',(0.E0,-1.E0,0.E0));
#511=VECTOR('',#510,1.6E0);
#512=CARTESIAN_POINT('',(2.58E1,2.3E0,0.E0));
#513=LINE('',#512,#511);
#514=DIRECTION('',(0.E0,0.E0,-1.E0));
#515=VECTOR('',#514,1.E1);
#516=CARTESIAN_POINT('',(2.12E1,4.9E0,0.E0));
#517=LINE('',#516,#515);
#518=DIRECTION('',(0.E0,0.E0,-1.E0));
#519=VECTOR('',#518,1.E1);
#520=CARTESIAN_POINT('',(2.5E1,4.9E0,0.E0));
#521=LINE('',#520,#519);
#522=DIRECTION('',(0.E0,0.E0,-1.E0));
#523=VECTOR('',#522,1.E1);
#524=CARTESIAN_POINT('',(2.5E1,1.3E0,0.E0));
#525=LINE('',#524,#523);
#526=DIRECTION('',(0.E0,0.E0,-1.E0));
#527=VECTOR('',#526,1.E1);
#528=CARTESIAN_POINT('',(2.12E1,1.3E0,0.E0));
#529=LINE('',#528,#527);
#530=DIRECTION('',(0.E0,-1.E0,0.E0));
#531=VECTOR('',#530,3.6E0);
#532=CARTESIAN_POINT('',(2.12E1,4.9E0,-1.E1));
#533=LINE('',#532,#531);
#534=DIRECTION('',(-1.E0,0.E0,0.E0));
#535=VECTOR('',#534,3.8E0);
#536=CARTESIAN_POINT('',(2.5E1,4.9E0,-1.E1));
#537=LINE('',#536,#535);
#538=DIRECTION('',(0.E0,1.E0,0.E0));
#539=VECTOR('',#538,3.6E0);
#540=CARTESIAN_POINT('',(2.5E1,1.3E0,-1.E1));
#541=LINE('',#540,#539);
#542=DIRECTION('',(1.E0,0.E0,0.E0));
#543=VECTOR('',#542,3.8E0);
#544=CARTESIAN_POINT('',(2.12E1,1.3E0,-1.E1));
#545=LINE('',#544,#543);
#546=DIRECTION('',(0.E0,-1.E0,0.E0));
#547=VECTOR('',#546,2.8E0);
#548=CARTESIAN_POINT('',(2.12E1,9.1E0,-1.E1));
#549=LINE('',#548,#547);
#550=DIRECTION('',(-1.E0,0.E0,0.E0));
#551=VECTOR('',#550,3.8E0);
#552=CARTESIAN_POINT('',(2.5E1,9.1E0,-1.E1));
#553=LINE('',#552,#551);
#554=DIRECTION('',(0.E0,1.E0,0.E0));
#555=VECTOR('',#554,2.8E0);
#556=CARTESIAN_POINT('',(2.5E1,6.3E0,-1.E1));
#557=LINE('',#556,#555);
#558=DIRECTION('',(7.071067811865E-1,7.071067811865E-1,0.E0));
#559=VECTOR('',#558,1.131370849898E0);
#560=CARTESIAN_POINT('',(2.42E1,5.5E0,-1.E1));
#561=LINE('',#560,#559);
#562=DIRECTION('',(1.E0,0.E0,0.E0));
#563=VECTOR('',#562,2.2E0);
#564=CARTESIAN_POINT('',(2.2E1,5.5E0,-1.E1));
#565=LINE('',#564,#563);
#566=DIRECTION('',(7.071067811865E-1,-7.071067811865E-1,0.E0));
#567=VECTOR('',#566,1.131370849898E0);
#568=CARTESIAN_POINT('',(2.12E1,6.3E0,-1.E1));
#569=LINE('',#568,#567);
#570=DIRECTION('',(0.E0,1.E0,0.E0));
#571=VECTOR('',#570,1.07E0);
#572=CARTESIAN_POINT('',(2.3635E1,6.965E0,-1.E1));
#573=LINE('',#572,#571);
#574=DIRECTION('',(-1.E0,0.E0,0.E0));
#575=VECTOR('',#574,1.07E0);
#576=CARTESIAN_POINT('',(2.3635E1,8.035E0,-1.E1));
#577=LINE('',#576,#575);
#578=DIRECTION('',(0.E0,1.E0,0.E0));
#579=VECTOR('',#578,1.07E0);
#580=CARTESIAN_POINT('',(2.2565E1,6.965E0,-1.E1));
#581=LINE('',#580,#579);
#582=DIRECTION('',(-1.E0,0.E0,0.E0));
#583=VECTOR('',#582,1.07E0);
#584=CARTESIAN_POINT('',(2.3635E1,6.965E0,-1.E1));
#585=LINE('',#584,#583);
#586=DIRECTION('',(0.E0,1.E0,0.E0));
#587=VECTOR('',#586,1.07E0);
#588=CARTESIAN_POINT('',(2.3635E1,2.765E0,-1.E1));
#589=LINE('',#588,#587);
#590=DIRECTION('',(-1.E0,0.E0,0.E0));
#591=VECTOR('',#590,1.07E0);
#592=CARTESIAN_POINT('',(2.3635E1,3.835E0,-1.E1));
#593=LINE('',#592,#591);
#594=DIRECTION('',(0.E0,1.E0,0.E0));
#595=VECTOR('',#594,1.07E0);
#596=CARTESIAN_POINT('',(2.2565E1,2.765E0,-1.E1));
#597=LINE('',#596,#595);
#598=DIRECTION('',(-1.E0,0.E0,0.E0));
#599=VECTOR('',#598,1.07E0);
#600=CARTESIAN_POINT('',(2.3635E1,2.765E0,-1.E1));
#601=LINE('',#600,#599);
#602=DIRECTION('',(0.E0,0.E0,-1.E0));
#603=VECTOR('',#602,1.E1);
#604=CARTESIAN_POINT('',(2.12E1,9.1E0,0.E0));
#605=LINE('',#604,#603);
#606=DIRECTION('',(0.E0,0.E0,-1.E0));
#607=VECTOR('',#606,1.E1);
#608=CARTESIAN_POINT('',(2.5E1,9.1E0,0.E0));
#609=LINE('',#608,#607);
#610=DIRECTION('',(0.E0,0.E0,-1.E0));
#611=VECTOR('',#610,1.E1);
#612=CARTESIAN_POINT('',(2.5E1,6.3E0,0.E0));
#613=LINE('',#612,#611);
#614=DIRECTION('',(0.E0,0.E0,-1.E0));
#615=VECTOR('',#614,1.E1);
#616=CARTESIAN_POINT('',(2.42E1,5.5E0,0.E0));
#617=LINE('',#616,#615);
#618=DIRECTION('',(0.E0,0.E0,-1.E0));
#619=VECTOR('',#618,1.E1);
#620=CARTESIAN_POINT('',(2.2E1,5.5E0,0.E0));
#621=LINE('',#620,#619);
#622=DIRECTION('',(0.E0,0.E0,-1.E0));
#623=VECTOR('',#622,1.E1);
#624=CARTESIAN_POINT('',(2.12E1,6.3E0,0.E0));
#625=LINE('',#624,#623);
#626=DIRECTION('',(0.E0,0.E0,-1.E0));
#627=VECTOR('',#626,5.565E0);
#628=CARTESIAN_POINT('',(2.3635E1,8.035E0,-1.28E1));
#629=LINE('',#628,#627);
#630=CARTESIAN_POINT('',(2.3635E1,6.465E0,-1.8365E1));
#631=DIRECTION('',(-1.E0,0.E0,0.E0));
#632=DIRECTION('',(0.E0,1.E0,0.E0));
#633=AXIS2_PLACEMENT_3D('',#630,#631,#632);
#635=DIRECTION('',(0.E0,-1.E0,0.E0));
#636=VECTOR('',#635,9.765E0);
#637=CARTESIAN_POINT('',(2.3635E1,6.465E0,-1.9935E1));
#638=LINE('',#637,#636);
#639=DIRECTION('',(0.E0,0.E0,1.E0));
#640=VECTOR('',#639,1.07E0);
#641=CARTESIAN_POINT('',(2.3635E1,-3.3E0,-1.9935E1));
#642=LINE('',#641,#640);
#643=DIRECTION('',(0.E0,1.E0,0.E0));
#644=VECTOR('',#643,9.765E0);
#645=CARTESIAN_POINT('',(2.3635E1,-3.3E0,-1.8865E1));
#646=LINE('',#645,#644);
#647=CARTESIAN_POINT('',(2.3635E1,6.465E0,-1.8365E1));
#648=DIRECTION('',(1.E0,0.E0,0.E0));
#649=DIRECTION('',(0.E0,0.E0,-1.E0));
#650=AXIS2_PLACEMENT_3D('',#647,#648,#649);
#652=DIRECTION('',(0.E0,0.E0,1.E0));
#653=VECTOR('',#652,5.565E0);
#654=CARTESIAN_POINT('',(2.3635E1,6.965E0,-1.8365E1));
#655=LINE('',#654,#653);
#656=DIRECTION('',(0.E0,0.E0,1.E0));
#657=VECTOR('',#656,5.3E0);
#658=CARTESIAN_POINT('',(2.3635E1,6.965E0,-1.E1));
#659=LINE('',#658,#657);
#660=DIRECTION('',(0.E0,1.E0,0.E0));
#661=VECTOR('',#660,1.07E0);
#662=CARTESIAN_POINT('',(2.3635E1,6.965E0,-4.7E0));
#663=LINE('',#662,#661);
#664=DIRECTION('',(0.E0,0.E0,-1.E0));
#665=VECTOR('',#664,5.3E0);
#666=CARTESIAN_POINT('',(2.3635E1,8.035E0,-4.7E0));
#667=LINE('',#666,#665);
#668=DIRECTION('',(0.E0,1.E0,0.E0));
#669=VECTOR('',#668,1.07E0);
#670=CARTESIAN_POINT('',(2.3635E1,6.965E0,-1.28E1));
#671=LINE('',#670,#669);
#672=DIRECTION('',(-1.E0,0.E0,0.E0));
#673=VECTOR('',#672,1.07E0);
#674=CARTESIAN_POINT('',(2.3635E1,6.965E0,-1.28E1));
#675=LINE('',#674,#673);
#676=DIRECTION('',(0.E0,1.E0,0.E0));
#677=VECTOR('',#676,1.07E0);
#678=CARTESIAN_POINT('',(2.2565E1,6.965E0,-1.28E1));
#679=LINE('',#678,#677);
#680=DIRECTION('',(-1.E0,0.E0,0.E0));
#681=VECTOR('',#680,1.07E0);
#682=CARTESIAN_POINT('',(2.3635E1,8.035E0,-1.28E1));
#683=LINE('',#682,#681);
#684=DIRECTION('',(0.E0,1.E0,0.E0));
#685=VECTOR('',#684,1.07E0);
#686=CARTESIAN_POINT('',(1.9435E1,6.965E0,-1.28E1));
#687=LINE('',#686,#685);
#688=DIRECTION('',(-1.E0,0.E0,0.E0));
#689=VECTOR('',#688,1.07E0);
#690=CARTESIAN_POINT('',(1.9435E1,6.965E0,-1.28E1));
#691=LINE('',#690,#689);
#692=DIRECTION('',(0.E0,1.E0,0.E0));
#693=VECTOR('',#692,1.07E0);
#694=CARTESIAN_POINT('',(1.8365E1,6.965E0,-1.28E1));
#695=LINE('',#694,#693);
#696=DIRECTION('',(-1.E0,0.E0,0.E0));
#697=VECTOR('',#696,1.07E0);
#698=CARTESIAN_POINT('',(1.9435E1,8.035E0,-1.28E1));
#699=LINE('',#698,#697);
#700=DIRECTION('',(0.E0,1.E0,0.E0));
#701=VECTOR('',#700,1.07E0);
#702=CARTESIAN_POINT('',(1.5235E1,6.965E0,-1.28E1));
#703=LINE('',#702,#701);
#704=DIRECTION('',(-1.E0,0.E0,0.E0));
#705=VECTOR('',#704,1.07E0);
#706=CARTESIAN_POINT('',(1.5235E1,6.965E0,-1.28E1));
#707=LINE('',#706,#705);
#708=DIRECTION('',(0.E0,1.E0,0.E0));
#709=VECTOR('',#708,1.07E0);
#710=CARTESIAN_POINT('',(1.4165E1,6.965E0,-1.28E1));
#711=LINE('',#710,#709);
#712=DIRECTION('',(-1.E0,0.E0,0.E0));
#713=VECTOR('',#712,1.07E0);
#714=CARTESIAN_POINT('',(1.5235E1,8.035E0,-1.28E1));
#715=LINE('',#714,#713);
#716=DIRECTION('',(0.E0,1.E0,0.E0));
#717=VECTOR('',#716,1.07E0);
#718=CARTESIAN_POINT('',(1.1035E1,6.965E0,-1.28E1));
#719=LINE('',#718,#717);
#720=DIRECTION('',(-1.E0,0.E0,0.E0));
#721=VECTOR('',#720,1.07E0);
#722=CARTESIAN_POINT('',(1.1035E1,6.965E0,-1.28E1));
#723=LINE('',#722,#721);
#724=DIRECTION('',(0.E0,1.E0,0.E0));
#725=VECTOR('',#724,1.07E0);
#726=CARTESIAN_POINT('',(9.965E0,6.965E0,-1.28E1));
#727=LINE('',#726,#725);
#728=DIRECTION('',(-1.E0,0.E0,0.E0));
#729=VECTOR('',#728,1.07E0);
#730=CARTESIAN_POINT('',(1.1035E1,8.035E0,-1.28E1));
#731=LINE('',#730,#729);
#732=DIRECTION('',(0.E0,1.E0,0.E0));
#733=VECTOR('',#732,1.07E0);
#734=CARTESIAN_POINT('',(6.835E0,6.965E0,-1.28E1));
#735=LINE('',#734,#733);
#736=DIRECTION('',(-1.E0,0.E0,0.E0));
#737=VECTOR('',#736,1.07E0);
#738=CARTESIAN_POINT('',(6.835E0,6.965E0,-1.28E1));
#739=LINE('',#738,#737);
#740=DIRECTION('',(0.E0,1.E0,0.E0));
#741=VECTOR('',#740,1.07E0);
#742=CARTESIAN_POINT('',(5.765E0,6.965E0,-1.28E1));
#743=LINE('',#742,#741);
#744=DIRECTION('',(-1.E0,0.E0,0.E0));
#745=VECTOR('',#744,1.07E0);
#746=CARTESIAN_POINT('',(6.835E0,8.035E0,-1.28E1));
#747=LINE('',#746,#745);
#748=DIRECTION('',(0.E0,1.E0,0.E0));
#749=VECTOR('',#748,1.07E0);
#750=CARTESIAN_POINT('',(2.635E0,6.965E0,-1.28E1));
#751=LINE('',#750,#749);
#752=DIRECTION('',(-1.E0,0.E0,0.E0));
#753=VECTOR('',#752,1.07E0);
#754=CARTESIAN_POINT('',(2.635E0,6.965E0,-1.28E1));
#755=LINE('',#754,#753);
#756=DIRECTION('',(0.E0,1.E0,0.E0));
#757=VECTOR('',#756,1.07E0);
#758=CARTESIAN_POINT('',(1.565E0,6.965E0,-1.28E1));
#759=LINE('',#758,#757);
#760=DIRECTION('',(-1.E0,0.E0,0.E0));
#761=VECTOR('',#760,1.07E0);
#762=CARTESIAN_POINT('',(2.635E0,8.035E0,-1.28E1));
#763=LINE('',#762,#761);
#764=DIRECTION('',(0.E0,1.E0,0.E0));
#765=VECTOR('',#764,1.07E0);
#766=CARTESIAN_POINT('',(-1.565E0,6.965E0,-1.28E1));
#767=LINE('',#766,#765);
#768=DIRECTION('',(-1.E0,0.E0,0.E0));
#769=VECTOR('',#768,1.07E0);
#770=CARTESIAN_POINT('',(-1.565E0,6.965E0,-1.28E1));
#771=LINE('',#770,#769);
#772=DIRECTION('',(0.E0,1.E0,0.E0));
#773=VECTOR('',#772,1.07E0);
#774=CARTESIAN_POINT('',(-2.635E0,6.965E0,-1.28E1));
#775=LINE('',#774,#773);
#776=DIRECTION('',(-1.E0,0.E0,0.E0));
#777=VECTOR('',#776,1.07E0);
#778=CARTESIAN_POINT('',(-1.565E0,8.035E0,-1.28E1));
#779=LINE('',#778,#777);
#780=DIRECTION('',(0.E0,1.E0,0.E0));
#781=VECTOR('',#780,1.07E0);
#782=CARTESIAN_POINT('',(-5.765E0,6.965E0,-1.28E1));
#783=LINE('',#782,#781);
#784=DIRECTION('',(-1.E0,0.E0,0.E0));
#785=VECTOR('',#784,1.07E0);
#786=CARTESIAN_POINT('',(-5.765E0,6.965E0,-1.28E1));
#787=LINE('',#786,#785);
#788=DIRECTION('',(0.E0,1.E0,0.E0));
#789=VECTOR('',#788,1.07E0);
#790=CARTESIAN_POINT('',(-6.835E0,6.965E0,-1.28E1));
#791=LINE('',#790,#789);
#792=DIRECTION('',(-1.E0,0.E0,0.E0));
#793=VECTOR('',#792,1.07E0);
#794=CARTESIAN_POINT('',(-5.765E0,8.035E0,-1.28E1));
#795=LINE('',#794,#793);
#796=DIRECTION('',(0.E0,1.E0,0.E0));
#797=VECTOR('',#796,1.07E0);
#798=CARTESIAN_POINT('',(-9.965E0,6.965E0,-1.28E1));
#799=LINE('',#798,#797);
#800=DIRECTION('',(-1.E0,0.E0,0.E0));
#801=VECTOR('',#800,1.07E0);
#802=CARTESIAN_POINT('',(-9.965E0,6.965E0,-1.28E1));
#803=LINE('',#802,#801);
#804=DIRECTION('',(0.E0,1.E0,0.E0));
#805=VECTOR('',#804,1.07E0);
#806=CARTESIAN_POINT('',(-1.1035E1,6.965E0,-1.28E1));
#807=LINE('',#806,#805);
#808=DIRECTION('',(-1.E0,0.E0,0.E0));
#809=VECTOR('',#808,1.07E0);
#810=CARTESIAN_POINT('',(-9.965E0,8.035E0,-1.28E1));
#811=LINE('',#810,#809);
#812=DIRECTION('',(0.E0,1.E0,0.E0));
#813=VECTOR('',#812,1.07E0);
#814=CARTESIAN_POINT('',(-1.4165E1,6.965E0,-1.28E1));
#815=LINE('',#814,#813);
#816=DIRECTION('',(-1.E0,0.E0,0.E0));
#817=VECTOR('',#816,1.07E0);
#818=CARTESIAN_POINT('',(-1.4165E1,6.965E0,-1.28E1));
#819=LINE('',#818,#817);
#820=DIRECTION('',(0.E0,1.E0,0.E0));
#821=VECTOR('',#820,1.07E0);
#822=CARTESIAN_POINT('',(-1.5235E1,6.965E0,-1.28E1));
#823=LINE('',#822,#821);
#824=DIRECTION('',(-1.E0,0.E0,0.E0));
#825=VECTOR('',#824,1.07E0);
#826=CARTESIAN_POINT('',(-1.4165E1,8.035E0,-1.28E1));
#827=LINE('',#826,#825);
#828=DIRECTION('',(0.E0,1.E0,0.E0));
#829=VECTOR('',#828,1.07E0);
#830=CARTESIAN_POINT('',(-1.8365E1,6.965E0,-1.28E1));
#831=LINE('',#830,#829);
#832=DIRECTION('',(-1.E0,0.E0,0.E0));
#833=VECTOR('',#832,1.07E0);
#834=CARTESIAN_POINT('',(-1.8365E1,6.965E0,-1.28E1));
#835=LINE('',#834,#833);
#836=DIRECTION('',(0.E0,1.E0,0.E0));
#837=VECTOR('',#836,1.07E0);
#838=CARTESIAN_POINT('',(-1.9435E1,6.965E0,-1.28E1));
#839=LINE('',#838,#837);
#840=DIRECTION('',(-1.E0,0.E0,0.E0));
#841=VECTOR('',#840,1.07E0);
#842=CARTESIAN_POINT('',(-1.8365E1,8.035E0,-1.28E1));
#843=LINE('',#842,#841);
#844=DIRECTION('',(0.E0,1.E0,0.E0));
#845=VECTOR('',#844,1.07E0);
#846=CARTESIAN_POINT('',(-2.2565E1,6.965E0,-1.28E1));
#847=LINE('',#846,#845);
#848=DIRECTION('',(-1.E0,0.E0,0.E0));
#849=VECTOR('',#848,1.07E0);
#850=CARTESIAN_POINT('',(-2.2565E1,6.965E0,-1.28E1));
#851=LINE('',#850,#849);
#852=DIRECTION('',(0.E0,1.E0,0.E0));
#853=VECTOR('',#852,1.07E0);
#854=CARTESIAN_POINT('',(-2.3635E1,6.965E0,-1.28E1));
#855=LINE('',#854,#853);
#856=DIRECTION('',(-1.E0,0.E0,0.E0));
#857=VECTOR('',#856,1.07E0);
#858=CARTESIAN_POINT('',(-2.2565E1,8.035E0,-1.28E1));
#859=LINE('',#858,#857);
#860=DIRECTION('',(0.E0,1.E0,0.E0));
#861=VECTOR('',#860,1.07E0);
#862=CARTESIAN_POINT('',(2.3635E1,2.765E0,-1.28E1));
#863=LINE('',#862,#861);
#864=DIRECTION('',(-1.E0,0.E0,0.E0));
#865=VECTOR('',#864,1.07E0);
#866=CARTESIAN_POINT('',(2.3635E1,2.765E0,-1.28E1));
#867=LINE('',#866,#865);
#868=DIRECTION('',(0.E0,1.E0,0.E0));
#869=VECTOR('',#868,1.07E0);
#870=CARTESIAN_POINT('',(2.2565E1,2.765E0,-1.28E1));
#871=LINE('',#870,#869);
#872=DIRECTION('',(-1.E0,0.E0,0.E0));
#873=VECTOR('',#872,1.07E0);
#874=CARTESIAN_POINT('',(2.3635E1,3.835E0,-1.28E1));
#875=LINE('',#874,#873);
#876=DIRECTION('',(0.E0,1.E0,0.E0));
#877=VECTOR('',#876,1.07E0);
#878=CARTESIAN_POINT('',(1.9435E1,2.765E0,-1.28E1));
#879=LINE('',#878,#877);
#880=DIRECTION('',(-1.E0,0.E0,0.E0));
#881=VECTOR('',#880,1.07E0);
#882=CARTESIAN_POINT('',(1.9435E1,2.765E0,-1.28E1));
#883=LINE('',#882,#881);
#884=DIRECTION('',(0.E0,1.E0,0.E0));
#885=VECTOR('',#884,1.07E0);
#886=CARTESIAN_POINT('',(1.8365E1,2.765E0,-1.28E1));
#887=LINE('',#886,#885);
#888=DIRECTION('',(-1.E0,0.E0,0.E0));
#889=VECTOR('',#888,1.07E0);
#890=CARTESIAN_POINT('',(1.9435E1,3.835E0,-1.28E1));
#891=LINE('',#890,#889);
#892=DIRECTION('',(0.E0,1.E0,0.E0));
#893=VECTOR('',#892,1.07E0);
#894=CARTESIAN_POINT('',(1.5235E1,2.765E0,-1.28E1));
#895=LINE('',#894,#893);
#896=DIRECTION('',(-1.E0,0.E0,0.E0));
#897=VECTOR('',#896,1.07E0);
#898=CARTESIAN_POINT('',(1.5235E1,2.765E0,-1.28E1));
#899=LINE('',#898,#897);
#900=DIRECTION('',(0.E0,1.E0,0.E0));
#901=VECTOR('',#900,1.07E0);
#902=CARTESIAN_POINT('',(1.4165E1,2.765E0,-1.28E1));
#903=LINE('',#902,#901);
#904=DIRECTION('',(-1.E0,0.E0,0.E0));
#905=VECTOR('',#904,1.07E0);
#906=CARTESIAN_POINT('',(1.5235E1,3.835E0,-1.28E1));
#907=LINE('',#906,#905);
#908=DIRECTION('',(0.E0,1.E0,0.E0));
#909=VECTOR('',#908,1.07E0);
#910=CARTESIAN_POINT('',(1.1035E1,2.765E0,-1.28E1));
#911=LINE('',#910,#909);
#912=DIRECTION('',(-1.E0,0.E0,0.E0));
#913=VECTOR('',#912,1.07E0);
#914=CARTESIAN_POINT('',(1.1035E1,2.765E0,-1.28E1));
#915=LINE('',#914,#913);
#916=DIRECTION('',(0.E0,1.E0,0.E0));
#917=VECTOR('',#916,1.07E0);
#918=CARTESIAN_POINT('',(9.965E0,2.765E0,-1.28E1));
#919=LINE('',#918,#917);
#920=DIRECTION('',(-1.E0,0.E0,0.E0));
#921=VECTOR('',#920,1.07E0);
#922=CARTESIAN_POINT('',(1.1035E1,3.835E0,-1.28E1));
#923=LINE('',#922,#921);
#924=DIRECTION('',(0.E0,1.E0,0.E0));
#925=VECTOR('',#924,1.07E0);
#926=CARTESIAN_POINT('',(6.835E0,2.765E0,-1.28E1));
#927=LINE('',#926,#925);
#928=DIRECTION('',(-1.E0,0.E0,0.E0));
#929=VECTOR('',#928,1.07E0);
#930=CARTESIAN_POINT('',(6.835E0,2.765E0,-1.28E1));
#931=LINE('',#930,#929);
#932=DIRECTION('',(0.E0,1.E0,0.E0));
#933=VECTOR('',#932,1.07E0);
#934=CARTESIAN_POINT('',(5.765E0,2.765E0,-1.28E1));
#935=LINE('',#934,#933);
#936=DIRECTION('',(-1.E0,0.E0,0.E0));
#937=VECTOR('',#936,1.07E0);
#938=CARTESIAN_POINT('',(6.835E0,3.835E0,-1.28E1));
#939=LINE('',#938,#937);
#940=DIRECTION('',(0.E0,1.E0,0.E0));
#941=VECTOR('',#940,1.07E0);
#942=CARTESIAN_POINT('',(2.635E0,2.765E0,-1.28E1));
#943=LINE('',#942,#941);
#944=DIRECTION('',(-1.E0,0.E0,0.E0));
#945=VECTOR('',#944,1.07E0);
#946=CARTESIAN_POINT('',(2.635E0,2.765E0,-1.28E1));
#947=LINE('',#946,#945);
#948=DIRECTION('',(0.E0,1.E0,0.E0));
#949=VECTOR('',#948,1.07E0);
#950=CARTESIAN_POINT('',(1.565E0,2.765E0,-1.28E1));
#951=LINE('',#950,#949);
#952=DIRECTION('',(-1.E0,0.E0,0.E0));
#953=VECTOR('',#952,1.07E0);
#954=CARTESIAN_POINT('',(2.635E0,3.835E0,-1.28E1));
#955=LINE('',#954,#953);
#956=DIRECTION('',(0.E0,1.E0,0.E0));
#957=VECTOR('',#956,1.07E0);
#958=CARTESIAN_POINT('',(-1.565E0,2.765E0,-1.28E1));
#959=LINE('',#958,#957);
#960=DIRECTION('',(-1.E0,0.E0,0.E0));
#961=VECTOR('',#960,1.07E0);
#962=CARTESIAN_POINT('',(-1.565E0,2.765E0,-1.28E1));
#963=LINE('',#962,#961);
#964=DIRECTION('',(0.E0,1.E0,0.E0));
#965=VECTOR('',#964,1.07E0);
#966=CARTESIAN_POINT('',(-2.635E0,2.765E0,-1.28E1));
#967=LINE('',#966,#965);
#968=DIRECTION('',(-1.E0,0.E0,0.E0));
#969=VECTOR('',#968,1.07E0);
#970=CARTESIAN_POINT('',(-1.565E0,3.835E0,-1.28E1));
#971=LINE('',#970,#969);
#972=DIRECTION('',(0.E0,1.E0,0.E0));
#973=VECTOR('',#972,1.07E0);
#974=CARTESIAN_POINT('',(-5.765E0,2.765E0,-1.28E1));
#975=LINE('',#974,#973);
#976=DIRECTION('',(-1.E0,0.E0,0.E0));
#977=VECTOR('',#976,1.07E0);
#978=CARTESIAN_POINT('',(-5.765E0,2.765E0,-1.28E1));
#979=LINE('',#978,#977);
#980=DIRECTION('',(0.E0,1.E0,0.E0));
#981=VECTOR('',#980,1.07E0);
#982=CARTESIAN_POINT('',(-6.835E0,2.765E0,-1.28E1));
#983=LINE('',#982,#981);
#984=DIRECTION('',(-1.E0,0.E0,0.E0));
#985=VECTOR('',#984,1.07E0);
#986=CARTESIAN_POINT('',(-5.765E0,3.835E0,-1.28E1));
#987=LINE('',#986,#985);
#988=DIRECTION('',(0.E0,1.E0,0.E0));
#989=VECTOR('',#988,1.07E0);
#990=CARTESIAN_POINT('',(-9.965E0,2.765E0,-1.28E1));
#991=LINE('',#990,#989);
#992=DIRECTION('',(-1.E0,0.E0,0.E0));
#993=VECTOR('',#992,1.07E0);
#994=CARTESIAN_POINT('',(-9.965E0,2.765E0,-1.28E1));
#995=LINE('',#994,#993);
#996=DIRECTION('',(0.E0,1.E0,0.E0));
#997=VECTOR('',#996,1.07E0);
#998=CARTESIAN_POINT('',(-1.1035E1,2.765E0,-1.28E1));
#999=LINE('',#998,#997);
#1000=DIRECTION('',(-1.E0,0.E0,0.E0));
#1001=VECTOR('',#1000,1.07E0);
#1002=CARTESIAN_POINT('',(-9.965E0,3.835E0,-1.28E1));
#1003=LINE('',#1002,#1001);
#1004=DIRECTION('',(0.E0,1.E0,0.E0));
#1005=VECTOR('',#1004,1.07E0);
#1006=CARTESIAN_POINT('',(-1.4165E1,2.765E0,-1.28E1));
#1007=LINE('',#1006,#1005);
#1008=DIRECTION('',(-1.E0,0.E0,0.E0));
#1009=VECTOR('',#1008,1.07E0);
#1010=CARTESIAN_POINT('',(-1.4165E1,2.765E0,-1.28E1));
#1011=LINE('',#1010,#1009);
#1012=DIRECTION('',(0.E0,1.E0,0.E0));
#1013=VECTOR('',#1012,1.07E0);
#1014=CARTESIAN_POINT('',(-1.5235E1,2.765E0,-1.28E1));
#1015=LINE('',#1014,#1013);
#1016=DIRECTION('',(-1.E0,0.E0,0.E0));
#1017=VECTOR('',#1016,1.07E0);
#1018=CARTESIAN_POINT('',(-1.4165E1,3.835E0,-1.28E1));
#1019=LINE('',#1018,#1017);
#1020=DIRECTION('',(0.E0,1.E0,0.E0));
#1021=VECTOR('',#1020,1.07E0);
#1022=CARTESIAN_POINT('',(-1.8365E1,2.765E0,-1.28E1));
#1023=LINE('',#1022,#1021);
#1024=DIRECTION('',(-1.E0,0.E0,0.E0));
#1025=VECTOR('',#1024,1.07E0);
#1026=CARTESIAN_POINT('',(-1.8365E1,2.765E0,-1.28E1));
#1027=LINE('',#1026,#1025);
#1028=DIRECTION('',(0.E0,1.E0,0.E0));
#1029=VECTOR('',#1028,1.07E0);
#1030=CARTESIAN_POINT('',(-1.9435E1,2.765E0,-1.28E1));
#1031=LINE('',#1030,#1029);
#1032=DIRECTION('',(-1.E0,0.E0,0.E0));
#1033=VECTOR('',#1032,1.07E0);
#1034=CARTESIAN_POINT('',(-1.8365E1,3.835E0,-1.28E1));
#1035=LINE('',#1034,#1033);
#1036=DIRECTION('',(0.E0,1.E0,0.E0));
#1037=VECTOR('',#1036,1.07E0);
#1038=CARTESIAN_POINT('',(-2.2565E1,2.765E0,-1.28E1));
#1039=LINE('',#1038,#1037);
#1040=DIRECTION('',(-1.E0,0.E0,0.E0));
#1041=VECTOR('',#1040,1.07E0);
#1042=CARTESIAN_POINT('',(-2.2565E1,2.765E0,-1.28E1));
#1043=LINE('',#1042,#1041);
#1044=DIRECTION('',(0.E0,1.E0,0.E0));
#1045=VECTOR('',#1044,1.07E0);
#1046=CARTESIAN_POINT('',(-2.3635E1,2.765E0,-1.28E1));
#1047=LINE('',#1046,#1045);
#1048=DIRECTION('',(-1.E0,0.E0,0.E0));
#1049=VECTOR('',#1048,1.07E0);
#1050=CARTESIAN_POINT('',(-2.2565E1,3.835E0,-1.28E1));
#1051=LINE('',#1050,#1049);
#1052=DIRECTION('',(1.E0,0.E0,0.E0));
#1053=VECTOR('',#1052,1.E0);
#1054=CARTESIAN_POINT('',(-2.58E1,9.E0,-1.28E1));
#1055=LINE('',#1054,#1053);
#1056=DIRECTION('',(0.E0,-1.E0,0.E0));
#1057=VECTOR('',#1056,8.6E0);
#1058=CARTESIAN_POINT('',(-2.48E1,9.E0,-1.28E1));
#1059=LINE('',#1058,#1057);
#1060=DIRECTION('',(-1.E0,0.E0,0.E0));
#1061=VECTOR('',#1060,4.96E1);
#1062=CARTESIAN_POINT('',(2.48E1,4.E-1,-1.28E1));
#1063=LINE('',#1062,#1061);
#1064=DIRECTION('',(0.E0,1.E0,0.E0));
#1065=VECTOR('',#1064,8.6E0);
#1066=CARTESIAN_POINT('',(2.48E1,4.E-1,-1.28E1));
#1067=LINE('',#1066,#1065);
#1068=DIRECTION('',(1.E0,0.E0,0.E0));
#1069=VECTOR('',#1068,1.E0);
#1070=CARTESIAN_POINT('',(2.48E1,9.E0,-1.28E1));
#1071=LINE('',#1070,#1069);
#1072=DIRECTION('',(0.E0,-1.E0,0.E0));
#1073=VECTOR('',#1072,7.E-1);
#1074=CARTESIAN_POINT('',(2.58E1,9.7E0,-1.28E1));
#1075=LINE('',#1074,#1073);
#1076=DIRECTION('',(1.E0,0.E0,0.E0));
#1077=VECTOR('',#1076,5.1E1);
#1078=CARTESIAN_POINT('',(-2.55E1,1.E1,-1.28E1));
#1079=LINE('',#1078,#1077);
#1080=DIRECTION('',(0.E0,1.E0,0.E0));
#1081=VECTOR('',#1080,7.E-1);
#1082=CARTESIAN_POINT('',(-2.58E1,9.E0,-1.28E1));
#1083=LINE('',#1082,#1081);
#1084=DIRECTION('',(-1.E0,0.E0,0.E0));
#1085=VECTOR('',#1084,5.E-1);
#1086=CARTESIAN_POINT('',(-2.53E1,4.E-1,-1.28E1));
#1087=LINE('',#1086,#1085);
#1088=DIRECTION('',(0.E0,1.E0,0.E0));
#1089=VECTOR('',#1088,1.E0);
#1090=CARTESIAN_POINT('',(-2.58E1,4.E-1,-1.28E1));
#1091=LINE('',#1090,#1089);
#1092=DIRECTION('',(1.E0,0.E0,0.E0));
#1093=VECTOR('',#1092,6.E-1);
#1094=CARTESIAN_POINT('',(-2.64E1,1.4E0,-1.28E1));
#1095=LINE('',#1094,#1093);
#1096=DIRECTION('',(0.E0,1.E0,0.E0));
#1097=VECTOR('',#1096,1.4E0);
#1098=CARTESIAN_POINT('',(-2.64E1,0.E0,-1.28E1));
#1099=LINE('',#1098,#1097);
#1100=DIRECTION('',(-1.E0,0.E0,0.E0));
#1101=VECTOR('',#1100,1.1E0);
#1102=CARTESIAN_POINT('',(-2.53E1,0.E0,-1.28E1));
#1103=LINE('',#1102,#1101);
#1104=DIRECTION('',(0.E0,-1.E0,0.E0));
#1105=VECTOR('',#1104,4.E-1);
#1106=CARTESIAN_POINT('',(-2.53E1,4.E-1,-1.28E1));
#1107=LINE('',#1106,#1105);
#1108=DIRECTION('',(0.E0,-1.E0,0.E0));
#1109=VECTOR('',#1108,8.E-1);
#1110=CARTESIAN_POINT('',(2.58E1,3.1E0,-1.28E1));
#1111=LINE('',#1110,#1109);
#1112=CARTESIAN_POINT('',(2.58E1,2.7E0,-1.28E1));
#1113=DIRECTION('',(0.E0,0.E0,-1.E0));
#1114=DIRECTION('',(0.E0,1.E0,0.E0));
#1115=AXIS2_PLACEMENT_3D('',#1112,#1113,#1114);
#1117=DIRECTION('',(0.E0,-1.E0,0.E0));
#1118=VECTOR('',#1117,1.E0);
#1119=CARTESIAN_POINT('',(2.58E1,1.4E0,-1.28E1));
#1120=LINE('',#1119,#1118);
#1121=DIRECTION('',(-1.E0,0.E0,0.E0));
#1122=VECTOR('',#1121,5.E-1);
#1123=CARTESIAN_POINT('',(2.58E1,4.E-1,-1.28E1));
#1124=LINE('',#1123,#1122);
#1125=DIRECTION('',(0.E0,1.E0,0.E0));
#1126=VECTOR('',#1125,4.E-1);
#1127=CARTESIAN_POINT('',(2.53E1,0.E0,-1.28E1));
#1128=LINE('',#1127,#1126);
#1129=DIRECTION('',(-1.E0,0.E0,0.E0));
#1130=VECTOR('',#1129,1.1E0);
#1131=CARTESIAN_POINT('',(2.64E1,0.E0,-1.28E1));
#1132=LINE('',#1131,#1130);
#1133=DIRECTION('',(0.E0,-1.E0,0.E0));
#1134=VECTOR('',#1133,1.4E0);
#1135=CARTESIAN_POINT('',(2.64E1,1.4E0,-1.28E1));
#1136=LINE('',#1135,#1134);
#1137=DIRECTION('',(1.E0,0.E0,0.E0));
#1138=VECTOR('',#1137,6.E-1);
#1139=CARTESIAN_POINT('',(2.58E1,1.4E0,-1.28E1));
#1140=LINE('',#1139,#1138);
#1141=DIRECTION('',(-1.E0,0.E0,0.E0));
#1142=VECTOR('',#1141,1.07E0);
#1143=CARTESIAN_POINT('',(2.3635E1,6.965E0,-1.8365E1));
#1144=LINE('',#1143,#1142);
#1145=DIRECTION('',(-1.E0,0.E0,0.E0));
#1146=VECTOR('',#1145,1.07E0);
#1147=CARTESIAN_POINT('',(2.3635E1,6.465E0,-1.8865E1));
#1148=LINE('',#1147,#1146);
#1149=DIRECTION('',(-1.E0,0.E0,0.E0));
#1150=VECTOR('',#1149,1.07E0);
#1151=CARTESIAN_POINT('',(2.3635E1,-3.3E0,-1.8865E1));
#1152=LINE('',#1151,#1150);
#1153=DIRECTION('',(-1.E0,0.E0,0.E0));
#1154=VECTOR('',#1153,1.07E0);
#1155=CARTESIAN_POINT('',(2.3635E1,-3.3E0,-1.9935E1));
#1156=LINE('',#1155,#1154);
#1157=DIRECTION('',(-1.E0,0.E0,0.E0));
#1158=VECTOR('',#1157,1.07E0);
#1159=CARTESIAN_POINT('',(2.3635E1,6.465E0,-1.9935E1));
#1160=LINE('',#1159,#1158);
#1161=DIRECTION('',(-1.E0,0.E0,0.E0));
#1162=VECTOR('',#1161,1.07E0);
#1163=CARTESIAN_POINT('',(2.3635E1,8.035E0,-1.8365E1));
#1164=LINE('',#1163,#1162);
#1165=DIRECTION('',(-1.E0,0.E0,0.E0));
#1166=VECTOR('',#1165,1.07E0);
#1167=CARTESIAN_POINT('',(2.3635E1,8.035E0,-4.7E0));
#1168=LINE('',#1167,#1166);
#1169=DIRECTION('',(0.E0,0.E0,1.E0));
#1170=VECTOR('',#1169,5.565E0);
#1171=CARTESIAN_POINT('',(2.2565E1,6.965E0,-1.8365E1));
#1172=LINE('',#1171,#1170);
#1173=CARTESIAN_POINT('',(2.2565E1,6.465E0,-1.8365E1));
#1174=DIRECTION('',(1.E0,0.E0,0.E0));
#1175=DIRECTION('',(0.E0,0.E0,-1.E0));
#1176=AXIS2_PLACEMENT_3D('',#1173,#1174,#1175);
#1178=DIRECTION('',(0.E0,1.E0,0.E0));
#1179=VECTOR('',#1178,9.765E0);
#1180=CARTESIAN_POINT('',(2.2565E1,-3.3E0,-1.8865E1));
#1181=LINE('',#1180,#1179);
#1182=DIRECTION('',(0.E0,0.E0,1.E0));
#1183=VECTOR('',#1182,1.07E0);
#1184=CARTESIAN_POINT('',(2.2565E1,-3.3E0,-1.9935E1));
#1185=LINE('',#1184,#1183);
#1186=DIRECTION('',(0.E0,-1.E0,0.E0));
#1187=VECTOR('',#1186,9.765E0);
#1188=CARTESIAN_POINT('',(2.2565E1,6.465E0,-1.9935E1));
#1189=LINE('',#1188,#1187);
#1190=CARTESIAN_POINT('',(2.2565E1,6.465E0,-1.8365E1));
#1191=DIRECTION('',(-1.E0,0.E0,0.E0));
#1192=DIRECTION('',(0.E0,1.E0,0.E0));
#1193=AXIS2_PLACEMENT_3D('',#1190,#1191,#1192);
#1195=DIRECTION('',(0.E0,0.E0,-1.E0));
#1196=VECTOR('',#1195,5.565E0);
#1197=CARTESIAN_POINT('',(2.2565E1,8.035E0,-1.28E1));
#1198=LINE('',#1197,#1196);
#1199=DIRECTION('',(0.E0,0.E0,-1.E0));
#1200=VECTOR('',#1199,5.3E0);
#1201=CARTESIAN_POINT('',(2.2565E1,8.035E0,-4.7E0));
#1202=LINE('',#1201,#1200);
#1203=DIRECTION('',(0.E0,1.E0,0.E0));
#1204=VECTOR('',#1203,1.07E0);
#1205=CARTESIAN_POINT('',(2.2565E1,6.965E0,-4.7E0));
#1206=LINE('',#1205,#1204);
#1207=DIRECTION('',(0.E0,0.E0,1.E0));
#1208=VECTOR('',#1207,5.3E0);
#1209=CARTESIAN_POINT('',(2.2565E1,6.965E0,-1.E1));
#1210=LINE('',#1209,#1208);
#1211=DIRECTION('',(-1.E0,0.E0,0.E0));
#1212=VECTOR('',#1211,1.07E0);
#1213=CARTESIAN_POINT('',(2.3635E1,6.965E0,-4.7E0));
#1214=LINE('',#1213,#1212);
#1215=DIRECTION('',(0.E0,0.E0,-1.E0));
#1216=VECTOR('',#1215,5.565E0);
#1217=CARTESIAN_POINT('',(1.9435E1,8.035E0,-1.28E1));
#1218=LINE('',#1217,#1216);
#1219=CARTESIAN_POINT('',(1.9435E1,6.465E0,-1.8365E1));
#1220=DIRECTION('',(-1.E0,0.E0,0.E0));
#1221=DIRECTION('',(0.E0,1.E0,0.E0));
#1222=AXIS2_PLACEMENT_3D('',#1219,#1220,#1221);
#1224=DIRECTION('',(0.E0,-1.E0,0.E0));
#1225=VECTOR('',#1224,9.765E0);
#1226=CARTESIAN_POINT('',(1.9435E1,6.465E0,-1.9935E1));
#1227=LINE('',#1226,#1225);
#1228=DIRECTION('',(0.E0,0.E0,1.E0));
#1229=VECTOR('',#1228,1.07E0);
#1230=CARTESIAN_POINT('',(1.9435E1,-3.3E0,-1.9935E1));
#1231=LINE('',#1230,#1229);
#1232=DIRECTION('',(0.E0,1.E0,0.E0));
#1233=VECTOR('',#1232,9.765E0);
#1234=CARTESIAN_POINT('',(1.9435E1,-3.3E0,-1.8865E1));
#1235=LINE('',#1234,#1233);
#1236=CARTESIAN_POINT('',(1.9435E1,6.465E0,-1.8365E1));
#1237=DIRECTION('',(1.E0,0.E0,0.E0));
#1238=DIRECTION('',(0.E0,0.E0,-1.E0));
#1239=AXIS2_PLACEMENT_3D('',#1236,#1237,#1238);
#1241=DIRECTION('',(0.E0,0.E0,1.E0));
#1242=VECTOR('',#1241,5.565E0);
#1243=CARTESIAN_POINT('',(1.9435E1,6.965E0,-1.8365E1));
#1244=LINE('',#1243,#1242);
#1245=DIRECTION('',(0.E0,0.E0,1.E0));
#1246=VECTOR('',#1245,5.3E0);
#1247=CARTESIAN_POINT('',(1.9435E1,6.965E0,-1.E1));
#1248=LINE('',#1247,#1246);
#1249=DIRECTION('',(0.E0,1.E0,0.E0));
#1250=VECTOR('',#1249,1.07E0);
#1251=CARTESIAN_POINT('',(1.9435E1,6.965E0,-4.7E0));
#1252=LINE('',#1251,#1250);
#1253=DIRECTION('',(0.E0,0.E0,-1.E0));
#1254=VECTOR('',#1253,5.3E0);
#1255=CARTESIAN_POINT('',(1.9435E1,8.035E0,-4.7E0));
#1256=LINE('',#1255,#1254);
#1257=DIRECTION('',(-1.E0,0.E0,0.E0));
#1258=VECTOR('',#1257,1.07E0);
#1259=CARTESIAN_POINT('',(1.9435E1,8.035E0,-4.7E0));
#1260=LINE('',#1259,#1258);
#1261=DIRECTION('',(0.E0,0.E0,1.E0));
#1262=VECTOR('',#1261,5.565E0);
#1263=CARTESIAN_POINT('',(1.8365E1,6.965E0,-1.8365E1));
#1264=LINE('',#1263,#1262);
#1265=CARTESIAN_POINT('',(1.8365E1,6.465E0,-1.8365E1));
#1266=DIRECTION('',(1.E0,0.E0,0.E0));
#1267=DIRECTION('',(0.E0,0.E0,-1.E0));
#1268=AXIS2_PLACEMENT_3D('',#1265,#1266,#1267);
#1270=DIRECTION('',(0.E0,1.E0,0.E0));
#1271=VECTOR('',#1270,9.765E0);
#1272=CARTESIAN_POINT('',(1.8365E1,-3.3E0,-1.8865E1));
#1273=LINE('',#1272,#1271);
#1274=DIRECTION('',(0.E0,0.E0,1.E0));
#1275=VECTOR('',#1274,1.07E0);
#1276=CARTESIAN_POINT('',(1.8365E1,-3.3E0,-1.9935E1));
#1277=LINE('',#1276,#1275);
#1278=DIRECTION('',(0.E0,-1.E0,0.E0));
#1279=VECTOR('',#1278,9.765E0);
#1280=CARTESIAN_POINT('',(1.8365E1,6.465E0,-1.9935E1));
#1281=LINE('',#1280,#1279);
#1282=CARTESIAN_POINT('',(1.8365E1,6.465E0,-1.8365E1));
#1283=DIRECTION('',(-1.E0,0.E0,0.E0));
#1284=DIRECTION('',(0.E0,1.E0,0.E0));
#1285=AXIS2_PLACEMENT_3D('',#1282,#1283,#1284);
#1287=DIRECTION('',(0.E0,0.E0,-1.E0));
#1288=VECTOR('',#1287,5.565E0);
#1289=CARTESIAN_POINT('',(1.8365E1,8.035E0,-1.28E1));
#1290=LINE('',#1289,#1288);
#1291=DIRECTION('',(0.E0,0.E0,-1.E0));
#1292=VECTOR('',#1291,5.3E0);
#1293=CARTESIAN_POINT('',(1.8365E1,8.035E0,-4.7E0));
#1294=LINE('',#1293,#1292);
#1295=DIRECTION('',(0.E0,1.E0,0.E0));
#1296=VECTOR('',#1295,1.07E0);
#1297=CARTESIAN_POINT('',(1.8365E1,6.965E0,-4.7E0));
#1298=LINE('',#1297,#1296);
#1299=DIRECTION('',(0.E0,0.E0,1.E0));
#1300=VECTOR('',#1299,5.3E0);
#1301=CARTESIAN_POINT('',(1.8365E1,6.965E0,-1.E1));
#1302=LINE('',#1301,#1300);
#1303=DIRECTION('',(-1.E0,0.E0,0.E0));
#1304=VECTOR('',#1303,1.07E0);
#1305=CARTESIAN_POINT('',(1.9435E1,6.965E0,-1.8365E1));
#1306=LINE('',#1305,#1304);
#1307=DIRECTION('',(-1.E0,0.E0,0.E0));
#1308=VECTOR('',#1307,1.07E0);
#1309=CARTESIAN_POINT('',(1.9435E1,6.465E0,-1.8865E1));
#1310=LINE('',#1309,#1308);
#1311=DIRECTION('',(-1.E0,0.E0,0.E0));
#1312=VECTOR('',#1311,1.07E0);
#1313=CARTESIAN_POINT('',(1.9435E1,-3.3E0,-1.8865E1));
#1314=LINE('',#1313,#1312);
#1315=DIRECTION('',(-1.E0,0.E0,0.E0));
#1316=VECTOR('',#1315,1.07E0);
#1317=CARTESIAN_POINT('',(1.9435E1,-3.3E0,-1.9935E1));
#1318=LINE('',#1317,#1316);
#1319=DIRECTION('',(-1.E0,0.E0,0.E0));
#1320=VECTOR('',#1319,1.07E0);
#1321=CARTESIAN_POINT('',(1.9435E1,6.465E0,-1.9935E1));
#1322=LINE('',#1321,#1320);
#1323=DIRECTION('',(-1.E0,0.E0,0.E0));
#1324=VECTOR('',#1323,1.07E0);
#1325=CARTESIAN_POINT('',(1.9435E1,8.035E0,-1.8365E1));
#1326=LINE('',#1325,#1324);
#1327=DIRECTION('',(0.E0,-1.E0,0.E0));
#1328=VECTOR('',#1327,2.8E0);
#1329=CARTESIAN_POINT('',(1.28E1,4.9E0,-1.E1));
#1330=LINE('',#1329,#1328);
#1331=DIRECTION('',(-1.E0,0.E0,0.E0));
#1332=VECTOR('',#1331,3.8E0);
#1333=CARTESIAN_POINT('',(1.66E1,4.9E0,-1.E1));
#1334=LINE('',#1333,#1332);
#1335=DIRECTION('',(0.E0,1.E0,0.E0));
#1336=VECTOR('',#1335,2.8E0);
#1337=CARTESIAN_POINT('',(1.66E1,2.1E0,-1.E1));
#1338=LINE('',#1337,#1336);
#1339=DIRECTION('',(7.071067811865E-1,7.071067811865E-1,0.E0));
#1340=VECTOR('',#1339,1.131370849898E0);
#1341=CARTESIAN_POINT('',(1.58E1,1.3E0,-1.E1));
#1342=LINE('',#1341,#1340);
#1343=DIRECTION('',(1.E0,0.E0,0.E0));
#1344=VECTOR('',#1343,2.2E0);
#1345=CARTESIAN_POINT('',(1.36E1,1.3E0,-1.E1));
#1346=LINE('',#1345,#1344);
#1347=DIRECTION('',(7.071067811865E-1,-7.071067811865E-1,0.E0));
#1348=VECTOR('',#1347,1.131370849898E0);
#1349=CARTESIAN_POINT('',(1.28E1,2.1E0,-1.E1));
#1350=LINE('',#1349,#1348);
#1351=DIRECTION('',(0.E0,-1.E0,0.E0));
#1352=VECTOR('',#1351,3.6E0);
#1353=CARTESIAN_POINT('',(1.28E1,9.1E0,-1.E1));
#1354=LINE('',#1353,#1352);
#1355=DIRECTION('',(-1.E0,0.E0,0.E0));
#1356=VECTOR('',#1355,3.8E0);
#1357=CARTESIAN_POINT('',(1.66E1,9.1E0,-1.E1));
#1358=LINE('',#1357,#1356);
#1359=DIRECTION('',(0.E0,1.E0,0.E0));
#1360=VECTOR('',#1359,3.6E0);
#1361=CARTESIAN_POINT('',(1.66E1,5.5E0,-1.E1));
#1362=LINE('',#1361,#1360);
#1363=DIRECTION('',(1.E0,0.E0,0.E0));
#1364=VECTOR('',#1363,3.8E0);
#1365=CARTESIAN_POINT('',(1.28E1,5.5E0,-1.E1));
#1366=LINE('',#1365,#1364);
#1367=DIRECTION('',(0.E0,-1.E0,0.E0));
#1368=VECTOR('',#1367,3.E0);
#1369=CARTESIAN_POINT('',(1.7E1,4.9E0,-1.E1));
#1370=LINE('',#1369,#1368);
#1371=DIRECTION('',(-1.E0,0.E0,0.E0));
#1372=VECTOR('',#1371,3.8E0);
#1373=CARTESIAN_POINT('',(2.08E1,4.9E0,-1.E1));
#1374=LINE('',#1373,#1372);
#1375=DIRECTION('',(0.E0,1.E0,0.E0));
#1376=VECTOR('',#1375,3.E0);
#1377=CARTESIAN_POINT('',(2.08E1,1.9E0,-1.E1));
#1378=LINE('',#1377,#1376);
#1379=DIRECTION('',(7.071067811865E-1,7.071067811865E-1,0.E0));
#1380=VECTOR('',#1379,1.131370849898E0);
#1381=CARTESIAN_POINT('',(2.E1,1.1E0,-1.E1));
#1382=LINE('',#1381,#1380);
#1383=DIRECTION('',(1.E0,0.E0,0.E0));
#1384=VECTOR('',#1383,2.2E0);
#1385=CARTESIAN_POINT('',(1.78E1,1.1E0,-1.E1));
#1386=LINE('',#1385,#1384);
#1387=DIRECTION('',(7.071067811865E-1,-7.071067811865E-1,0.E0));
#1388=VECTOR('',#1387,1.131370849898E0);
#1389=CARTESIAN_POINT('',(1.7E1,1.9E0,-1.E1));
#1390=LINE('',#1389,#1388);
#1391=DIRECTION('',(0.E0,-1.E0,0.E0));
#1392=VECTOR('',#1391,3.6E0);
#1393=CARTESIAN_POINT('',(1.7E1,9.1E0,-1.E1));
#1394=LINE('',#1393,#1392);
#1395=DIRECTION('',(-1.E0,0.E0,0.E0));
#1396=VECTOR('',#1395,3.8E0);
#1397=CARTESIAN_POINT('',(2.08E1,9.1E0,-1.E1));
#1398=LINE('',#1397,#1396);
#1399=DIRECTION('',(0.E0,1.E0,0.E0));
#1400=VECTOR('',#1399,3.6E0);
#1401=CARTESIAN_POINT('',(2.08E1,5.5E0,-1.E1));
#1402=LINE('',#1401,#1400);
#1403=DIRECTION('',(1.E0,0.E0,0.E0));
#1404=VECTOR('',#1403,3.8E0);
#1405=CARTESIAN_POINT('',(1.7E1,5.5E0,-1.E1));
#1406=LINE('',#1405,#1404);
#1407=DIRECTION('',(0.E0,1.E0,0.E0));
#1408=VECTOR('',#1407,1.07E0);
#1409=CARTESIAN_POINT('',(1.9435E1,6.965E0,-1.E1));
#1410=LINE('',#1409,#1408);
#1411=DIRECTION('',(-1.E0,0.E0,0.E0));
#1412=VECTOR('',#1411,1.07E0);
#1413=CARTESIAN_POINT('',(1.9435E1,8.035E0,-1.E1));
#1414=LINE('',#1413,#1412);
#1415=DIRECTION('',(0.E0,1.E0,0.E0));
#1416=VECTOR('',#1415,1.07E0);
#1417=CARTESIAN_POINT('',(1.8365E1,6.965E0,-1.E1));
#1418=LINE('',#1417,#1416);
#1419=DIRECTION('',(-1.E0,0.E0,0.E0));
#1420=VECTOR('',#1419,1.07E0);
#1421=CARTESIAN_POINT('',(1.9435E1,6.965E0,-1.E1));
#1422=LINE('',#1421,#1420);
#1423=DIRECTION('',(0.E0,1.E0,0.E0));
#1424=VECTOR('',#1423,1.07E0);
#1425=CARTESIAN_POINT('',(1.5235E1,6.965E0,-1.E1));
#1426=LINE('',#1425,#1424);
#1427=DIRECTION('',(-1.E0,0.E0,0.E0));
#1428=VECTOR('',#1427,1.07E0);
#1429=CARTESIAN_POINT('',(1.5235E1,8.035E0,-1.E1));
#1430=LINE('',#1429,#1428);
#1431=DIRECTION('',(0.E0,1.E0,0.E0));
#1432=VECTOR('',#1431,1.07E0);
#1433=CARTESIAN_POINT('',(1.4165E1,6.965E0,-1.E1));
#1434=LINE('',#1433,#1432);
#1435=DIRECTION('',(-1.E0,0.E0,0.E0));
#1436=VECTOR('',#1435,1.07E0);
#1437=CARTESIAN_POINT('',(1.5235E1,6.965E0,-1.E1));
#1438=LINE('',#1437,#1436);
#1439=DIRECTION('',(0.E0,1.E0,0.E0));
#1440=VECTOR('',#1439,1.07E0);
#1441=CARTESIAN_POINT('',(1.9435E1,2.765E0,-1.E1));
#1442=LINE('',#1441,#1440);
#1443=DIRECTION('',(-1.E0,0.E0,0.E0));
#1444=VECTOR('',#1443,1.07E0);
#1445=CARTESIAN_POINT('',(1.9435E1,3.835E0,-1.E1));
#1446=LINE('',#1445,#1444);
#1447=DIRECTION('',(0.E0,1.E0,0.E0));
#1448=VECTOR('',#1447,1.07E0);
#1449=CARTESIAN_POINT('',(1.8365E1,2.765E0,-1.E1));
#1450=LINE('',#1449,#1448);
#1451=DIRECTION('',(-1.E0,0.E0,0.E0));
#1452=VECTOR('',#1451,1.07E0);
#1453=CARTESIAN_POINT('',(1.9435E1,2.765E0,-1.E1));
#1454=LINE('',#1453,#1452);
#1455=DIRECTION('',(0.E0,1.E0,0.E0));
#1456=VECTOR('',#1455,1.07E0);
#1457=CARTESIAN_POINT('',(1.5235E1,2.765E0,-1.E1));
#1458=LINE('',#1457,#1456);
#1459=DIRECTION('',(-1.E0,0.E0,0.E0));
#1460=VECTOR('',#1459,1.07E0);
#1461=CARTESIAN_POINT('',(1.5235E1,3.835E0,-1.E1));
#1462=LINE('',#1461,#1460);
#1463=DIRECTION('',(0.E0,1.E0,0.E0));
#1464=VECTOR('',#1463,1.07E0);
#1465=CARTESIAN_POINT('',(1.4165E1,2.765E0,-1.E1));
#1466=LINE('',#1465,#1464);
#1467=DIRECTION('',(-1.E0,0.E0,0.E0));
#1468=VECTOR('',#1467,1.07E0);
#1469=CARTESIAN_POINT('',(1.5235E1,2.765E0,-1.E1));
#1470=LINE('',#1469,#1468);
#1471=DIRECTION('',(0.E0,0.E0,-1.E0));
#1472=VECTOR('',#1471,1.E1);
#1473=CARTESIAN_POINT('',(1.28E1,4.9E0,0.E0));
#1474=LINE('',#1473,#1472);
#1475=DIRECTION('',(0.E0,0.E0,-1.E0));
#1476=VECTOR('',#1475,1.E1);
#1477=CARTESIAN_POINT('',(1.66E1,4.9E0,0.E0));
#1478=LINE('',#1477,#1476);
#1479=DIRECTION('',(0.E0,0.E0,-1.E0));
#1480=VECTOR('',#1479,1.E1);
#1481=CARTESIAN_POINT('',(1.66E1,2.1E0,0.E0));
#1482=LINE('',#1481,#1480);
#1483=DIRECTION('',(0.E0,0.E0,-1.E0));
#1484=VECTOR('',#1483,1.E1);
#1485=CARTESIAN_POINT('',(1.58E1,1.3E0,0.E0));
#1486=LINE('',#1485,#1484);
#1487=DIRECTION('',(0.E0,0.E0,-1.E0));
#1488=VECTOR('',#1487,1.E1);
#1489=CARTESIAN_POINT('',(1.36E1,1.3E0,0.E0));
#1490=LINE('',#1489,#1488);
#1491=DIRECTION('',(0.E0,0.E0,-1.E0));
#1492=VECTOR('',#1491,1.E1);
#1493=CARTESIAN_POINT('',(1.28E1,2.1E0,0.E0));
#1494=LINE('',#1493,#1492);
#1495=DIRECTION('',(0.E0,0.E0,-1.E0));
#1496=VECTOR('',#1495,1.E1);
#1497=CARTESIAN_POINT('',(1.28E1,9.1E0,0.E0));
#1498=LINE('',#1497,#1496);
#1499=DIRECTION('',(0.E0,0.E0,-1.E0));
#1500=VECTOR('',#1499,1.E1);
#1501=CARTESIAN_POINT('',(1.66E1,9.1E0,0.E0));
#1502=LINE('',#1501,#1500);
#1503=DIRECTION('',(0.E0,0.E0,-1.E0));
#1504=VECTOR('',#1503,1.E1);
#1505=CARTESIAN_POINT('',(1.66E1,5.5E0,0.E0));
#1506=LINE('',#1505,#1504);
#1507=DIRECTION('',(0.E0,0.E0,-1.E0));
#1508=VECTOR('',#1507,1.E1);
#1509=CARTESIAN_POINT('',(1.28E1,5.5E0,0.E0));
#1510=LINE('',#1509,#1508);
#1511=DIRECTION('',(0.E0,0.E0,-1.E0));
#1512=VECTOR('',#1511,1.E1);
#1513=CARTESIAN_POINT('',(1.7E1,4.9E0,0.E0));
#1514=LINE('',#1513,#1512);
#1515=DIRECTION('',(0.E0,0.E0,-1.E0));
#1516=VECTOR('',#1515,1.E1);
#1517=CARTESIAN_POINT('',(2.08E1,4.9E0,0.E0));
#1518=LINE('',#1517,#1516);
#1519=DIRECTION('',(0.E0,0.E0,-1.E0));
#1520=VECTOR('',#1519,1.E1);
#1521=CARTESIAN_POINT('',(2.08E1,1.9E0,0.E0));
#1522=LINE('',#1521,#1520);
#1523=DIRECTION('',(0.E0,0.E0,-1.E0));
#1524=VECTOR('',#1523,1.E1);
#1525=CARTESIAN_POINT('',(2.E1,1.1E0,0.E0));
#1526=LINE('',#1525,#1524);
#1527=DIRECTION('',(0.E0,0.E0,-1.E0));
#1528=VECTOR('',#1527,1.E1);
#1529=CARTESIAN_POINT('',(1.78E1,1.1E0,0.E0));
#1530=LINE('',#1529,#1528);
#1531=DIRECTION('',(0.E0,0.E0,-1.E0));
#1532=VECTOR('',#1531,1.E1);
#1533=CARTESIAN_POINT('',(1.7E1,1.9E0,0.E0));
#1534=LINE('',#1533,#1532);
#1535=DIRECTION('',(0.E0,0.E0,-1.E0));
#1536=VECTOR('',#1535,1.E1);
#1537=CARTESIAN_POINT('',(1.7E1,9.1E0,0.E0));
#1538=LINE('',#1537,#1536);
#1539=DIRECTION('',(0.E0,0.E0,-1.E0));
#1540=VECTOR('',#1539,1.E1);
#1541=CARTESIAN_POINT('',(2.08E1,9.1E0,0.E0));
#1542=LINE('',#1541,#1540);
#1543=DIRECTION('',(0.E0,0.E0,-1.E0));
#1544=VECTOR('',#1543,1.E1);
#1545=CARTESIAN_POINT('',(2.08E1,5.5E0,0.E0));
#1546=LINE('',#1545,#1544);
#1547=DIRECTION('',(0.E0,0.E0,-1.E0));
#1548=VECTOR('',#1547,1.E1);
#1549=CARTESIAN_POINT('',(1.7E1,5.5E0,0.E0));
#1550=LINE('',#1549,#1548);
#1551=DIRECTION('',(0.E0,0.E0,-1.E0));
#1552=VECTOR('',#1551,5.565E0);
#1553=CARTESIAN_POINT('',(1.5235E1,8.035E0,-1.28E1));
#1554=LINE('',#1553,#1552);
#1555=CARTESIAN_POINT('',(1.5235E1,6.465E0,-1.8365E1));
#1556=DIRECTION('',(-1.E0,0.E0,0.E0));
#1557=DIRECTION('',(0.E0,1.E0,0.E0));
#1558=AXIS2_PLACEMENT_3D('',#1555,#1556,#1557);
#1560=DIRECTION('',(0.E0,-1.E0,0.E0));
#1561=VECTOR('',#1560,9.765E0);
#1562=CARTESIAN_POINT('',(1.5235E1,6.465E0,-1.9935E1));
#1563=LINE('',#1562,#1561);
#1564=DIRECTION('',(0.E0,0.E0,1.E0));
#1565=VECTOR('',#1564,1.07E0);
#1566=CARTESIAN_POINT('',(1.5235E1,-3.3E0,-1.9935E1));
#1567=LINE('',#1566,#1565);
#1568=DIRECTION('',(0.E0,1.E0,0.E0));
#1569=VECTOR('',#1568,9.765E0);
#1570=CARTESIAN_POINT('',(1.5235E1,-3.3E0,-1.8865E1));
#1571=LINE('',#1570,#1569);
#1572=CARTESIAN_POINT('',(1.5235E1,6.465E0,-1.8365E1));
#1573=DIRECTION('',(1.E0,0.E0,0.E0));
#1574=DIRECTION('',(0.E0,0.E0,-1.E0));
#1575=AXIS2_PLACEMENT_3D('',#1572,#1573,#1574);
#1577=DIRECTION('',(0.E0,0.E0,1.E0));
#1578=VECTOR('',#1577,5.565E0);
#1579=CARTESIAN_POINT('',(1.5235E1,6.965E0,-1.8365E1));
#1580=LINE('',#1579,#1578);
#1581=DIRECTION('',(0.E0,0.E0,1.E0));
#1582=VECTOR('',#1581,5.3E0);
#1583=CARTESIAN_POINT('',(1.5235E1,6.965E0,-1.E1));
#1584=LINE('',#1583,#1582);
#1585=DIRECTION('',(0.E0,1.E0,0.E0));
#1586=VECTOR('',#1585,1.07E0);
#1587=CARTESIAN_POINT('',(1.5235E1,6.965E0,-4.7E0));
#1588=LINE('',#1587,#1586);
#1589=DIRECTION('',(0.E0,0.E0,-1.E0));
#1590=VECTOR('',#1589,5.3E0);
#1591=CARTESIAN_POINT('',(1.5235E1,8.035E0,-4.7E0));
#1592=LINE('',#1591,#1590);
#1593=DIRECTION('',(-1.E0,0.E0,0.E0));
#1594=VECTOR('',#1593,1.07E0);
#1595=CARTESIAN_POINT('',(1.5235E1,8.035E0,-4.7E0));
#1596=LINE('',#1595,#1594);
#1597=DIRECTION('',(0.E0,0.E0,1.E0));
#1598=VECTOR('',#1597,5.565E0);
#1599=CARTESIAN_POINT('',(1.4165E1,6.965E0,-1.8365E1));
#1600=LINE('',#1599,#1598);
#1601=CARTESIAN_POINT('',(1.4165E1,6.465E0,-1.8365E1));
#1602=DIRECTION('',(1.E0,0.E0,0.E0));
#1603=DIRECTION('',(0.E0,0.E0,-1.E0));
#1604=AXIS2_PLACEMENT_3D('',#1601,#1602,#1603);
#1606=DIRECTION('',(0.E0,1.E0,0.E0));
#1607=VECTOR('',#1606,9.765E0);
#1608=CARTESIAN_POINT('',(1.4165E1,-3.3E0,-1.8865E1));
#1609=LINE('',#1608,#1607);
#1610=DIRECTION('',(0.E0,0.E0,1.E0));
#1611=VECTOR('',#1610,1.07E0);
#1612=CARTESIAN_POINT('',(1.4165E1,-3.3E0,-1.9935E1));
#1613=LINE('',#1612,#1611);
#1614=DIRECTION('',(0.E0,-1.E0,0.E0));
#1615=VECTOR('',#1614,9.765E0);
#1616=CARTESIAN_POINT('',(1.4165E1,6.465E0,-1.9935E1));
#1617=LINE('',#1616,#1615);
#1618=CARTESIAN_POINT('',(1.4165E1,6.465E0,-1.8365E1));
#1619=DIRECTION('',(-1.E0,0.E0,0.E0));
#1620=DIRECTION('',(0.E0,1.E0,0.E0));
#1621=AXIS2_PLACEMENT_3D('',#1618,#1619,#1620);
#1623=DIRECTION('',(0.E0,0.E0,-1.E0));
#1624=VECTOR('',#1623,5.565E0);
#1625=CARTESIAN_POINT('',(1.4165E1,8.035E0,-1.28E1));
#1626=LINE('',#1625,#1624);
#1627=DIRECTION('',(0.E0,0.E0,-1.E0));
#1628=VECTOR('',#1627,5.3E0);
#1629=CARTESIAN_POINT('',(1.4165E1,8.035E0,-4.7E0));
#1630=LINE('',#1629,#1628);
#1631=DIRECTION('',(0.E0,1.E0,0.E0));
#1632=VECTOR('',#1631,1.07E0);
#1633=CARTESIAN_POINT('',(1.4165E1,6.965E0,-4.7E0));
#1634=LINE('',#1633,#1632);
#1635=DIRECTION('',(0.E0,0.E0,1.E0));
#1636=VECTOR('',#1635,5.3E0);
#1637=CARTESIAN_POINT('',(1.4165E1,6.965E0,-1.E1));
#1638=LINE('',#1637,#1636);
#1639=DIRECTION('',(-1.E0,0.E0,0.E0));
#1640=VECTOR('',#1639,1.07E0);
#1641=CARTESIAN_POINT('',(1.5235E1,6.965E0,-1.8365E1));
#1642=LINE('',#1641,#1640);
#1643=DIRECTION('',(-1.E0,0.E0,0.E0));
#1644=VECTOR('',#1643,1.07E0);
#1645=CARTESIAN_POINT('',(1.5235E1,6.465E0,-1.8865E1));
#1646=LINE('',#1645,#1644);
#1647=DIRECTION('',(-1.E0,0.E0,0.E0));
#1648=VECTOR('',#1647,1.07E0);
#1649=CARTESIAN_POINT('',(1.5235E1,-3.3E0,-1.8865E1));
#1650=LINE('',#1649,#1648);
#1651=DIRECTION('',(-1.E0,0.E0,0.E0));
#1652=VECTOR('',#1651,1.07E0);
#1653=CARTESIAN_POINT('',(1.5235E1,-3.3E0,-1.9935E1));
#1654=LINE('',#1653,#1652);
#1655=DIRECTION('',(-1.E0,0.E0,0.E0));
#1656=VECTOR('',#1655,1.07E0);
#1657=CARTESIAN_POINT('',(1.5235E1,6.465E0,-1.9935E1));
#1658=LINE('',#1657,#1656);
#1659=DIRECTION('',(-1.E0,0.E0,0.E0));
#1660=VECTOR('',#1659,1.07E0);
#1661=CARTESIAN_POINT('',(1.5235E1,8.035E0,-1.8365E1));
#1662=LINE('',#1661,#1660);
#1663=DIRECTION('',(-1.E0,0.E0,0.E0));
#1664=VECTOR('',#1663,1.07E0);
#1665=CARTESIAN_POINT('',(1.5235E1,6.965E0,-4.7E0));
#1666=LINE('',#1665,#1664);
#1667=DIRECTION('',(0.E0,0.E0,-1.E0));
#1668=VECTOR('',#1667,2.65E-1);
#1669=CARTESIAN_POINT('',(1.9435E1,3.835E0,-1.28E1));
#1670=LINE('',#1669,#1668);
#1671=CARTESIAN_POINT('',(1.9435E1,2.465E0,-1.3065E1));
#1672=DIRECTION('',(-1.E0,0.E0,0.E0));
#1673=DIRECTION('',(0.E0,1.E0,-2.204238413854E-14));
#1674=AXIS2_PLACEMENT_3D('',#1671,#1672,#1673);
#1676=DIRECTION('',(0.E0,-1.E0,0.E0));
#1677=VECTOR('',#1676,5.765E0);
#1678=CARTESIAN_POINT('',(1.9435E1,2.465E0,-1.4435E1));
#1679=LINE('',#1678,#1677);
#1680=DIRECTION('',(0.E0,0.E0,1.E0));
#1681=VECTOR('',#1680,1.07E0);
#1682=CARTESIAN_POINT('',(1.9435E1,-3.3E0,-1.4435E1));
#1683=LINE('',#1682,#1681);
#1684=DIRECTION('',(0.E0,1.E0,0.E0));
#1685=VECTOR('',#1684,5.765E0);
#1686=CARTESIAN_POINT('',(1.9435E1,-3.3E0,-1.3365E1));
#1687=LINE('',#1686,#1685);
#1688=CARTESIAN_POINT('',(1.9435E1,2.465E0,-1.3065E1));
#1689=DIRECTION('',(1.E0,0.E0,0.E0));
#1690=DIRECTION('',(0.E0,6.809367884368E-14,-1.E0));
#1691=AXIS2_PLACEMENT_3D('',#1688,#1689,#1690);
#1693=DIRECTION('',(0.E0,0.E0,1.E0));
#1694=VECTOR('',#1693,2.65E-1);
#1695=CARTESIAN_POINT('',(1.9435E1,2.765E0,-1.3065E1));
#1696=LINE('',#1695,#1694);
#1697=DIRECTION('',(0.E0,0.E0,1.E0));
#1698=VECTOR('',#1697,5.3E0);
#1699=CARTESIAN_POINT('',(1.9435E1,2.765E0,-1.E1));
#1700=LINE('',#1699,#1698);
#1701=DIRECTION('',(0.E0,1.E0,0.E0));
#1702=VECTOR('',#1701,1.07E0);
#1703=CARTESIAN_POINT('',(1.9435E1,2.765E0,-4.7E0));
#1704=LINE('',#1703,#1702);
#1705=DIRECTION('',(0.E0,0.E0,-1.E0));
#1706=VECTOR('',#1705,5.3E0);
#1707=CARTESIAN_POINT('',(1.9435E1,3.835E0,-4.7E0));
#1708=LINE('',#1707,#1706);
#1709=DIRECTION('',(-1.E0,0.E0,0.E0));
#1710=VECTOR('',#1709,1.07E0);
#1711=CARTESIAN_POINT('',(1.9435E1,3.835E0,-4.7E0));
#1712=LINE('',#1711,#1710);
#1713=DIRECTION('',(0.E0,0.E0,1.E0));
#1714=VECTOR('',#1713,2.65E-1);
#1715=CARTESIAN_POINT('',(1.8365E1,2.765E0,-1.3065E1));
#1716=LINE('',#1715,#1714);
#1717=CARTESIAN_POINT('',(1.8365E1,2.465E0,-1.3065E1));
#1718=DIRECTION('',(1.E0,0.E0,0.E0));
#1719=DIRECTION('',(0.E0,6.809367884368E-14,-1.E0));
#1720=AXIS2_PLACEMENT_3D('',#1717,#1718,#1719);
#1722=DIRECTION('',(0.E0,1.E0,0.E0));
#1723=VECTOR('',#1722,5.765E0);
#1724=CARTESIAN_POINT('',(1.8365E1,-3.3E0,-1.3365E1));
#1725=LINE('',#1724,#1723);
#1726=DIRECTION('',(0.E0,0.E0,1.E0));
#1727=VECTOR('',#1726,1.07E0);
#1728=CARTESIAN_POINT('',(1.8365E1,-3.3E0,-1.4435E1));
#1729=LINE('',#1728,#1727);
#1730=DIRECTION('',(0.E0,-1.E0,0.E0));
#1731=VECTOR('',#1730,5.765E0);
#1732=CARTESIAN_POINT('',(1.8365E1,2.465E0,-1.4435E1));
#1733=LINE('',#1732,#1731);
#1734=CARTESIAN_POINT('',(1.8365E1,2.465E0,-1.3065E1));
#1735=DIRECTION('',(-1.E0,0.E0,0.E0));
#1736=DIRECTION('',(0.E0,1.E0,-2.204238413854E-14));
#1737=AXIS2_PLACEMENT_3D('',#1734,#1735,#1736);
#1739=DIRECTION('',(0.E0,0.E0,-1.E0));
#1740=VECTOR('',#1739,2.65E-1);
#1741=CARTESIAN_POINT('',(1.8365E1,3.835E0,-1.28E1));
#1742=LINE('',#1741,#1740);
#1743=DIRECTION('',(0.E0,0.E0,-1.E0));
#1744=VECTOR('',#1743,5.3E0);
#1745=CARTESIAN_POINT('',(1.8365E1,3.835E0,-4.7E0));
#1746=LINE('',#1745,#1744);
#1747=DIRECTION('',(0.E0,1.E0,0.E0));
#1748=VECTOR('',#1747,1.07E0);
#1749=CARTESIAN_POINT('',(1.8365E1,2.765E0,-4.7E0));
#1750=LINE('',#1749,#1748);
#1751=DIRECTION('',(0.E0,0.E0,1.E0));
#1752=VECTOR('',#1751,5.3E0);
#1753=CARTESIAN_POINT('',(1.8365E1,2.765E0,-1.E1));
#1754=LINE('',#1753,#1752);
#1755=DIRECTION('',(-1.E0,0.E0,0.E0));
#1756=VECTOR('',#1755,1.07E0);
#1757=CARTESIAN_POINT('',(1.9435E1,2.765E0,-1.3065E1));
#1758=LINE('',#1757,#1756);
#1759=DIRECTION('',(-1.E0,0.E0,0.E0));
#1760=VECTOR('',#1759,1.07E0);
#1761=CARTESIAN_POINT('',(1.9435E1,2.465E0,-1.3365E1));
#1762=LINE('',#1761,#1760);
#1763=DIRECTION('',(-1.E0,0.E0,0.E0));
#1764=VECTOR('',#1763,1.07E0);
#1765=CARTESIAN_POINT('',(1.9435E1,-3.3E0,-1.3365E1));
#1766=LINE('',#1765,#1764);
#1767=DIRECTION('',(-1.E0,0.E0,0.E0));
#1768=VECTOR('',#1767,1.07E0);
#1769=CARTESIAN_POINT('',(1.9435E1,-3.3E0,-1.4435E1));
#1770=LINE('',#1769,#1768);
#1771=DIRECTION('',(-1.E0,0.E0,0.E0));
#1772=VECTOR('',#1771,1.07E0);
#1773=CARTESIAN_POINT('',(1.9435E1,2.465E0,-1.4435E1));
#1774=LINE('',#1773,#1772);
#1775=DIRECTION('',(-1.E0,0.E0,0.E0));
#1776=VECTOR('',#1775,1.07E0);
#1777=CARTESIAN_POINT('',(1.9435E1,3.835E0,-1.3065E1));
#1778=LINE('',#1777,#1776);
#1779=DIRECTION('',(-1.E0,0.E0,0.E0));
#1780=VECTOR('',#1779,1.07E0);
#1781=CARTESIAN_POINT('',(1.9435E1,2.765E0,-4.7E0));
#1782=LINE('',#1781,#1780);
#1783=DIRECTION('',(0.E0,0.E0,-1.E0));
#1784=VECTOR('',#1783,2.65E-1);
#1785=CARTESIAN_POINT('',(1.5235E1,3.835E0,-1.28E1));
#1786=LINE('',#1785,#1784);
#1787=CARTESIAN_POINT('',(1.5235E1,2.465E0,-1.3065E1));
#1788=DIRECTION('',(-1.E0,0.E0,0.E0));
#1789=DIRECTION('',(0.E0,1.E0,-2.204238413854E-14));
#1790=AXIS2_PLACEMENT_3D('',#1787,#1788,#1789);
#1792=DIRECTION('',(0.E0,-1.E0,0.E0));
#1793=VECTOR('',#1792,5.765E0);
#1794=CARTESIAN_POINT('',(1.5235E1,2.465E0,-1.4435E1));
#1795=LINE('',#1794,#1793);
#1796=DIRECTION('',(0.E0,0.E0,1.E0));
#1797=VECTOR('',#1796,1.07E0);
#1798=CARTESIAN_POINT('',(1.5235E1,-3.3E0,-1.4435E1));
#1799=LINE('',#1798,#1797);
#1800=DIRECTION('',(0.E0,1.E0,0.E0));
#1801=VECTOR('',#1800,5.765E0);
#1802=CARTESIAN_POINT('',(1.5235E1,-3.3E0,-1.3365E1));
#1803=LINE('',#1802,#1801);
#1804=CARTESIAN_POINT('',(1.5235E1,2.465E0,-1.3065E1));
#1805=DIRECTION('',(1.E0,0.E0,0.E0));
#1806=DIRECTION('',(0.E0,6.809367884368E-14,-1.E0));
#1807=AXIS2_PLACEMENT_3D('',#1804,#1805,#1806);
#1809=DIRECTION('',(0.E0,0.E0,1.E0));
#1810=VECTOR('',#1809,2.65E-1);
#1811=CARTESIAN_POINT('',(1.5235E1,2.765E0,-1.3065E1));
#1812=LINE('',#1811,#1810);
#1813=DIRECTION('',(0.E0,0.E0,1.E0));
#1814=VECTOR('',#1813,5.3E0);
#1815=CARTESIAN_POINT('',(1.5235E1,2.765E0,-1.E1));
#1816=LINE('',#1815,#1814);
#1817=DIRECTION('',(0.E0,1.E0,0.E0));
#1818=VECTOR('',#1817,1.07E0);
#1819=CARTESIAN_POINT('',(1.5235E1,2.765E0,-4.7E0));
#1820=LINE('',#1819,#1818);
#1821=DIRECTION('',(0.E0,0.E0,-1.E0));
#1822=VECTOR('',#1821,5.3E0);
#1823=CARTESIAN_POINT('',(1.5235E1,3.835E0,-4.7E0));
#1824=LINE('',#1823,#1822);
#1825=DIRECTION('',(-1.E0,0.E0,0.E0));
#1826=VECTOR('',#1825,1.07E0);
#1827=CARTESIAN_POINT('',(1.5235E1,3.835E0,-4.7E0));
#1828=LINE('',#1827,#1826);
#1829=DIRECTION('',(0.E0,0.E0,1.E0));
#1830=VECTOR('',#1829,2.65E-1);
#1831=CARTESIAN_POINT('',(1.4165E1,2.765E0,-1.3065E1));
#1832=LINE('',#1831,#1830);
#1833=CARTESIAN_POINT('',(1.4165E1,2.465E0,-1.3065E1));
#1834=DIRECTION('',(1.E0,0.E0,0.E0));
#1835=DIRECTION('',(0.E0,6.809367884368E-14,-1.E0));
#1836=AXIS2_PLACEMENT_3D('',#1833,#1834,#1835);
#1838=DIRECTION('',(0.E0,1.E0,0.E0));
#1839=VECTOR('',#1838,5.765E0);
#1840=CARTESIAN_POINT('',(1.4165E1,-3.3E0,-1.3365E1));
#1841=LINE('',#1840,#1839);
#1842=DIRECTION('',(0.E0,0.E0,1.E0));
#1843=VECTOR('',#1842,1.07E0);
#1844=CARTESIAN_POINT('',(1.4165E1,-3.3E0,-1.4435E1));
#1845=LINE('',#1844,#1843);
#1846=DIRECTION('',(0.E0,-1.E0,0.E0));
#1847=VECTOR('',#1846,5.765E0);
#1848=CARTESIAN_POINT('',(1.4165E1,2.465E0,-1.4435E1));
#1849=LINE('',#1848,#1847);
#1850=CARTESIAN_POINT('',(1.4165E1,2.465E0,-1.3065E1));
#1851=DIRECTION('',(-1.E0,0.E0,0.E0));
#1852=DIRECTION('',(0.E0,1.E0,-2.204238413854E-14));
#1853=AXIS2_PLACEMENT_3D('',#1850,#1851,#1852);
#1855=DIRECTION('',(0.E0,0.E0,-1.E0));
#1856=VECTOR('',#1855,2.65E-1);
#1857=CARTESIAN_POINT('',(1.4165E1,3.835E0,-1.28E1));
#1858=LINE('',#1857,#1856);
#1859=DIRECTION('',(0.E0,0.E0,-1.E0));
#1860=VECTOR('',#1859,5.3E0);
#1861=CARTESIAN_POINT('',(1.4165E1,3.835E0,-4.7E0));
#1862=LINE('',#1861,#1860);
#1863=DIRECTION('',(0.E0,1.E0,0.E0));
#1864=VECTOR('',#1863,1.07E0);
#1865=CARTESIAN_POINT('',(1.4165E1,2.765E0,-4.7E0));
#1866=LINE('',#1865,#1864);
#1867=DIRECTION('',(0.E0,0.E0,1.E0));
#1868=VECTOR('',#1867,5.3E0);
#1869=CARTESIAN_POINT('',(1.4165E1,2.765E0,-1.E1));
#1870=LINE('',#1869,#1868);
#1871=DIRECTION('',(-1.E0,0.E0,0.E0));
#1872=VECTOR('',#1871,1.07E0);
#1873=CARTESIAN_POINT('',(1.5235E1,2.765E0,-1.3065E1));
#1874=LINE('',#1873,#1872);
#1875=DIRECTION('',(-1.E0,0.E0,0.E0));
#1876=VECTOR('',#1875,1.07E0);
#1877=CARTESIAN_POINT('',(1.5235E1,2.465E0,-1.3365E1));
#1878=LINE('',#1877,#1876);
#1879=DIRECTION('',(-1.E0,0.E0,0.E0));
#1880=VECTOR('',#1879,1.07E0);
#1881=CARTESIAN_POINT('',(1.5235E1,-3.3E0,-1.3365E1));
#1882=LINE('',#1881,#1880);
#1883=DIRECTION('',(-1.E0,0.E0,0.E0));
#1884=VECTOR('',#1883,1.07E0);
#1885=CARTESIAN_POINT('',(1.5235E1,-3.3E0,-1.4435E1));
#1886=LINE('',#1885,#1884);
#1887=DIRECTION('',(-1.E0,0.E0,0.E0));
#1888=VECTOR('',#1887,1.07E0);
#1889=CARTESIAN_POINT('',(1.5235E1,2.465E0,-1.4435E1));
#1890=LINE('',#1889,#1888);
#1891=DIRECTION('',(-1.E0,0.E0,0.E0));
#1892=VECTOR('',#1891,1.07E0);
#1893=CARTESIAN_POINT('',(1.5235E1,3.835E0,-1.3065E1));
#1894=LINE('',#1893,#1892);
#1895=DIRECTION('',(-1.E0,0.E0,0.E0));
#1896=VECTOR('',#1895,1.07E0);
#1897=CARTESIAN_POINT('',(1.5235E1,2.765E0,-4.7E0));
#1898=LINE('',#1897,#1896);
#1899=DIRECTION('',(-1.E0,0.E0,0.E0));
#1900=VECTOR('',#1899,1.07E0);
#1901=CARTESIAN_POINT('',(1.9435E1,6.965E0,-4.7E0));
#1902=LINE('',#1901,#1900);
#1903=DIRECTION('',(0.E0,0.E0,-1.E0));
#1904=VECTOR('',#1903,5.565E0);
#1905=CARTESIAN_POINT('',(1.1035E1,8.035E0,-1.28E1));
#1906=LINE('',#1905,#1904);
#1907=CARTESIAN_POINT('',(1.1035E1,6.465E0,-1.8365E1));
#1908=DIRECTION('',(-1.E0,0.E0,0.E0));
#1909=DIRECTION('',(0.E0,1.E0,0.E0));
#1910=AXIS2_PLACEMENT_3D('',#1907,#1908,#1909);
#1912=DIRECTION('',(0.E0,-1.E0,0.E0));
#1913=VECTOR('',#1912,9.765E0);
#1914=CARTESIAN_POINT('',(1.1035E1,6.465E0,-1.9935E1));
#1915=LINE('',#1914,#1913);
#1916=DIRECTION('',(0.E0,0.E0,1.E0));
#1917=VECTOR('',#1916,1.07E0);
#1918=CARTESIAN_POINT('',(1.1035E1,-3.3E0,-1.9935E1));
#1919=LINE('',#1918,#1917);
#1920=DIRECTION('',(0.E0,1.E0,0.E0));
#1921=VECTOR('',#1920,9.765E0);
#1922=CARTESIAN_POINT('',(1.1035E1,-3.3E0,-1.8865E1));
#1923=LINE('',#1922,#1921);
#1924=CARTESIAN_POINT('',(1.1035E1,6.465E0,-1.8365E1));
#1925=DIRECTION('',(1.E0,0.E0,0.E0));
#1926=DIRECTION('',(0.E0,0.E0,-1.E0));
#1927=AXIS2_PLACEMENT_3D('',#1924,#1925,#1926);
#1929=DIRECTION('',(0.E0,0.E0,1.E0));
#1930=VECTOR('',#1929,5.565E0);
#1931=CARTESIAN_POINT('',(1.1035E1,6.965E0,-1.8365E1));
#1932=LINE('',#1931,#1930);
#1933=DIRECTION('',(0.E0,0.E0,1.E0));
#1934=VECTOR('',#1933,5.3E0);
#1935=CARTESIAN_POINT('',(1.1035E1,6.965E0,-1.E1));
#1936=LINE('',#1935,#1934);
#1937=DIRECTION('',(0.E0,1.E0,0.E0));
#1938=VECTOR('',#1937,1.07E0);
#1939=CARTESIAN_POINT('',(1.1035E1,6.965E0,-4.7E0));
#1940=LINE('',#1939,#1938);
#1941=DIRECTION('',(0.E0,0.E0,-1.E0));
#1942=VECTOR('',#1941,5.3E0);
#1943=CARTESIAN_POINT('',(1.1035E1,8.035E0,-4.7E0));
#1944=LINE('',#1943,#1942);
#1945=DIRECTION('',(-1.E0,0.E0,0.E0));
#1946=VECTOR('',#1945,1.07E0);
#1947=CARTESIAN_POINT('',(1.1035E1,8.035E0,-4.7E0));
#1948=LINE('',#1947,#1946);
#1949=DIRECTION('',(0.E0,0.E0,1.E0));
#1950=VECTOR('',#1949,5.565E0);
#1951=CARTESIAN_POINT('',(9.965E0,6.965E0,-1.8365E1));
#1952=LINE('',#1951,#1950);
#1953=CARTESIAN_POINT('',(9.965E0,6.465E0,-1.8365E1));
#1954=DIRECTION('',(1.E0,0.E0,0.E0));
#1955=DIRECTION('',(0.E0,0.E0,-1.E0));
#1956=AXIS2_PLACEMENT_3D('',#1953,#1954,#1955);
#1958=DIRECTION('',(0.E0,1.E0,0.E0));
#1959=VECTOR('',#1958,9.765E0);
#1960=CARTESIAN_POINT('',(9.965E0,-3.3E0,-1.8865E1));
#1961=LINE('',#1960,#1959);
#1962=DIRECTION('',(0.E0,0.E0,1.E0));
#1963=VECTOR('',#1962,1.07E0);
#1964=CARTESIAN_POINT('',(9.965E0,-3.3E0,-1.9935E1));
#1965=LINE('',#1964,#1963);
#1966=DIRECTION('',(0.E0,-1.E0,0.E0));
#1967=VECTOR('',#1966,9.765E0);
#1968=CARTESIAN_POINT('',(9.965E0,6.465E0,-1.9935E1));
#1969=LINE('',#1968,#1967);
#1970=CARTESIAN_POINT('',(9.965E0,6.465E0,-1.8365E1));
#1971=DIRECTION('',(-1.E0,0.E0,0.E0));
#1972=DIRECTION('',(0.E0,1.E0,0.E0));
#1973=AXIS2_PLACEMENT_3D('',#1970,#1971,#1972);
#1975=DIRECTION('',(0.E0,0.E0,-1.E0));
#1976=VECTOR('',#1975,5.565E0);
#1977=CARTESIAN_POINT('',(9.965E0,8.035E0,-1.28E1));
#1978=LINE('',#1977,#1976);
#1979=DIRECTION('',(0.E0,0.E0,-1.E0));
#1980=VECTOR('',#1979,5.3E0);
#1981=CARTESIAN_POINT('',(9.965E0,8.035E0,-4.7E0));
#1982=LINE('',#1981,#1980);
#1983=DIRECTION('',(0.E0,1.E0,0.E0));
#1984=VECTOR('',#1983,1.07E0);
#1985=CARTESIAN_POINT('',(9.965E0,6.965E0,-4.7E0));
#1986=LINE('',#1985,#1984);
#1987=DIRECTION('',(0.E0,0.E0,1.E0));
#1988=VECTOR('',#1987,5.3E0);
#1989=CARTESIAN_POINT('',(9.965E0,6.965E0,-1.E1));
#1990=LINE('',#1989,#1988);
#1991=DIRECTION('',(-1.E0,0.E0,0.E0));
#1992=VECTOR('',#1991,1.07E0);
#1993=CARTESIAN_POINT('',(1.1035E1,6.965E0,-1.8365E1));
#1994=LINE('',#1993,#1992);
#1995=DIRECTION('',(-1.E0,0.E0,0.E0));
#1996=VECTOR('',#1995,1.07E0);
#1997=CARTESIAN_POINT('',(1.1035E1,6.465E0,-1.8865E1));
#1998=LINE('',#1997,#1996);
#1999=DIRECTION('',(-1.E0,0.E0,0.E0));
#2000=VECTOR('',#1999,1.07E0);
#2001=CARTESIAN_POINT('',(1.1035E1,-3.3E0,-1.8865E1));
#2002=LINE('',#2001,#2000);
#2003=DIRECTION('',(-1.E0,0.E0,0.E0));
#2004=VECTOR('',#2003,1.07E0);
#2005=CARTESIAN_POINT('',(1.1035E1,-3.3E0,-1.9935E1));
#2006=LINE('',#2005,#2004);
#2007=DIRECTION('',(-1.E0,0.E0,0.E0));
#2008=VECTOR('',#2007,1.07E0);
#2009=CARTESIAN_POINT('',(1.1035E1,6.465E0,-1.9935E1));
#2010=LINE('',#2009,#2008);
#2011=DIRECTION('',(-1.E0,0.E0,0.E0));
#2012=VECTOR('',#2011,1.07E0);
#2013=CARTESIAN_POINT('',(1.1035E1,8.035E0,-1.8365E1));
#2014=LINE('',#2013,#2012);
#2015=DIRECTION('',(0.E0,-1.E0,0.E0));
#2016=VECTOR('',#2015,3.6E0);
#2017=CARTESIAN_POINT('',(4.4E0,4.9E0,-1.E1));
#2018=LINE('',#2017,#2016);
#2019=DIRECTION('',(-1.E0,0.E0,0.E0));
#2020=VECTOR('',#2019,3.8E0);
#2021=CARTESIAN_POINT('',(8.2E0,4.9E0,-1.E1));
#2022=LINE('',#2021,#2020);
#2023=DIRECTION('',(0.E0,1.E0,0.E0));
#2024=VECTOR('',#2023,3.6E0);
#2025=CARTESIAN_POINT('',(8.2E0,1.3E0,-1.E1));
#2026=LINE('',#2025,#2024);
#2027=DIRECTION('',(1.E0,0.E0,0.E0));
#2028=VECTOR('',#2027,3.8E0);
#2029=CARTESIAN_POINT('',(4.4E0,1.3E0,-1.E1));
#2030=LINE('',#2029,#2028);
#2031=DIRECTION('',(0.E0,-1.E0,0.E0));
#2032=VECTOR('',#2031,2.8E0);
#2033=CARTESIAN_POINT('',(4.4E0,9.1E0,-1.E1));
#2034=LINE('',#2033,#2032);
#2035=DIRECTION('',(-1.E0,0.E0,0.E0));
#2036=VECTOR('',#2035,3.8E0);
#2037=CARTESIAN_POINT('',(8.2E0,9.1E0,-1.E1));
#2038=LINE('',#2037,#2036);
#2039=DIRECTION('',(0.E0,1.E0,0.E0));
#2040=VECTOR('',#2039,2.8E0);
#2041=CARTESIAN_POINT('',(8.2E0,6.3E0,-1.E1));
#2042=LINE('',#2041,#2040);
#2043=DIRECTION('',(7.071067811865E-1,7.071067811865E-1,0.E0));
#2044=VECTOR('',#2043,1.131370849898E0);
#2045=CARTESIAN_POINT('',(7.4E0,5.5E0,-1.E1));
#2046=LINE('',#2045,#2044);
#2047=DIRECTION('',(1.E0,0.E0,0.E0));
#2048=VECTOR('',#2047,2.2E0);
#2049=CARTESIAN_POINT('',(5.2E0,5.5E0,-1.E1));
#2050=LINE('',#2049,#2048);
#2051=DIRECTION('',(7.071067811865E-1,-7.071067811865E-1,0.E0));
#2052=VECTOR('',#2051,1.131370849898E0);
#2053=CARTESIAN_POINT('',(4.4E0,6.3E0,-1.E1));
#2054=LINE('',#2053,#2052);
#2055=DIRECTION('',(0.E0,-1.E0,0.E0));
#2056=VECTOR('',#2055,3.6E0);
#2057=CARTESIAN_POINT('',(8.6E0,4.9E0,-1.E1));
#2058=LINE('',#2057,#2056);
#2059=DIRECTION('',(-1.E0,0.E0,0.E0));
#2060=VECTOR('',#2059,3.8E0);
#2061=CARTESIAN_POINT('',(1.24E1,4.9E0,-1.E1));
#2062=LINE('',#2061,#2060);
#2063=DIRECTION('',(0.E0,1.E0,0.E0));
#2064=VECTOR('',#2063,3.6E0);
#2065=CARTESIAN_POINT('',(1.24E1,1.3E0,-1.E1));
#2066=LINE('',#2065,#2064);
#2067=DIRECTION('',(1.E0,0.E0,0.E0));
#2068=VECTOR('',#2067,3.8E0);
#2069=CARTESIAN_POINT('',(8.6E0,1.3E0,-1.E1));
#2070=LINE('',#2069,#2068);
#2071=DIRECTION('',(0.E0,-1.E0,0.E0));
#2072=VECTOR('',#2071,2.8E0);
#2073=CARTESIAN_POINT('',(8.6E0,9.1E0,-1.E1));
#2074=LINE('',#2073,#2072);
#2075=DIRECTION('',(-1.E0,0.E0,0.E0));
#2076=VECTOR('',#2075,3.8E0);
#2077=CARTESIAN_POINT('',(1.24E1,9.1E0,-1.E1));
#2078=LINE('',#2077,#2076);
#2079=DIRECTION('',(0.E0,1.E0,0.E0));
#2080=VECTOR('',#2079,2.8E0);
#2081=CARTESIAN_POINT('',(1.24E1,6.3E0,-1.E1));
#2082=LINE('',#2081,#2080);
#2083=DIRECTION('',(7.071067811865E-1,7.071067811865E-1,0.E0));
#2084=VECTOR('',#2083,1.131370849898E0);
#2085=CARTESIAN_POINT('',(1.16E1,5.5E0,-1.E1));
#2086=LINE('',#2085,#2084);
#2087=DIRECTION('',(1.E0,0.E0,0.E0));
#2088=VECTOR('',#2087,2.2E0);
#2089=CARTESIAN_POINT('',(9.4E0,5.5E0,-1.E1));
#2090=LINE('',#2089,#2088);
#2091=DIRECTION('',(7.071067811865E-1,-7.071067811865E-1,0.E0));
#2092=VECTOR('',#2091,1.131370849898E0);
#2093=CARTESIAN_POINT('',(8.6E0,6.3E0,-1.E1));
#2094=LINE('',#2093,#2092);
#2095=DIRECTION('',(0.E0,1.E0,0.E0));
#2096=VECTOR('',#2095,1.07E0);
#2097=CARTESIAN_POINT('',(1.1035E1,6.965E0,-1.E1));
#2098=LINE('',#2097,#2096);
#2099=DIRECTION('',(-1.E0,0.E0,0.E0));
#2100=VECTOR('',#2099,1.07E0);
#2101=CARTESIAN_POINT('',(1.1035E1,8.035E0,-1.E1));
#2102=LINE('',#2101,#2100);
#2103=DIRECTION('',(0.E0,1.E0,0.E0));
#2104=VECTOR('',#2103,1.07E0);
#2105=CARTESIAN_POINT('',(9.965E0,6.965E0,-1.E1));
#2106=LINE('',#2105,#2104);
#2107=DIRECTION('',(-1.E0,0.E0,0.E0));
#2108=VECTOR('',#2107,1.07E0);
#2109=CARTESIAN_POINT('',(1.1035E1,6.965E0,-1.E1));
#2110=LINE('',#2109,#2108);
#2111=DIRECTION('',(0.E0,1.E0,0.E0));
#2112=VECTOR('',#2111,1.07E0);
#2113=CARTESIAN_POINT('',(6.835E0,6.965E0,-1.E1));
#2114=LINE('',#2113,#2112);
#2115=DIRECTION('',(-1.E0,0.E0,0.E0));
#2116=VECTOR('',#2115,1.07E0);
#2117=CARTESIAN_POINT('',(6.835E0,8.035E0,-1.E1));
#2118=LINE('',#2117,#2116);
#2119=DIRECTION('',(0.E0,1.E0,0.E0));
#2120=VECTOR('',#2119,1.07E0);
#2121=CARTESIAN_POINT('',(5.765E0,6.965E0,-1.E1));
#2122=LINE('',#2121,#2120);
#2123=DIRECTION('',(-1.E0,0.E0,0.E0));
#2124=VECTOR('',#2123,1.07E0);
#2125=CARTESIAN_POINT('',(6.835E0,6.965E0,-1.E1));
#2126=LINE('',#2125,#2124);
#2127=DIRECTION('',(0.E0,1.E0,0.E0));
#2128=VECTOR('',#2127,1.07E0);
#2129=CARTESIAN_POINT('',(1.1035E1,2.765E0,-1.E1));
#2130=LINE('',#2129,#2128);
#2131=DIRECTION('',(-1.E0,0.E0,0.E0));
#2132=VECTOR('',#2131,1.07E0);
#2133=CARTESIAN_POINT('',(1.1035E1,3.835E0,-1.E1));
#2134=LINE('',#2133,#2132);
#2135=DIRECTION('',(0.E0,1.E0,0.E0));
#2136=VECTOR('',#2135,1.07E0);
#2137=CARTESIAN_POINT('',(9.965E0,2.765E0,-1.E1));
#2138=LINE('',#2137,#2136);
#2139=DIRECTION('',(-1.E0,0.E0,0.E0));
#2140=VECTOR('',#2139,1.07E0);
#2141=CARTESIAN_POINT('',(1.1035E1,2.765E0,-1.E1));
#2142=LINE('',#2141,#2140);
#2143=DIRECTION('',(0.E0,1.E0,0.E0));
#2144=VECTOR('',#2143,1.07E0);
#2145=CARTESIAN_POINT('',(6.835E0,2.765E0,-1.E1));
#2146=LINE('',#2145,#2144);
#2147=DIRECTION('',(-1.E0,0.E0,0.E0));
#2148=VECTOR('',#2147,1.07E0);
#2149=CARTESIAN_POINT('',(6.835E0,3.835E0,-1.E1));
#2150=LINE('',#2149,#2148);
#2151=DIRECTION('',(0.E0,1.E0,0.E0));
#2152=VECTOR('',#2151,1.07E0);
#2153=CARTESIAN_POINT('',(5.765E0,2.765E0,-1.E1));
#2154=LINE('',#2153,#2152);
#2155=DIRECTION('',(-1.E0,0.E0,0.E0));
#2156=VECTOR('',#2155,1.07E0);
#2157=CARTESIAN_POINT('',(6.835E0,2.765E0,-1.E1));
#2158=LINE('',#2157,#2156);
#2159=DIRECTION('',(0.E0,0.E0,-1.E0));
#2160=VECTOR('',#2159,1.E1);
#2161=CARTESIAN_POINT('',(4.4E0,4.9E0,0.E0));
#2162=LINE('',#2161,#2160);
#2163=DIRECTION('',(0.E0,0.E0,-1.E0));
#2164=VECTOR('',#2163,1.E1);
#2165=CARTESIAN_POINT('',(8.2E0,4.9E0,0.E0));
#2166=LINE('',#2165,#2164);
#2167=DIRECTION('',(0.E0,0.E0,-1.E0));
#2168=VECTOR('',#2167,1.E1);
#2169=CARTESIAN_POINT('',(8.2E0,1.3E0,0.E0));
#2170=LINE('',#2169,#2168);
#2171=DIRECTION('',(0.E0,0.E0,-1.E0));
#2172=VECTOR('',#2171,1.E1);
#2173=CARTESIAN_POINT('',(4.4E0,1.3E0,0.E0));
#2174=LINE('',#2173,#2172);
#2175=DIRECTION('',(0.E0,0.E0,-1.E0));
#2176=VECTOR('',#2175,1.E1);
#2177=CARTESIAN_POINT('',(4.4E0,9.1E0,0.E0));
#2178=LINE('',#2177,#2176);
#2179=DIRECTION('',(0.E0,0.E0,-1.E0));
#2180=VECTOR('',#2179,1.E1);
#2181=CARTESIAN_POINT('',(8.2E0,9.1E0,0.E0));
#2182=LINE('',#2181,#2180);
#2183=DIRECTION('',(0.E0,0.E0,-1.E0));
#2184=VECTOR('',#2183,1.E1);
#2185=CARTESIAN_POINT('',(8.2E0,6.3E0,0.E0));
#2186=LINE('',#2185,#2184);
#2187=DIRECTION('',(0.E0,0.E0,-1.E0));
#2188=VECTOR('',#2187,1.E1);
#2189=CARTESIAN_POINT('',(7.4E0,5.5E0,0.E0));
#2190=LINE('',#2189,#2188);
#2191=DIRECTION('',(0.E0,0.E0,-1.E0));
#2192=VECTOR('',#2191,1.E1);
#2193=CARTESIAN_POINT('',(5.2E0,5.5E0,0.E0));
#2194=LINE('',#2193,#2192);
#2195=DIRECTION('',(0.E0,0.E0,-1.E0));
#2196=VECTOR('',#2195,1.E1);
#2197=CARTESIAN_POINT('',(4.4E0,6.3E0,0.E0));
#2198=LINE('',#2197,#2196);
#2199=DIRECTION('',(0.E0,0.E0,-1.E0));
#2200=VECTOR('',#2199,1.E1);
#2201=CARTESIAN_POINT('',(8.6E0,4.9E0,0.E0));
#2202=LINE('',#2201,#2200);
#2203=DIRECTION('',(0.E0,0.E0,-1.E0));
#2204=VECTOR('',#2203,1.E1);
#2205=CARTESIAN_POINT('',(1.24E1,4.9E0,0.E0));
#2206=LINE('',#2205,#2204);
#2207=DIRECTION('',(0.E0,0.E0,-1.E0));
#2208=VECTOR('',#2207,1.E1);
#2209=CARTESIAN_POINT('',(1.24E1,1.3E0,0.E0));
#2210=LINE('',#2209,#2208);
#2211=DIRECTION('',(0.E0,0.E0,-1.E0));
#2212=VECTOR('',#2211,1.E1);
#2213=CARTESIAN_POINT('',(8.6E0,1.3E0,0.E0));
#2214=LINE('',#2213,#2212);
#2215=DIRECTION('',(0.E0,0.E0,-1.E0));
#2216=VECTOR('',#2215,1.E1);
#2217=CARTESIAN_POINT('',(8.6E0,9.1E0,0.E0));
#2218=LINE('',#2217,#2216);
#2219=DIRECTION('',(0.E0,0.E0,-1.E0));
#2220=VECTOR('',#2219,1.E1);
#2221=CARTESIAN_POINT('',(1.24E1,9.1E0,0.E0));
#2222=LINE('',#2221,#2220);
#2223=DIRECTION('',(0.E0,0.E0,-1.E0));
#2224=VECTOR('',#2223,1.E1);
#2225=CARTESIAN_POINT('',(1.24E1,6.3E0,0.E0));
#2226=LINE('',#2225,#2224);
#2227=DIRECTION('',(0.E0,0.E0,-1.E0));
#2228=VECTOR('',#2227,1.E1);
#2229=CARTESIAN_POINT('',(1.16E1,5.5E0,0.E0));
#2230=LINE('',#2229,#2228);
#2231=DIRECTION('',(0.E0,0.E0,-1.E0));
#2232=VECTOR('',#2231,1.E1);
#2233=CARTESIAN_POINT('',(9.4E0,5.5E0,0.E0));
#2234=LINE('',#2233,#2232);
#2235=DIRECTION('',(0.E0,0.E0,-1.E0));
#2236=VECTOR('',#2235,1.E1);
#2237=CARTESIAN_POINT('',(8.6E0,6.3E0,0.E0));
#2238=LINE('',#2237,#2236);
#2239=DIRECTION('',(0.E0,0.E0,-1.E0));
#2240=VECTOR('',#2239,5.565E0);
#2241=CARTESIAN_POINT('',(6.835E0,8.035E0,-1.28E1));
#2242=LINE('',#2241,#2240);
#2243=CARTESIAN_POINT('',(6.835E0,6.465E0,-1.8365E1));
#2244=DIRECTION('',(-1.E0,0.E0,0.E0));
#2245=DIRECTION('',(0.E0,1.E0,0.E0));
#2246=AXIS2_PLACEMENT_3D('',#2243,#2244,#2245);
#2248=DIRECTION('',(0.E0,-1.E0,0.E0));
#2249=VECTOR('',#2248,9.765E0);
#2250=CARTESIAN_POINT('',(6.835E0,6.465E0,-1.9935E1));
#2251=LINE('',#2250,#2249);
#2252=DIRECTION('',(0.E0,0.E0,1.E0));
#2253=VECTOR('',#2252,1.07E0);
#2254=CARTESIAN_POINT('',(6.835E0,-3.3E0,-1.9935E1));
#2255=LINE('',#2254,#2253);
#2256=DIRECTION('',(0.E0,1.E0,0.E0));
#2257=VECTOR('',#2256,9.765E0);
#2258=CARTESIAN_POINT('',(6.835E0,-3.3E0,-1.8865E1));
#2259=LINE('',#2258,#2257);
#2260=CARTESIAN_POINT('',(6.835E0,6.465E0,-1.8365E1));
#2261=DIRECTION('',(1.E0,0.E0,0.E0));
#2262=DIRECTION('',(0.E0,0.E0,-1.E0));
#2263=AXIS2_PLACEMENT_3D('',#2260,#2261,#2262);
#2265=DIRECTION('',(0.E0,0.E0,1.E0));
#2266=VECTOR('',#2265,5.565E0);
#2267=CARTESIAN_POINT('',(6.835E0,6.965E0,-1.8365E1));
#2268=LINE('',#2267,#2266);
#2269=DIRECTION('',(0.E0,0.E0,1.E0));
#2270=VECTOR('',#2269,5.3E0);
#2271=CARTESIAN_POINT('',(6.835E0,6.965E0,-1.E1));
#2272=LINE('',#2271,#2270);
#2273=DIRECTION('',(0.E0,1.E0,0.E0));
#2274=VECTOR('',#2273,1.07E0);
#2275=CARTESIAN_POINT('',(6.835E0,6.965E0,-4.7E0));
#2276=LINE('',#2275,#2274);
#2277=DIRECTION('',(0.E0,0.E0,-1.E0));
#2278=VECTOR('',#2277,5.3E0);
#2279=CARTESIAN_POINT('',(6.835E0,8.035E0,-4.7E0));
#2280=LINE('',#2279,#2278);
#2281=DIRECTION('',(-1.E0,0.E0,0.E0));
#2282=VECTOR('',#2281,1.07E0);
#2283=CARTESIAN_POINT('',(6.835E0,8.035E0,-4.7E0));
#2284=LINE('',#2283,#2282);
#2285=DIRECTION('',(0.E0,0.E0,1.E0));
#2286=VECTOR('',#2285,5.565E0);
#2287=CARTESIAN_POINT('',(5.765E0,6.965E0,-1.8365E1));
#2288=LINE('',#2287,#2286);
#2289=CARTESIAN_POINT('',(5.765E0,6.465E0,-1.8365E1));
#2290=DIRECTION('',(1.E0,0.E0,0.E0));
#2291=DIRECTION('',(0.E0,0.E0,-1.E0));
#2292=AXIS2_PLACEMENT_3D('',#2289,#2290,#2291);
#2294=DIRECTION('',(0.E0,1.E0,0.E0));
#2295=VECTOR('',#2294,9.765E0);
#2296=CARTESIAN_POINT('',(5.765E0,-3.3E0,-1.8865E1));
#2297=LINE('',#2296,#2295);
#2298=DIRECTION('',(0.E0,0.E0,1.E0));
#2299=VECTOR('',#2298,1.07E0);
#2300=CARTESIAN_POINT('',(5.765E0,-3.3E0,-1.9935E1));
#2301=LINE('',#2300,#2299);
#2302=DIRECTION('',(0.E0,-1.E0,0.E0));
#2303=VECTOR('',#2302,9.765E0);
#2304=CARTESIAN_POINT('',(5.765E0,6.465E0,-1.9935E1));
#2305=LINE('',#2304,#2303);
#2306=CARTESIAN_POINT('',(5.765E0,6.465E0,-1.8365E1));
#2307=DIRECTION('',(-1.E0,0.E0,0.E0));
#2308=DIRECTION('',(0.E0,1.E0,0.E0));
#2309=AXIS2_PLACEMENT_3D('',#2306,#2307,#2308);
#2311=DIRECTION('',(0.E0,0.E0,-1.E0));
#2312=VECTOR('',#2311,5.565E0);
#2313=CARTESIAN_POINT('',(5.765E0,8.035E0,-1.28E1));
#2314=LINE('',#2313,#2312);
#2315=DIRECTION('',(0.E0,0.E0,-1.E0));
#2316=VECTOR('',#2315,5.3E0);
#2317=CARTESIAN_POINT('',(5.765E0,8.035E0,-4.7E0));
#2318=LINE('',#2317,#2316);
#2319=DIRECTION('',(0.E0,1.E0,0.E0));
#2320=VECTOR('',#2319,1.07E0);
#2321=CARTESIAN_POINT('',(5.765E0,6.965E0,-4.7E0));
#2322=LINE('',#2321,#2320);
#2323=DIRECTION('',(0.E0,0.E0,1.E0));
#2324=VECTOR('',#2323,5.3E0);
#2325=CARTESIAN_POINT('',(5.765E0,6.965E0,-1.E1));
#2326=LINE('',#2325,#2324);
#2327=DIRECTION('',(-1.E0,0.E0,0.E0));
#2328=VECTOR('',#2327,1.07E0);
#2329=CARTESIAN_POINT('',(6.835E0,6.965E0,-1.8365E1));
#2330=LINE('',#2329,#2328);
#2331=DIRECTION('',(-1.E0,0.E0,0.E0));
#2332=VECTOR('',#2331,1.07E0);
#2333=CARTESIAN_POINT('',(6.835E0,6.465E0,-1.8865E1));
#2334=LINE('',#2333,#2332);
#2335=DIRECTION('',(-1.E0,0.E0,0.E0));
#2336=VECTOR('',#2335,1.07E0);
#2337=CARTESIAN_POINT('',(6.835E0,-3.3E0,-1.8865E1));
#2338=LINE('',#2337,#2336);
#2339=DIRECTION('',(-1.E0,0.E0,0.E0));
#2340=VECTOR('',#2339,1.07E0);
#2341=CARTESIAN_POINT('',(6.835E0,-3.3E0,-1.9935E1));
#2342=LINE('',#2341,#2340);
#2343=DIRECTION('',(-1.E0,0.E0,0.E0));
#2344=VECTOR('',#2343,1.07E0);
#2345=CARTESIAN_POINT('',(6.835E0,6.465E0,-1.9935E1));
#2346=LINE('',#2345,#2344);
#2347=DIRECTION('',(-1.E0,0.E0,0.E0));
#2348=VECTOR('',#2347,1.07E0);
#2349=CARTESIAN_POINT('',(6.835E0,8.035E0,-1.8365E1));
#2350=LINE('',#2349,#2348);
#2351=DIRECTION('',(-1.E0,0.E0,0.E0));
#2352=VECTOR('',#2351,1.07E0);
#2353=CARTESIAN_POINT('',(6.835E0,6.965E0,-4.7E0));
#2354=LINE('',#2353,#2352);
#2355=DIRECTION('',(0.E0,0.E0,-1.E0));
#2356=VECTOR('',#2355,2.65E-1);
#2357=CARTESIAN_POINT('',(1.1035E1,3.835E0,-1.28E1));
#2358=LINE('',#2357,#2356);
#2359=CARTESIAN_POINT('',(1.1035E1,2.465E0,-1.3065E1));
#2360=DIRECTION('',(-1.E0,0.E0,0.E0));
#2361=DIRECTION('',(0.E0,1.E0,-2.204238413854E-14));
#2362=AXIS2_PLACEMENT_3D('',#2359,#2360,#2361);
#2364=DIRECTION('',(0.E0,-1.E0,0.E0));
#2365=VECTOR('',#2364,5.765E0);
#2366=CARTESIAN_POINT('',(1.1035E1,2.465E0,-1.4435E1));
#2367=LINE('',#2366,#2365);
#2368=DIRECTION('',(0.E0,0.E0,1.E0));
#2369=VECTOR('',#2368,1.07E0);
#2370=CARTESIAN_POINT('',(1.1035E1,-3.3E0,-1.4435E1));
#2371=LINE('',#2370,#2369);
#2372=DIRECTION('',(0.E0,1.E0,0.E0));
#2373=VECTOR('',#2372,5.765E0);
#2374=CARTESIAN_POINT('',(1.1035E1,-3.3E0,-1.3365E1));
#2375=LINE('',#2374,#2373);
#2376=CARTESIAN_POINT('',(1.1035E1,2.465E0,-1.3065E1));
#2377=DIRECTION('',(1.E0,0.E0,0.E0));
#2378=DIRECTION('',(0.E0,6.809367884368E-14,-1.E0));
#2379=AXIS2_PLACEMENT_3D('',#2376,#2377,#2378);
#2381=DIRECTION('',(0.E0,0.E0,1.E0));
#2382=VECTOR('',#2381,2.65E-1);
#2383=CARTESIAN_POINT('',(1.1035E1,2.765E0,-1.3065E1));
#2384=LINE('',#2383,#2382);
#2385=DIRECTION('',(0.E0,0.E0,1.E0));
#2386=VECTOR('',#2385,5.3E0);
#2387=CARTESIAN_POINT('',(1.1035E1,2.765E0,-1.E1));
#2388=LINE('',#2387,#2386);
#2389=DIRECTION('',(0.E0,1.E0,0.E0));
#2390=VECTOR('',#2389,1.07E0);
#2391=CARTESIAN_POINT('',(1.1035E1,2.765E0,-4.7E0));
#2392=LINE('',#2391,#2390);
#2393=DIRECTION('',(0.E0,0.E0,-1.E0));
#2394=VECTOR('',#2393,5.3E0);
#2395=CARTESIAN_POINT('',(1.1035E1,3.835E0,-4.7E0));
#2396=LINE('',#2395,#2394);
#2397=DIRECTION('',(-1.E0,0.E0,0.E0));
#2398=VECTOR('',#2397,1.07E0);
#2399=CARTESIAN_POINT('',(1.1035E1,3.835E0,-4.7E0));
#2400=LINE('',#2399,#2398);
#2401=DIRECTION('',(0.E0,0.E0,1.E0));
#2402=VECTOR('',#2401,2.65E-1);
#2403=CARTESIAN_POINT('',(9.965E0,2.765E0,-1.3065E1));
#2404=LINE('',#2403,#2402);
#2405=CARTESIAN_POINT('',(9.965E0,2.465E0,-1.3065E1));
#2406=DIRECTION('',(1.E0,0.E0,0.E0));
#2407=DIRECTION('',(0.E0,6.809367884368E-14,-1.E0));
#2408=AXIS2_PLACEMENT_3D('',#2405,#2406,#2407);
#2410=DIRECTION('',(0.E0,1.E0,0.E0));
#2411=VECTOR('',#2410,5.765E0);
#2412=CARTESIAN_POINT('',(9.965E0,-3.3E0,-1.3365E1));
#2413=LINE('',#2412,#2411);
#2414=DIRECTION('',(0.E0,0.E0,1.E0));
#2415=VECTOR('',#2414,1.07E0);
#2416=CARTESIAN_POINT('',(9.965E0,-3.3E0,-1.4435E1));
#2417=LINE('',#2416,#2415);
#2418=DIRECTION('',(0.E0,-1.E0,0.E0));
#2419=VECTOR('',#2418,5.765E0);
#2420=CARTESIAN_POINT('',(9.965E0,2.465E0,-1.4435E1));
#2421=LINE('',#2420,#2419);
#2422=CARTESIAN_POINT('',(9.965E0,2.465E0,-1.3065E1));
#2423=DIRECTION('',(-1.E0,0.E0,0.E0));
#2424=DIRECTION('',(0.E0,1.E0,-2.204238413854E-14));
#2425=AXIS2_PLACEMENT_3D('',#2422,#2423,#2424);
#2427=DIRECTION('',(0.E0,0.E0,-1.E0));
#2428=VECTOR('',#2427,2.65E-1);
#2429=CARTESIAN_POINT('',(9.965E0,3.835E0,-1.28E1));
#2430=LINE('',#2429,#2428);
#2431=DIRECTION('',(0.E0,0.E0,-1.E0));
#2432=VECTOR('',#2431,5.3E0);
#2433=CARTESIAN_POINT('',(9.965E0,3.835E0,-4.7E0));
#2434=LINE('',#2433,#2432);
#2435=DIRECTION('',(0.E0,1.E0,0.E0));
#2436=VECTOR('',#2435,1.07E0);
#2437=CARTESIAN_POINT('',(9.965E0,2.765E0,-4.7E0));
#2438=LINE('',#2437,#2436);
#2439=DIRECTION('',(0.E0,0.E0,1.E0));
#2440=VECTOR('',#2439,5.3E0);
#2441=CARTESIAN_POINT('',(9.965E0,2.765E0,-1.E1));
#2442=LINE('',#2441,#2440);
#2443=DIRECTION('',(-1.E0,0.E0,0.E0));
#2444=VECTOR('',#2443,1.07E0);
#2445=CARTESIAN_POINT('',(1.1035E1,2.765E0,-1.3065E1));
#2446=LINE('',#2445,#2444);
#2447=DIRECTION('',(-1.E0,0.E0,0.E0));
#2448=VECTOR('',#2447,1.07E0);
#2449=CARTESIAN_POINT('',(1.1035E1,2.465E0,-1.3365E1));
#2450=LINE('',#2449,#2448);
#2451=DIRECTION('',(-1.E0,0.E0,0.E0));
#2452=VECTOR('',#2451,1.07E0);
#2453=CARTESIAN_POINT('',(1.1035E1,-3.3E0,-1.3365E1));
#2454=LINE('',#2453,#2452);
#2455=DIRECTION('',(-1.E0,0.E0,0.E0));
#2456=VECTOR('',#2455,1.07E0);
#2457=CARTESIAN_POINT('',(1.1035E1,-3.3E0,-1.4435E1));
#2458=LINE('',#2457,#2456);
#2459=DIRECTION('',(-1.E0,0.E0,0.E0));
#2460=VECTOR('',#2459,1.07E0);
#2461=CARTESIAN_POINT('',(1.1035E1,2.465E0,-1.4435E1));
#2462=LINE('',#2461,#2460);
#2463=DIRECTION('',(-1.E0,0.E0,0.E0));
#2464=VECTOR('',#2463,1.07E0);
#2465=CARTESIAN_POINT('',(1.1035E1,3.835E0,-1.3065E1));
#2466=LINE('',#2465,#2464);
#2467=DIRECTION('',(-1.E0,0.E0,0.E0));
#2468=VECTOR('',#2467,1.07E0);
#2469=CARTESIAN_POINT('',(1.1035E1,2.765E0,-4.7E0));
#2470=LINE('',#2469,#2468);
#2471=DIRECTION('',(0.E0,0.E0,-1.E0));
#2472=VECTOR('',#2471,2.65E-1);
#2473=CARTESIAN_POINT('',(6.835E0,3.835E0,-1.28E1));
#2474=LINE('',#2473,#2472);
#2475=CARTESIAN_POINT('',(6.835E0,2.465E0,-1.3065E1));
#2476=DIRECTION('',(-1.E0,0.E0,0.E0));
#2477=DIRECTION('',(0.E0,1.E0,-2.204238413854E-14));
#2478=AXIS2_PLACEMENT_3D('',#2475,#2476,#2477);
#2480=DIRECTION('',(0.E0,-1.E0,0.E0));
#2481=VECTOR('',#2480,5.765E0);
#2482=CARTESIAN_POINT('',(6.835E0,2.465E0,-1.4435E1));
#2483=LINE('',#2482,#2481);
#2484=DIRECTION('',(0.E0,0.E0,1.E0));
#2485=VECTOR('',#2484,1.07E0);
#2486=CARTESIAN_POINT('',(6.835E0,-3.3E0,-1.4435E1));
#2487=LINE('',#2486,#2485);
#2488=DIRECTION('',(0.E0,1.E0,0.E0));
#2489=VECTOR('',#2488,5.765E0);
#2490=CARTESIAN_POINT('',(6.835E0,-3.3E0,-1.3365E1));
#2491=LINE('',#2490,#2489);
#2492=CARTESIAN_POINT('',(6.835E0,2.465E0,-1.3065E1));
#2493=DIRECTION('',(1.E0,0.E0,0.E0));
#2494=DIRECTION('',(0.E0,6.809367884368E-14,-1.E0));
#2495=AXIS2_PLACEMENT_3D('',#2492,#2493,#2494);
#2497=DIRECTION('',(0.E0,0.E0,1.E0));
#2498=VECTOR('',#2497,2.65E-1);
#2499=CARTESIAN_POINT('',(6.835E0,2.765E0,-1.3065E1));
#2500=LINE('',#2499,#2498);
#2501=DIRECTION('',(0.E0,0.E0,1.E0));
#2502=VECTOR('',#2501,5.3E0);
#2503=CARTESIAN_POINT('',(6.835E0,2.765E0,-1.E1));
#2504=LINE('',#2503,#2502);
#2505=DIRECTION('',(0.E0,1.E0,0.E0));
#2506=VECTOR('',#2505,1.07E0);
#2507=CARTESIAN_POINT('',(6.835E0,2.765E0,-4.7E0));
#2508=LINE('',#2507,#2506);
#2509=DIRECTION('',(0.E0,0.E0,-1.E0));
#2510=VECTOR('',#2509,5.3E0);
#2511=CARTESIAN_POINT('',(6.835E0,3.835E0,-4.7E0));
#2512=LINE('',#2511,#2510);
#2513=DIRECTION('',(-1.E0,0.E0,0.E0));
#2514=VECTOR('',#2513,1.07E0);
#2515=CARTESIAN_POINT('',(6.835E0,3.835E0,-4.7E0));
#2516=LINE('',#2515,#2514);
#2517=DIRECTION('',(0.E0,0.E0,1.E0));
#2518=VECTOR('',#2517,2.65E-1);
#2519=CARTESIAN_POINT('',(5.765E0,2.765E0,-1.3065E1));
#2520=LINE('',#2519,#2518);
#2521=CARTESIAN_POINT('',(5.765E0,2.465E0,-1.3065E1));
#2522=DIRECTION('',(1.E0,0.E0,0.E0));
#2523=DIRECTION('',(0.E0,6.809367884368E-14,-1.E0));
#2524=AXIS2_PLACEMENT_3D('',#2521,#2522,#2523);
#2526=DIRECTION('',(0.E0,1.E0,0.E0));
#2527=VECTOR('',#2526,5.765E0);
#2528=CARTESIAN_POINT('',(5.765E0,-3.3E0,-1.3365E1));
#2529=LINE('',#2528,#2527);
#2530=DIRECTION('',(0.E0,0.E0,1.E0));
#2531=VECTOR('',#2530,1.07E0);
#2532=CARTESIAN_POINT('',(5.765E0,-3.3E0,-1.4435E1));
#2533=LINE('',#2532,#2531);
#2534=DIRECTION('',(0.E0,-1.E0,0.E0));
#2535=VECTOR('',#2534,5.765E0);
#2536=CARTESIAN_POINT('',(5.765E0,2.465E0,-1.4435E1));
#2537=LINE('',#2536,#2535);
#2538=CARTESIAN_POINT('',(5.765E0,2.465E0,-1.3065E1));
#2539=DIRECTION('',(-1.E0,0.E0,0.E0));
#2540=DIRECTION('',(0.E0,1.E0,-2.204238413854E-14));
#2541=AXIS2_PLACEMENT_3D('',#2538,#2539,#2540);
#2543=DIRECTION('',(0.E0,0.E0,-1.E0));
#2544=VECTOR('',#2543,2.65E-1);
#2545=CARTESIAN_POINT('',(5.765E0,3.835E0,-1.28E1));
#2546=LINE('',#2545,#2544);
#2547=DIRECTION('',(0.E0,0.E0,-1.E0));
#2548=VECTOR('',#2547,5.3E0);
#2549=CARTESIAN_POINT('',(5.765E0,3.835E0,-4.7E0));
#2550=LINE('',#2549,#2548);
#2551=DIRECTION('',(0.E0,1.E0,0.E0));
#2552=VECTOR('',#2551,1.07E0);
#2553=CARTESIAN_POINT('',(5.765E0,2.765E0,-4.7E0));
#2554=LINE('',#2553,#2552);
#2555=DIRECTION('',(0.E0,0.E0,1.E0));
#2556=VECTOR('',#2555,5.3E0);
#2557=CARTESIAN_POINT('',(5.765E0,2.765E0,-1.E1));
#2558=LINE('',#2557,#2556);
#2559=DIRECTION('',(-1.E0,0.E0,0.E0));
#2560=VECTOR('',#2559,1.07E0);
#2561=CARTESIAN_POINT('',(6.835E0,2.765E0,-1.3065E1));
#2562=LINE('',#2561,#2560);
#2563=DIRECTION('',(-1.E0,0.E0,0.E0));
#2564=VECTOR('',#2563,1.07E0);
#2565=CARTESIAN_POINT('',(6.835E0,2.465E0,-1.3365E1));
#2566=LINE('',#2565,#2564);
#2567=DIRECTION('',(-1.E0,0.E0,0.E0));
#2568=VECTOR('',#2567,1.07E0);
#2569=CARTESIAN_POINT('',(6.835E0,-3.3E0,-1.3365E1));
#2570=LINE('',#2569,#2568);
#2571=DIRECTION('',(-1.E0,0.E0,0.E0));
#2572=VECTOR('',#2571,1.07E0);
#2573=CARTESIAN_POINT('',(6.835E0,-3.3E0,-1.4435E1));
#2574=LINE('',#2573,#2572);
#2575=DIRECTION('',(-1.E0,0.E0,0.E0));
#2576=VECTOR('',#2575,1.07E0);
#2577=CARTESIAN_POINT('',(6.835E0,2.465E0,-1.4435E1));
#2578=LINE('',#2577,#2576);
#2579=DIRECTION('',(-1.E0,0.E0,0.E0));
#2580=VECTOR('',#2579,1.07E0);
#2581=CARTESIAN_POINT('',(6.835E0,3.835E0,-1.3065E1));
#2582=LINE('',#2581,#2580);
#2583=DIRECTION('',(-1.E0,0.E0,0.E0));
#2584=VECTOR('',#2583,1.07E0);
#2585=CARTESIAN_POINT('',(6.835E0,2.765E0,-4.7E0));
#2586=LINE('',#2585,#2584);
#2587=DIRECTION('',(-1.E0,0.E0,0.E0));
#2588=VECTOR('',#2587,1.07E0);
#2589=CARTESIAN_POINT('',(1.1035E1,6.965E0,-4.7E0));
#2590=LINE('',#2589,#2588);
#2591=DIRECTION('',(0.E0,0.E0,-1.E0));
#2592=VECTOR('',#2591,5.565E0);
#2593=CARTESIAN_POINT('',(2.635E0,8.035E0,-1.28E1));
#2594=LINE('',#2593,#2592);
#2595=CARTESIAN_POINT('',(2.635E0,6.465E0,-1.8365E1));
#2596=DIRECTION('',(-1.E0,0.E0,0.E0));
#2597=DIRECTION('',(0.E0,1.E0,0.E0));
#2598=AXIS2_PLACEMENT_3D('',#2595,#2596,#2597);
#2600=DIRECTION('',(0.E0,-1.E0,0.E0));
#2601=VECTOR('',#2600,9.765E0);
#2602=CARTESIAN_POINT('',(2.635E0,6.465E0,-1.9935E1));
#2603=LINE('',#2602,#2601);
#2604=DIRECTION('',(0.E0,0.E0,1.E0));
#2605=VECTOR('',#2604,1.07E0);
#2606=CARTESIAN_POINT('',(2.635E0,-3.3E0,-1.9935E1));
#2607=LINE('',#2606,#2605);
#2608=DIRECTION('',(0.E0,1.E0,0.E0));
#2609=VECTOR('',#2608,9.765E0);
#2610=CARTESIAN_POINT('',(2.635E0,-3.3E0,-1.8865E1));
#2611=LINE('',#2610,#2609);
#2612=CARTESIAN_POINT('',(2.635E0,6.465E0,-1.8365E1));
#2613=DIRECTION('',(1.E0,0.E0,0.E0));
#2614=DIRECTION('',(0.E0,0.E0,-1.E0));
#2615=AXIS2_PLACEMENT_3D('',#2612,#2613,#2614);
#2617=DIRECTION('',(0.E0,0.E0,1.E0));
#2618=VECTOR('',#2617,5.565E0);
#2619=CARTESIAN_POINT('',(2.635E0,6.965E0,-1.8365E1));
#2620=LINE('',#2619,#2618);
#2621=DIRECTION('',(0.E0,0.E0,-1.E0));
#2622=VECTOR('',#2621,5.3E0);
#2623=CARTESIAN_POINT('',(2.635E0,8.035E0,-4.7E0));
#2624=LINE('',#2623,#2622);
#2625=DIRECTION('',(0.E0,0.E0,1.E0));
#2626=VECTOR('',#2625,5.3E0);
#2627=CARTESIAN_POINT('',(2.635E0,6.965E0,-1.E1));
#2628=LINE('',#2627,#2626);
#2629=DIRECTION('',(0.E0,1.E0,0.E0));
#2630=VECTOR('',#2629,1.07E0);
#2631=CARTESIAN_POINT('',(2.635E0,6.965E0,-4.7E0));
#2632=LINE('',#2631,#2630);
#2633=DIRECTION('',(-1.E0,0.E0,0.E0));
#2634=VECTOR('',#2633,1.07E0);
#2635=CARTESIAN_POINT('',(2.635E0,8.035E0,-4.7E0));
#2636=LINE('',#2635,#2634);
#2637=DIRECTION('',(0.E0,0.E0,1.E0));
#2638=VECTOR('',#2637,5.565E0);
#2639=CARTESIAN_POINT('',(1.565E0,6.965E0,-1.8365E1));
#2640=LINE('',#2639,#2638);
#2641=CARTESIAN_POINT('',(1.565E0,6.465E0,-1.8365E1));
#2642=DIRECTION('',(1.E0,0.E0,0.E0));
#2643=DIRECTION('',(0.E0,0.E0,-1.E0));
#2644=AXIS2_PLACEMENT_3D('',#2641,#2642,#2643);
#2646=DIRECTION('',(0.E0,1.E0,0.E0));
#2647=VECTOR('',#2646,9.765E0);
#2648=CARTESIAN_POINT('',(1.565E0,-3.3E0,-1.8865E1));
#2649=LINE('',#2648,#2647);
#2650=DIRECTION('',(0.E0,0.E0,1.E0));
#2651=VECTOR('',#2650,1.07E0);
#2652=CARTESIAN_POINT('',(1.565E0,-3.3E0,-1.9935E1));
#2653=LINE('',#2652,#2651);
#2654=DIRECTION('',(0.E0,-1.E0,0.E0));
#2655=VECTOR('',#2654,9.765E0);
#2656=CARTESIAN_POINT('',(1.565E0,6.465E0,-1.9935E1));
#2657=LINE('',#2656,#2655);
#2658=CARTESIAN_POINT('',(1.565E0,6.465E0,-1.8365E1));
#2659=DIRECTION('',(-1.E0,0.E0,0.E0));
#2660=DIRECTION('',(0.E0,1.E0,0.E0));
#2661=AXIS2_PLACEMENT_3D('',#2658,#2659,#2660);
#2663=DIRECTION('',(0.E0,0.E0,-1.E0));
#2664=VECTOR('',#2663,5.565E0);
#2665=CARTESIAN_POINT('',(1.565E0,8.035E0,-1.28E1));
#2666=LINE('',#2665,#2664);
#2667=DIRECTION('',(0.E0,0.E0,-1.E0));
#2668=VECTOR('',#2667,5.3E0);
#2669=CARTESIAN_POINT('',(1.565E0,8.035E0,-4.7E0));
#2670=LINE('',#2669,#2668);
#2671=DIRECTION('',(0.E0,1.E0,0.E0));
#2672=VECTOR('',#2671,1.07E0);
#2673=CARTESIAN_POINT('',(1.565E0,6.965E0,-4.7E0));
#2674=LINE('',#2673,#2672);
#2675=DIRECTION('',(0.E0,0.E0,1.E0));
#2676=VECTOR('',#2675,5.3E0);
#2677=CARTESIAN_POINT('',(1.565E0,6.965E0,-1.E1));
#2678=LINE('',#2677,#2676);
#2679=DIRECTION('',(-1.E0,0.E0,0.E0));
#2680=VECTOR('',#2679,1.07E0);
#2681=CARTESIAN_POINT('',(2.635E0,6.965E0,-1.8365E1));
#2682=LINE('',#2681,#2680);
#2683=DIRECTION('',(-1.E0,0.E0,0.E0));
#2684=VECTOR('',#2683,1.07E0);
#2685=CARTESIAN_POINT('',(2.635E0,6.465E0,-1.8865E1));
#2686=LINE('',#2685,#2684);
#2687=DIRECTION('',(-1.E0,0.E0,0.E0));
#2688=VECTOR('',#2687,1.07E0);
#2689=CARTESIAN_POINT('',(2.635E0,-3.3E0,-1.8865E1));
#2690=LINE('',#2689,#2688);
#2691=DIRECTION('',(-1.E0,0.E0,0.E0));
#2692=VECTOR('',#2691,1.07E0);
#2693=CARTESIAN_POINT('',(2.635E0,-3.3E0,-1.9935E1));
#2694=LINE('',#2693,#2692);
#2695=DIRECTION('',(-1.E0,0.E0,0.E0));
#2696=VECTOR('',#2695,1.07E0);
#2697=CARTESIAN_POINT('',(2.635E0,6.465E0,-1.9935E1));
#2698=LINE('',#2697,#2696);
#2699=DIRECTION('',(-1.E0,0.E0,0.E0));
#2700=VECTOR('',#2699,1.07E0);
#2701=CARTESIAN_POINT('',(2.635E0,8.035E0,-1.8365E1));
#2702=LINE('',#2701,#2700);
#2703=DIRECTION('',(0.E0,-1.E0,0.E0));
#2704=VECTOR('',#2703,2.8E0);
#2705=CARTESIAN_POINT('',(-4.E0,4.9E0,-1.E1));
#2706=LINE('',#2705,#2704);
#2707=DIRECTION('',(-1.E0,0.E0,0.E0));
#2708=VECTOR('',#2707,3.8E0);
#2709=CARTESIAN_POINT('',(-2.E-1,4.9E0,-1.E1));
#2710=LINE('',#2709,#2708);
#2711=DIRECTION('',(0.E0,1.E0,0.E0));
#2712=VECTOR('',#2711,2.8E0);
#2713=CARTESIAN_POINT('',(-2.E-1,2.1E0,-1.E1));
#2714=LINE('',#2713,#2712);
#2715=DIRECTION('',(7.071067811865E-1,7.071067811865E-1,0.E0));
#2716=VECTOR('',#2715,1.131370849898E0);
#2717=CARTESIAN_POINT('',(-1.E0,1.3E0,-1.E1));
#2718=LINE('',#2717,#2716);
#2719=DIRECTION('',(1.E0,0.E0,0.E0));
#2720=VECTOR('',#2719,2.2E0);
#2721=CARTESIAN_POINT('',(-3.2E0,1.3E0,-1.E1));
#2722=LINE('',#2721,#2720);
#2723=DIRECTION('',(7.071067811865E-1,-7.071067811865E-1,0.E0));
#2724=VECTOR('',#2723,1.131370849898E0);
#2725=CARTESIAN_POINT('',(-4.E0,2.1E0,-1.E1));
#2726=LINE('',#2725,#2724);
#2727=DIRECTION('',(0.E0,-1.E0,0.E0));
#2728=VECTOR('',#2727,3.6E0);
#2729=CARTESIAN_POINT('',(-4.E0,9.1E0,-1.E1));
#2730=LINE('',#2729,#2728);
#2731=DIRECTION('',(-1.E0,0.E0,0.E0));
#2732=VECTOR('',#2731,3.8E0);
#2733=CARTESIAN_POINT('',(-2.E-1,9.1E0,-1.E1));
#2734=LINE('',#2733,#2732);
#2735=DIRECTION('',(0.E0,1.E0,0.E0));
#2736=VECTOR('',#2735,3.6E0);
#2737=CARTESIAN_POINT('',(-2.E-1,5.5E0,-1.E1));
#2738=LINE('',#2737,#2736);
#2739=DIRECTION('',(1.E0,0.E0,0.E0));
#2740=VECTOR('',#2739,3.8E0);
#2741=CARTESIAN_POINT('',(-4.E0,5.5E0,-1.E1));
#2742=LINE('',#2741,#2740);
#2743=DIRECTION('',(0.E0,-1.E0,0.E0));
#2744=VECTOR('',#2743,3.E0);
#2745=CARTESIAN_POINT('',(2.E-1,4.9E0,-1.E1));
#2746=LINE('',#2745,#2744);
#2747=DIRECTION('',(-1.E0,0.E0,0.E0));
#2748=VECTOR('',#2747,3.8E0);
#2749=CARTESIAN_POINT('',(4.E0,4.9E0,-1.E1));
#2750=LINE('',#2749,#2748);
#2751=DIRECTION('',(0.E0,1.E0,0.E0));
#2752=VECTOR('',#2751,3.E0);
#2753=CARTESIAN_POINT('',(4.E0,1.9E0,-1.E1));
#2754=LINE('',#2753,#2752);
#2755=DIRECTION('',(7.071067811865E-1,7.071067811865E-1,0.E0));
#2756=VECTOR('',#2755,1.131370849898E0);
#2757=CARTESIAN_POINT('',(3.2E0,1.1E0,-1.E1));
#2758=LINE('',#2757,#2756);
#2759=DIRECTION('',(1.E0,0.E0,0.E0));
#2760=VECTOR('',#2759,2.2E0);
#2761=CARTESIAN_POINT('',(1.E0,1.1E0,-1.E1));
#2762=LINE('',#2761,#2760);
#2763=DIRECTION('',(7.071067811865E-1,-7.071067811865E-1,0.E0));
#2764=VECTOR('',#2763,1.131370849898E0);
#2765=CARTESIAN_POINT('',(2.E-1,1.9E0,-1.E1));
#2766=LINE('',#2765,#2764);
#2767=DIRECTION('',(0.E0,-1.E0,0.E0));
#2768=VECTOR('',#2767,3.6E0);
#2769=CARTESIAN_POINT('',(2.E-1,9.1E0,-1.E1));
#2770=LINE('',#2769,#2768);
#2771=DIRECTION('',(-1.E0,0.E0,0.E0));
#2772=VECTOR('',#2771,3.8E0);
#2773=CARTESIAN_POINT('',(4.E0,9.1E0,-1.E1));
#2774=LINE('',#2773,#2772);
#2775=DIRECTION('',(0.E0,1.E0,0.E0));
#2776=VECTOR('',#2775,3.6E0);
#2777=CARTESIAN_POINT('',(4.E0,5.5E0,-1.E1));
#2778=LINE('',#2777,#2776);
#2779=DIRECTION('',(1.E0,0.E0,0.E0));
#2780=VECTOR('',#2779,3.8E0);
#2781=CARTESIAN_POINT('',(2.E-1,5.5E0,-1.E1));
#2782=LINE('',#2781,#2780);
#2783=DIRECTION('',(0.E0,1.E0,0.E0));
#2784=VECTOR('',#2783,1.07E0);
#2785=CARTESIAN_POINT('',(2.635E0,6.965E0,-1.E1));
#2786=LINE('',#2785,#2784);
#2787=DIRECTION('',(-1.E0,0.E0,0.E0));
#2788=VECTOR('',#2787,1.07E0);
#2789=CARTESIAN_POINT('',(2.635E0,8.035E0,-1.E1));
#2790=LINE('',#2789,#2788);
#2791=DIRECTION('',(0.E0,1.E0,0.E0));
#2792=VECTOR('',#2791,1.07E0);
#2793=CARTESIAN_POINT('',(1.565E0,6.965E0,-1.E1));
#2794=LINE('',#2793,#2792);
#2795=DIRECTION('',(-1.E0,0.E0,0.E0));
#2796=VECTOR('',#2795,1.07E0);
#2797=CARTESIAN_POINT('',(2.635E0,6.965E0,-1.E1));
#2798=LINE('',#2797,#2796);
#2799=DIRECTION('',(0.E0,1.E0,0.E0));
#2800=VECTOR('',#2799,1.07E0);
#2801=CARTESIAN_POINT('',(-1.565E0,6.965E0,-1.E1));
#2802=LINE('',#2801,#2800);
#2803=DIRECTION('',(-1.E0,0.E0,0.E0));
#2804=VECTOR('',#2803,1.07E0);
#2805=CARTESIAN_POINT('',(-1.565E0,8.035E0,-1.E1));
#2806=LINE('',#2805,#2804);
#2807=DIRECTION('',(0.E0,1.E0,0.E0));
#2808=VECTOR('',#2807,1.07E0);
#2809=CARTESIAN_POINT('',(-2.635E0,6.965E0,-1.E1));
#2810=LINE('',#2809,#2808);
#2811=DIRECTION('',(-1.E0,0.E0,0.E0));
#2812=VECTOR('',#2811,1.07E0);
#2813=CARTESIAN_POINT('',(-1.565E0,6.965E0,-1.E1));
#2814=LINE('',#2813,#2812);
#2815=DIRECTION('',(0.E0,1.E0,0.E0));
#2816=VECTOR('',#2815,1.07E0);
#2817=CARTESIAN_POINT('',(2.635E0,2.765E0,-1.E1));
#2818=LINE('',#2817,#2816);
#2819=DIRECTION('',(-1.E0,0.E0,0.E0));
#2820=VECTOR('',#2819,1.07E0);
#2821=CARTESIAN_POINT('',(2.635E0,3.835E0,-1.E1));
#2822=LINE('',#2821,#2820);
#2823=DIRECTION('',(0.E0,1.E0,0.E0));
#2824=VECTOR('',#2823,1.07E0);
#2825=CARTESIAN_POINT('',(1.565E0,2.765E0,-1.E1));
#2826=LINE('',#2825,#2824);
#2827=DIRECTION('',(-1.E0,0.E0,0.E0));
#2828=VECTOR('',#2827,1.07E0);
#2829=CARTESIAN_POINT('',(2.635E0,2.765E0,-1.E1));
#2830=LINE('',#2829,#2828);
#2831=DIRECTION('',(0.E0,1.E0,0.E0));
#2832=VECTOR('',#2831,1.07E0);
#2833=CARTESIAN_POINT('',(-1.565E0,2.765E0,-1.E1));
#2834=LINE('',#2833,#2832);
#2835=DIRECTION('',(-1.E0,0.E0,0.E0));
#2836=VECTOR('',#2835,1.07E0);
#2837=CARTESIAN_POINT('',(-1.565E0,3.835E0,-1.E1));
#2838=LINE('',#2837,#2836);
#2839=DIRECTION('',(0.E0,1.E0,0.E0));
#2840=VECTOR('',#2839,1.07E0);
#2841=CARTESIAN_POINT('',(-2.635E0,2.765E0,-1.E1));
#2842=LINE('',#2841,#2840);
#2843=DIRECTION('',(-1.E0,0.E0,0.E0));
#2844=VECTOR('',#2843,1.07E0);
#2845=CARTESIAN_POINT('',(-1.565E0,2.765E0,-1.E1));
#2846=LINE('',#2845,#2844);
#2847=DIRECTION('',(0.E0,0.E0,-1.E0));
#2848=VECTOR('',#2847,1.E1);
#2849=CARTESIAN_POINT('',(-4.E0,4.9E0,0.E0));
#2850=LINE('',#2849,#2848);
#2851=DIRECTION('',(0.E0,0.E0,-1.E0));
#2852=VECTOR('',#2851,1.E1);
#2853=CARTESIAN_POINT('',(-2.E-1,4.9E0,0.E0));
#2854=LINE('',#2853,#2852);
#2855=DIRECTION('',(0.E0,0.E0,-1.E0));
#2856=VECTOR('',#2855,1.E1);
#2857=CARTESIAN_POINT('',(-2.E-1,2.1E0,0.E0));
#2858=LINE('',#2857,#2856);
#2859=DIRECTION('',(0.E0,0.E0,-1.E0));
#2860=VECTOR('',#2859,1.E1);
#2861=CARTESIAN_POINT('',(-1.E0,1.3E0,0.E0));
#2862=LINE('',#2861,#2860);
#2863=DIRECTION('',(0.E0,0.E0,-1.E0));
#2864=VECTOR('',#2863,1.E1);
#2865=CARTESIAN_POINT('',(-3.2E0,1.3E0,0.E0));
#2866=LINE('',#2865,#2864);
#2867=DIRECTION('',(0.E0,0.E0,-1.E0));
#2868=VECTOR('',#2867,1.E1);
#2869=CARTESIAN_POINT('',(-4.E0,2.1E0,0.E0));
#2870=LINE('',#2869,#2868);
#2871=DIRECTION('',(0.E0,0.E0,-1.E0));
#2872=VECTOR('',#2871,1.E1);
#2873=CARTESIAN_POINT('',(-4.E0,9.1E0,0.E0));
#2874=LINE('',#2873,#2872);
#2875=DIRECTION('',(0.E0,0.E0,-1.E0));
#2876=VECTOR('',#2875,1.E1);
#2877=CARTESIAN_POINT('',(-2.E-1,9.1E0,0.E0));
#2878=LINE('',#2877,#2876);
#2879=DIRECTION('',(0.E0,0.E0,-1.E0));
#2880=VECTOR('',#2879,1.E1);
#2881=CARTESIAN_POINT('',(-2.E-1,5.5E0,0.E0));
#2882=LINE('',#2881,#2880);
#2883=DIRECTION('',(0.E0,0.E0,-1.E0));
#2884=VECTOR('',#2883,1.E1);
#2885=CARTESIAN_POINT('',(-4.E0,5.5E0,0.E0));
#2886=LINE('',#2885,#2884);
#2887=DIRECTION('',(0.E0,0.E0,-1.E0));
#2888=VECTOR('',#2887,1.E1);
#2889=CARTESIAN_POINT('',(2.E-1,4.9E0,0.E0));
#2890=LINE('',#2889,#2888);
#2891=DIRECTION('',(0.E0,0.E0,-1.E0));
#2892=VECTOR('',#2891,1.E1);
#2893=CARTESIAN_POINT('',(4.E0,4.9E0,0.E0));
#2894=LINE('',#2893,#2892);
#2895=DIRECTION('',(0.E0,0.E0,-1.E0));
#2896=VECTOR('',#2895,1.E1);
#2897=CARTESIAN_POINT('',(4.E0,1.9E0,0.E0));
#2898=LINE('',#2897,#2896);
#2899=DIRECTION('',(0.E0,0.E0,-1.E0));
#2900=VECTOR('',#2899,1.E1);
#2901=CARTESIAN_POINT('',(3.2E0,1.1E0,0.E0));
#2902=LINE('',#2901,#2900);
#2903=DIRECTION('',(0.E0,0.E0,-1.E0));
#2904=VECTOR('',#2903,1.E1);
#2905=CARTESIAN_POINT('',(1.E0,1.1E0,0.E0));
#2906=LINE('',#2905,#2904);
#2907=DIRECTION('',(0.E0,0.E0,-1.E0));
#2908=VECTOR('',#2907,1.E1);
#2909=CARTESIAN_POINT('',(2.E-1,1.9E0,0.E0));
#2910=LINE('',#2909,#2908);
#2911=DIRECTION('',(0.E0,0.E0,-1.E0));
#2912=VECTOR('',#2911,1.E1);
#2913=CARTESIAN_POINT('',(2.E-1,9.1E0,0.E0));
#2914=LINE('',#2913,#2912);
#2915=DIRECTION('',(0.E0,0.E0,-1.E0));
#2916=VECTOR('',#2915,1.E1);
#2917=CARTESIAN_POINT('',(4.E0,9.1E0,0.E0));
#2918=LINE('',#2917,#2916);
#2919=DIRECTION('',(0.E0,0.E0,-1.E0));
#2920=VECTOR('',#2919,1.E1);
#2921=CARTESIAN_POINT('',(4.E0,5.5E0,0.E0));
#2922=LINE('',#2921,#2920);
#2923=DIRECTION('',(0.E0,0.E0,-1.E0));
#2924=VECTOR('',#2923,1.E1);
#2925=CARTESIAN_POINT('',(2.E-1,5.5E0,0.E0));
#2926=LINE('',#2925,#2924);
#2927=DIRECTION('',(0.E0,0.E0,-1.E0));
#2928=VECTOR('',#2927,5.565E0);
#2929=CARTESIAN_POINT('',(-1.565E0,8.035E0,-1.28E1));
#2930=LINE('',#2929,#2928);
#2931=CARTESIAN_POINT('',(-1.565E0,6.465E0,-1.8365E1));
#2932=DIRECTION('',(-1.E0,0.E0,0.E0));
#2933=DIRECTION('',(0.E0,1.E0,0.E0));
#2934=AXIS2_PLACEMENT_3D('',#2931,#2932,#2933);
#2936=DIRECTION('',(0.E0,-1.E0,0.E0));
#2937=VECTOR('',#2936,9.765E0);
#2938=CARTESIAN_POINT('',(-1.565E0,6.465E0,-1.9935E1));
#2939=LINE('',#2938,#2937);
#2940=DIRECTION('',(0.E0,0.E0,1.E0));
#2941=VECTOR('',#2940,1.07E0);
#2942=CARTESIAN_POINT('',(-1.565E0,-3.3E0,-1.9935E1));
#2943=LINE('',#2942,#2941);
#2944=DIRECTION('',(0.E0,1.E0,0.E0));
#2945=VECTOR('',#2944,9.765E0);
#2946=CARTESIAN_POINT('',(-1.565E0,-3.3E0,-1.8865E1));
#2947=LINE('',#2946,#2945);
#2948=CARTESIAN_POINT('',(-1.565E0,6.465E0,-1.8365E1));
#2949=DIRECTION('',(1.E0,0.E0,0.E0));
#2950=DIRECTION('',(0.E0,0.E0,-1.E0));
#2951=AXIS2_PLACEMENT_3D('',#2948,#2949,#2950);
#2953=DIRECTION('',(0.E0,0.E0,1.E0));
#2954=VECTOR('',#2953,5.565E0);
#2955=CARTESIAN_POINT('',(-1.565E0,6.965E0,-1.8365E1));
#2956=LINE('',#2955,#2954);
#2957=DIRECTION('',(0.E0,0.E0,-1.E0));
#2958=VECTOR('',#2957,5.3E0);
#2959=CARTESIAN_POINT('',(-1.565E0,8.035E0,-4.7E0));
#2960=LINE('',#2959,#2958);
#2961=DIRECTION('',(0.E0,0.E0,1.E0));
#2962=VECTOR('',#2961,5.3E0);
#2963=CARTESIAN_POINT('',(-1.565E0,6.965E0,-1.E1));
#2964=LINE('',#2963,#2962);
#2965=DIRECTION('',(0.E0,1.E0,0.E0));
#2966=VECTOR('',#2965,1.07E0);
#2967=CARTESIAN_POINT('',(-1.565E0,6.965E0,-4.7E0));
#2968=LINE('',#2967,#2966);
#2969=DIRECTION('',(-1.E0,0.E0,0.E0));
#2970=VECTOR('',#2969,1.07E0);
#2971=CARTESIAN_POINT('',(-1.565E0,8.035E0,-4.7E0));
#2972=LINE('',#2971,#2970);
#2973=DIRECTION('',(0.E0,0.E0,1.E0));
#2974=VECTOR('',#2973,5.565E0);
#2975=CARTESIAN_POINT('',(-2.635E0,6.965E0,-1.8365E1));
#2976=LINE('',#2975,#2974);
#2977=CARTESIAN_POINT('',(-2.635E0,6.465E0,-1.8365E1));
#2978=DIRECTION('',(1.E0,0.E0,0.E0));
#2979=DIRECTION('',(0.E0,0.E0,-1.E0));
#2980=AXIS2_PLACEMENT_3D('',#2977,#2978,#2979);
#2982=DIRECTION('',(0.E0,1.E0,0.E0));
#2983=VECTOR('',#2982,9.765E0);
#2984=CARTESIAN_POINT('',(-2.635E0,-3.3E0,-1.8865E1));
#2985=LINE('',#2984,#2983);
#2986=DIRECTION('',(0.E0,0.E0,1.E0));
#2987=VECTOR('',#2986,1.07E0);
#2988=CARTESIAN_POINT('',(-2.635E0,-3.3E0,-1.9935E1));
#2989=LINE('',#2988,#2987);
#2990=DIRECTION('',(0.E0,-1.E0,0.E0));
#2991=VECTOR('',#2990,9.765E0);
#2992=CARTESIAN_POINT('',(-2.635E0,6.465E0,-1.9935E1));
#2993=LINE('',#2992,#2991);
#2994=CARTESIAN_POINT('',(-2.635E0,6.465E0,-1.8365E1));
#2995=DIRECTION('',(-1.E0,0.E0,0.E0));
#2996=DIRECTION('',(0.E0,1.E0,0.E0));
#2997=AXIS2_PLACEMENT_3D('',#2994,#2995,#2996);
#2999=DIRECTION('',(0.E0,0.E0,-1.E0));
#3000=VECTOR('',#2999,5.565E0);
#3001=CARTESIAN_POINT('',(-2.635E0,8.035E0,-1.28E1));
#3002=LINE('',#3001,#3000);
#3003=DIRECTION('',(0.E0,0.E0,-1.E0));
#3004=VECTOR('',#3003,5.3E0);
#3005=CARTESIAN_POINT('',(-2.635E0,8.035E0,-4.7E0));
#3006=LINE('',#3005,#3004);
#3007=DIRECTION('',(0.E0,1.E0,0.E0));
#3008=VECTOR('',#3007,1.07E0);
#3009=CARTESIAN_POINT('',(-2.635E0,6.965E0,-4.7E0));
#3010=LINE('',#3009,#3008);
#3011=DIRECTION('',(0.E0,0.E0,1.E0));
#3012=VECTOR('',#3011,5.3E0);
#3013=CARTESIAN_POINT('',(-2.635E0,6.965E0,-1.E1));
#3014=LINE('',#3013,#3012);
#3015=DIRECTION('',(-1.E0,0.E0,0.E0));
#3016=VECTOR('',#3015,1.07E0);
#3017=CARTESIAN_POINT('',(-1.565E0,6.965E0,-1.8365E1));
#3018=LINE('',#3017,#3016);
#3019=DIRECTION('',(-1.E0,0.E0,0.E0));
#3020=VECTOR('',#3019,1.07E0);
#3021=CARTESIAN_POINT('',(-1.565E0,6.465E0,-1.8865E1));
#3022=LINE('',#3021,#3020);
#3023=DIRECTION('',(-1.E0,0.E0,0.E0));
#3024=VECTOR('',#3023,1.07E0);
#3025=CARTESIAN_POINT('',(-1.565E0,-3.3E0,-1.8865E1));
#3026=LINE('',#3025,#3024);
#3027=DIRECTION('',(-1.E0,0.E0,0.E0));
#3028=VECTOR('',#3027,1.07E0);
#3029=CARTESIAN_POINT('',(-1.565E0,-3.3E0,-1.9935E1));
#3030=LINE('',#3029,#3028);
#3031=DIRECTION('',(-1.E0,0.E0,0.E0));
#3032=VECTOR('',#3031,1.07E0);
#3033=CARTESIAN_POINT('',(-1.565E0,6.465E0,-1.9935E1));
#3034=LINE('',#3033,#3032);
#3035=DIRECTION('',(-1.E0,0.E0,0.E0));
#3036=VECTOR('',#3035,1.07E0);
#3037=CARTESIAN_POINT('',(-1.565E0,8.035E0,-1.8365E1));
#3038=LINE('',#3037,#3036);
#3039=DIRECTION('',(-1.E0,0.E0,0.E0));
#3040=VECTOR('',#3039,1.07E0);
#3041=CARTESIAN_POINT('',(-1.565E0,6.965E0,-4.7E0));
#3042=LINE('',#3041,#3040);
#3043=DIRECTION('',(0.E0,0.E0,-1.E0));
#3044=VECTOR('',#3043,2.65E-1);
#3045=CARTESIAN_POINT('',(2.635E0,3.835E0,-1.28E1));
#3046=LINE('',#3045,#3044);
#3047=CARTESIAN_POINT('',(2.635E0,2.465E0,-1.3065E1));
#3048=DIRECTION('',(-1.E0,0.E0,0.E0));
#3049=DIRECTION('',(0.E0,1.E0,-2.204238413854E-14));
#3050=AXIS2_PLACEMENT_3D('',#3047,#3048,#3049);
#3052=DIRECTION('',(0.E0,-1.E0,0.E0));
#3053=VECTOR('',#3052,5.765E0);
#3054=CARTESIAN_POINT('',(2.635E0,2.465E0,-1.4435E1));
#3055=LINE('',#3054,#3053);
#3056=DIRECTION('',(0.E0,0.E0,1.E0));
#3057=VECTOR('',#3056,1.07E0);
#3058=CARTESIAN_POINT('',(2.635E0,-3.3E0,-1.4435E1));
#3059=LINE('',#3058,#3057);
#3060=DIRECTION('',(0.E0,1.E0,0.E0));
#3061=VECTOR('',#3060,5.765E0);
#3062=CARTESIAN_POINT('',(2.635E0,-3.3E0,-1.3365E1));
#3063=LINE('',#3062,#3061);
#3064=CARTESIAN_POINT('',(2.635E0,2.465E0,-1.3065E1));
#3065=DIRECTION('',(1.E0,0.E0,0.E0));
#3066=DIRECTION('',(0.E0,6.809367884368E-14,-1.E0));
#3067=AXIS2_PLACEMENT_3D('',#3064,#3065,#3066);
#3069=DIRECTION('',(0.E0,0.E0,1.E0));
#3070=VECTOR('',#3069,2.65E-1);
#3071=CARTESIAN_POINT('',(2.635E0,2.765E0,-1.3065E1));
#3072=LINE('',#3071,#3070);
#3073=DIRECTION('',(0.E0,0.E0,-1.E0));
#3074=VECTOR('',#3073,5.3E0);
#3075=CARTESIAN_POINT('',(2.635E0,3.835E0,-4.7E0));
#3076=LINE('',#3075,#3074);
#3077=DIRECTION('',(0.E0,0.E0,1.E0));
#3078=VECTOR('',#3077,5.3E0);
#3079=CARTESIAN_POINT('',(2.635E0,2.765E0,-1.E1));
#3080=LINE('',#3079,#3078);
#3081=DIRECTION('',(0.E0,1.E0,0.E0));
#3082=VECTOR('',#3081,1.07E0);
#3083=CARTESIAN_POINT('',(2.635E0,2.765E0,-4.7E0));
#3084=LINE('',#3083,#3082);
#3085=DIRECTION('',(-1.E0,0.E0,0.E0));
#3086=VECTOR('',#3085,1.07E0);
#3087=CARTESIAN_POINT('',(2.635E0,3.835E0,-4.7E0));
#3088=LINE('',#3087,#3086);
#3089=DIRECTION('',(0.E0,0.E0,1.E0));
#3090=VECTOR('',#3089,2.65E-1);
#3091=CARTESIAN_POINT('',(1.565E0,2.765E0,-1.3065E1));
#3092=LINE('',#3091,#3090);
#3093=CARTESIAN_POINT('',(1.565E0,2.465E0,-1.3065E1));
#3094=DIRECTION('',(1.E0,0.E0,0.E0));
#3095=DIRECTION('',(0.E0,6.809367884368E-14,-1.E0));
#3096=AXIS2_PLACEMENT_3D('',#3093,#3094,#3095);
#3098=DIRECTION('',(0.E0,1.E0,0.E0));
#3099=VECTOR('',#3098,5.765E0);
#3100=CARTESIAN_POINT('',(1.565E0,-3.3E0,-1.3365E1));
#3101=LINE('',#3100,#3099);
#3102=DIRECTION('',(0.E0,0.E0,1.E0));
#3103=VECTOR('',#3102,1.07E0);
#3104=CARTESIAN_POINT('',(1.565E0,-3.3E0,-1.4435E1));
#3105=LINE('',#3104,#3103);
#3106=DIRECTION('',(0.E0,-1.E0,0.E0));
#3107=VECTOR('',#3106,5.765E0);
#3108=CARTESIAN_POINT('',(1.565E0,2.465E0,-1.4435E1));
#3109=LINE('',#3108,#3107);
#3110=CARTESIAN_POINT('',(1.565E0,2.465E0,-1.3065E1));
#3111=DIRECTION('',(-1.E0,0.E0,0.E0));
#3112=DIRECTION('',(0.E0,1.E0,-2.204238413854E-14));
#3113=AXIS2_PLACEMENT_3D('',#3110,#3111,#3112);
#3115=DIRECTION('',(0.E0,0.E0,-1.E0));
#3116=VECTOR('',#3115,2.65E-1);
#3117=CARTESIAN_POINT('',(1.565E0,3.835E0,-1.28E1));
#3118=LINE('',#3117,#3116);
#3119=DIRECTION('',(0.E0,0.E0,-1.E0));
#3120=VECTOR('',#3119,5.3E0);
#3121=CARTESIAN_POINT('',(1.565E0,3.835E0,-4.7E0));
#3122=LINE('',#3121,#3120);
#3123=DIRECTION('',(0.E0,1.E0,0.E0));
#3124=VECTOR('',#3123,1.07E0);
#3125=CARTESIAN_POINT('',(1.565E0,2.765E0,-4.7E0));
#3126=LINE('',#3125,#3124);
#3127=DIRECTION('',(0.E0,0.E0,1.E0));
#3128=VECTOR('',#3127,5.3E0);
#3129=CARTESIAN_POINT('',(1.565E0,2.765E0,-1.E1));
#3130=LINE('',#3129,#3128);
#3131=DIRECTION('',(-1.E0,0.E0,0.E0));
#3132=VECTOR('',#3131,1.07E0);
#3133=CARTESIAN_POINT('',(2.635E0,2.765E0,-1.3065E1));
#3134=LINE('',#3133,#3132);
#3135=DIRECTION('',(-1.E0,0.E0,0.E0));
#3136=VECTOR('',#3135,1.07E0);
#3137=CARTESIAN_POINT('',(2.635E0,2.465E0,-1.3365E1));
#3138=LINE('',#3137,#3136);
#3139=DIRECTION('',(-1.E0,0.E0,0.E0));
#3140=VECTOR('',#3139,1.07E0);
#3141=CARTESIAN_POINT('',(2.635E0,-3.3E0,-1.3365E1));
#3142=LINE('',#3141,#3140);
#3143=DIRECTION('',(-1.E0,0.E0,0.E0));
#3144=VECTOR('',#3143,1.07E0);
#3145=CARTESIAN_POINT('',(2.635E0,-3.3E0,-1.4435E1));
#3146=LINE('',#3145,#3144);
#3147=DIRECTION('',(-1.E0,0.E0,0.E0));
#3148=VECTOR('',#3147,1.07E0);
#3149=CARTESIAN_POINT('',(2.635E0,2.465E0,-1.4435E1));
#3150=LINE('',#3149,#3148);
#3151=DIRECTION('',(-1.E0,0.E0,0.E0));
#3152=VECTOR('',#3151,1.07E0);
#3153=CARTESIAN_POINT('',(2.635E0,3.835E0,-1.3065E1));
#3154=LINE('',#3153,#3152);
#3155=DIRECTION('',(-1.E0,0.E0,0.E0));
#3156=VECTOR('',#3155,1.07E0);
#3157=CARTESIAN_POINT('',(2.635E0,2.765E0,-4.7E0));
#3158=LINE('',#3157,#3156);
#3159=DIRECTION('',(0.E0,0.E0,-1.E0));
#3160=VECTOR('',#3159,2.65E-1);
#3161=CARTESIAN_POINT('',(-1.565E0,3.835E0,-1.28E1));
#3162=LINE('',#3161,#3160);
#3163=CARTESIAN_POINT('',(-1.565E0,2.465E0,-1.3065E1));
#3164=DIRECTION('',(-1.E0,0.E0,0.E0));
#3165=DIRECTION('',(0.E0,1.E0,-2.204238413854E-14));
#3166=AXIS2_PLACEMENT_3D('',#3163,#3164,#3165);
#3168=DIRECTION('',(0.E0,-1.E0,0.E0));
#3169=VECTOR('',#3168,5.765E0);
#3170=CARTESIAN_POINT('',(-1.565E0,2.465E0,-1.4435E1));
#3171=LINE('',#3170,#3169);
#3172=DIRECTION('',(0.E0,0.E0,1.E0));
#3173=VECTOR('',#3172,1.07E0);
#3174=CARTESIAN_POINT('',(-1.565E0,-3.3E0,-1.4435E1));
#3175=LINE('',#3174,#3173);
#3176=DIRECTION('',(0.E0,1.E0,0.E0));
#3177=VECTOR('',#3176,5.765E0);
#3178=CARTESIAN_POINT('',(-1.565E0,-3.3E0,-1.3365E1));
#3179=LINE('',#3178,#3177);
#3180=CARTESIAN_POINT('',(-1.565E0,2.465E0,-1.3065E1));
#3181=DIRECTION('',(1.E0,0.E0,0.E0));
#3182=DIRECTION('',(0.E0,6.809367884368E-14,-1.E0));
#3183=AXIS2_PLACEMENT_3D('',#3180,#3181,#3182);
#3185=DIRECTION('',(0.E0,0.E0,1.E0));
#3186=VECTOR('',#3185,2.65E-1);
#3187=CARTESIAN_POINT('',(-1.565E0,2.765E0,-1.3065E1));
#3188=LINE('',#3187,#3186);
#3189=DIRECTION('',(0.E0,0.E0,-1.E0));
#3190=VECTOR('',#3189,5.3E0);
#3191=CARTESIAN_POINT('',(-1.565E0,3.835E0,-4.7E0));
#3192=LINE('',#3191,#3190);
#3193=DIRECTION('',(0.E0,0.E0,1.E0));
#3194=VECTOR('',#3193,5.3E0);
#3195=CARTESIAN_POINT('',(-1.565E0,2.765E0,-1.E1));
#3196=LINE('',#3195,#3194);
#3197=DIRECTION('',(0.E0,1.E0,0.E0));
#3198=VECTOR('',#3197,1.07E0);
#3199=CARTESIAN_POINT('',(-1.565E0,2.765E0,-4.7E0));
#3200=LINE('',#3199,#3198);
#3201=DIRECTION('',(-1.E0,0.E0,0.E0));
#3202=VECTOR('',#3201,1.07E0);
#3203=CARTESIAN_POINT('',(-1.565E0,3.835E0,-4.7E0));
#3204=LINE('',#3203,#3202);
#3205=DIRECTION('',(0.E0,0.E0,1.E0));
#3206=VECTOR('',#3205,2.65E-1);
#3207=CARTESIAN_POINT('',(-2.635E0,2.765E0,-1.3065E1));
#3208=LINE('',#3207,#3206);
#3209=CARTESIAN_POINT('',(-2.635E0,2.465E0,-1.3065E1));
#3210=DIRECTION('',(1.E0,0.E0,0.E0));
#3211=DIRECTION('',(0.E0,6.809367884368E-14,-1.E0));
#3212=AXIS2_PLACEMENT_3D('',#3209,#3210,#3211);
#3214=DIRECTION('',(0.E0,1.E0,0.E0));
#3215=VECTOR('',#3214,5.765E0);
#3216=CARTESIAN_POINT('',(-2.635E0,-3.3E0,-1.3365E1));
#3217=LINE('',#3216,#3215);
#3218=DIRECTION('',(0.E0,0.E0,1.E0));
#3219=VECTOR('',#3218,1.07E0);
#3220=CARTESIAN_POINT('',(-2.635E0,-3.3E0,-1.4435E1));
#3221=LINE('',#3220,#3219);
#3222=DIRECTION('',(0.E0,-1.E0,0.E0));
#3223=VECTOR('',#3222,5.765E0);
#3224=CARTESIAN_POINT('',(-2.635E0,2.465E0,-1.4435E1));
#3225=LINE('',#3224,#3223);
#3226=CARTESIAN_POINT('',(-2.635E0,2.465E0,-1.3065E1));
#3227=DIRECTION('',(-1.E0,0.E0,0.E0));
#3228=DIRECTION('',(0.E0,1.E0,-2.204238413854E-14));
#3229=AXIS2_PLACEMENT_3D('',#3226,#3227,#3228);
#3231=DIRECTION('',(0.E0,0.E0,-1.E0));
#3232=VECTOR('',#3231,2.65E-1);
#3233=CARTESIAN_POINT('',(-2.635E0,3.835E0,-1.28E1));
#3234=LINE('',#3233,#3232);
#3235=DIRECTION('',(0.E0,0.E0,-1.E0));
#3236=VECTOR('',#3235,5.3E0);
#3237=CARTESIAN_POINT('',(-2.635E0,3.835E0,-4.7E0));
#3238=LINE('',#3237,#3236);
#3239=DIRECTION('',(0.E0,1.E0,0.E0));
#3240=VECTOR('',#3239,1.07E0);
#3241=CARTESIAN_POINT('',(-2.635E0,2.765E0,-4.7E0));
#3242=LINE('',#3241,#3240);
#3243=DIRECTION('',(0.E0,0.E0,1.E0));
#3244=VECTOR('',#3243,5.3E0);
#3245=CARTESIAN_POINT('',(-2.635E0,2.765E0,-1.E1));
#3246=LINE('',#3245,#3244);
#3247=DIRECTION('',(-1.E0,0.E0,0.E0));
#3248=VECTOR('',#3247,1.07E0);
#3249=CARTESIAN_POINT('',(-1.565E0,2.765E0,-1.3065E1));
#3250=LINE('',#3249,#3248);
#3251=DIRECTION('',(-1.E0,0.E0,0.E0));
#3252=VECTOR('',#3251,1.07E0);
#3253=CARTESIAN_POINT('',(-1.565E0,2.465E0,-1.3365E1));
#3254=LINE('',#3253,#3252);
#3255=DIRECTION('',(-1.E0,0.E0,0.E0));
#3256=VECTOR('',#3255,1.07E0);
#3257=CARTESIAN_POINT('',(-1.565E0,-3.3E0,-1.3365E1));
#3258=LINE('',#3257,#3256);
#3259=DIRECTION('',(-1.E0,0.E0,0.E0));
#3260=VECTOR('',#3259,1.07E0);
#3261=CARTESIAN_POINT('',(-1.565E0,-3.3E0,-1.4435E1));
#3262=LINE('',#3261,#3260);
#3263=DIRECTION('',(-1.E0,0.E0,0.E0));
#3264=VECTOR('',#3263,1.07E0);
#3265=CARTESIAN_POINT('',(-1.565E0,2.465E0,-1.4435E1));
#3266=LINE('',#3265,#3264);
#3267=DIRECTION('',(-1.E0,0.E0,0.E0));
#3268=VECTOR('',#3267,1.07E0);
#3269=CARTESIAN_POINT('',(-1.565E0,3.835E0,-1.3065E1));
#3270=LINE('',#3269,#3268);
#3271=DIRECTION('',(-1.E0,0.E0,0.E0));
#3272=VECTOR('',#3271,1.07E0);
#3273=CARTESIAN_POINT('',(-1.565E0,2.765E0,-4.7E0));
#3274=LINE('',#3273,#3272);
#3275=DIRECTION('',(-1.E0,0.E0,0.E0));
#3276=VECTOR('',#3275,1.07E0);
#3277=CARTESIAN_POINT('',(2.635E0,6.965E0,-4.7E0));
#3278=LINE('',#3277,#3276);
#3279=DIRECTION('',(0.E0,0.E0,-1.E0));
#3280=VECTOR('',#3279,5.565E0);
#3281=CARTESIAN_POINT('',(-5.765E0,8.035E0,-1.28E1));
#3282=LINE('',#3281,#3280);
#3283=CARTESIAN_POINT('',(-5.765E0,6.465E0,-1.8365E1));
#3284=DIRECTION('',(-1.E0,0.E0,0.E0));
#3285=DIRECTION('',(0.E0,1.E0,0.E0));
#3286=AXIS2_PLACEMENT_3D('',#3283,#3284,#3285);
#3288=DIRECTION('',(0.E0,-1.E0,0.E0));
#3289=VECTOR('',#3288,9.765E0);
#3290=CARTESIAN_POINT('',(-5.765E0,6.465E0,-1.9935E1));
#3291=LINE('',#3290,#3289);
#3292=DIRECTION('',(0.E0,0.E0,1.E0));
#3293=VECTOR('',#3292,1.07E0);
#3294=CARTESIAN_POINT('',(-5.765E0,-3.3E0,-1.9935E1));
#3295=LINE('',#3294,#3293);
#3296=DIRECTION('',(0.E0,1.E0,0.E0));
#3297=VECTOR('',#3296,9.765E0);
#3298=CARTESIAN_POINT('',(-5.765E0,-3.3E0,-1.8865E1));
#3299=LINE('',#3298,#3297);
#3300=CARTESIAN_POINT('',(-5.765E0,6.465E0,-1.8365E1));
#3301=DIRECTION('',(1.E0,0.E0,0.E0));
#3302=DIRECTION('',(0.E0,0.E0,-1.E0));
#3303=AXIS2_PLACEMENT_3D('',#3300,#3301,#3302);
#3305=DIRECTION('',(0.E0,0.E0,1.E0));
#3306=VECTOR('',#3305,5.565E0);
#3307=CARTESIAN_POINT('',(-5.765E0,6.965E0,-1.8365E1));
#3308=LINE('',#3307,#3306);
#3309=DIRECTION('',(0.E0,0.E0,-1.E0));
#3310=VECTOR('',#3309,5.3E0);
#3311=CARTESIAN_POINT('',(-5.765E0,8.035E0,-4.7E0));
#3312=LINE('',#3311,#3310);
#3313=DIRECTION('',(0.E0,0.E0,1.E0));
#3314=VECTOR('',#3313,5.3E0);
#3315=CARTESIAN_POINT('',(-5.765E0,6.965E0,-1.E1));
#3316=LINE('',#3315,#3314);
#3317=DIRECTION('',(0.E0,1.E0,0.E0));
#3318=VECTOR('',#3317,1.07E0);
#3319=CARTESIAN_POINT('',(-5.765E0,6.965E0,-4.7E0));
#3320=LINE('',#3319,#3318);
#3321=DIRECTION('',(-1.E0,0.E0,0.E0));
#3322=VECTOR('',#3321,1.07E0);
#3323=CARTESIAN_POINT('',(-5.765E0,8.035E0,-4.7E0));
#3324=LINE('',#3323,#3322);
#3325=DIRECTION('',(0.E0,0.E0,1.E0));
#3326=VECTOR('',#3325,5.565E0);
#3327=CARTESIAN_POINT('',(-6.835E0,6.965E0,-1.8365E1));
#3328=LINE('',#3327,#3326);
#3329=CARTESIAN_POINT('',(-6.835E0,6.465E0,-1.8365E1));
#3330=DIRECTION('',(1.E0,0.E0,0.E0));
#3331=DIRECTION('',(0.E0,0.E0,-1.E0));
#3332=AXIS2_PLACEMENT_3D('',#3329,#3330,#3331);
#3334=DIRECTION('',(0.E0,1.E0,0.E0));
#3335=VECTOR('',#3334,9.765E0);
#3336=CARTESIAN_POINT('',(-6.835E0,-3.3E0,-1.8865E1));
#3337=LINE('',#3336,#3335);
#3338=DIRECTION('',(0.E0,0.E0,1.E0));
#3339=VECTOR('',#3338,1.07E0);
#3340=CARTESIAN_POINT('',(-6.835E0,-3.3E0,-1.9935E1));
#3341=LINE('',#3340,#3339);
#3342=DIRECTION('',(0.E0,-1.E0,0.E0));
#3343=VECTOR('',#3342,9.765E0);
#3344=CARTESIAN_POINT('',(-6.835E0,6.465E0,-1.9935E1));
#3345=LINE('',#3344,#3343);
#3346=CARTESIAN_POINT('',(-6.835E0,6.465E0,-1.8365E1));
#3347=DIRECTION('',(-1.E0,0.E0,0.E0));
#3348=DIRECTION('',(0.E0,1.E0,0.E0));
#3349=AXIS2_PLACEMENT_3D('',#3346,#3347,#3348);
#3351=DIRECTION('',(0.E0,0.E0,-1.E0));
#3352=VECTOR('',#3351,5.565E0);
#3353=CARTESIAN_POINT('',(-6.835E0,8.035E0,-1.28E1));
#3354=LINE('',#3353,#3352);
#3355=DIRECTION('',(0.E0,0.E0,-1.E0));
#3356=VECTOR('',#3355,5.3E0);
#3357=CARTESIAN_POINT('',(-6.835E0,8.035E0,-4.7E0));
#3358=LINE('',#3357,#3356);
#3359=DIRECTION('',(0.E0,1.E0,0.E0));
#3360=VECTOR('',#3359,1.07E0);
#3361=CARTESIAN_POINT('',(-6.835E0,6.965E0,-4.7E0));
#3362=LINE('',#3361,#3360);
#3363=DIRECTION('',(0.E0,0.E0,1.E0));
#3364=VECTOR('',#3363,5.3E0);
#3365=CARTESIAN_POINT('',(-6.835E0,6.965E0,-1.E1));
#3366=LINE('',#3365,#3364);
#3367=DIRECTION('',(-1.E0,0.E0,0.E0));
#3368=VECTOR('',#3367,1.07E0);
#3369=CARTESIAN_POINT('',(-5.765E0,6.965E0,-1.8365E1));
#3370=LINE('',#3369,#3368);
#3371=DIRECTION('',(-1.E0,0.E0,0.E0));
#3372=VECTOR('',#3371,1.07E0);
#3373=CARTESIAN_POINT('',(-5.765E0,6.465E0,-1.8865E1));
#3374=LINE('',#3373,#3372);
#3375=DIRECTION('',(-1.E0,0.E0,0.E0));
#3376=VECTOR('',#3375,1.07E0);
#3377=CARTESIAN_POINT('',(-5.765E0,-3.3E0,-1.8865E1));
#3378=LINE('',#3377,#3376);
#3379=DIRECTION('',(-1.E0,0.E0,0.E0));
#3380=VECTOR('',#3379,1.07E0);
#3381=CARTESIAN_POINT('',(-5.765E0,-3.3E0,-1.9935E1));
#3382=LINE('',#3381,#3380);
#3383=DIRECTION('',(-1.E0,0.E0,0.E0));
#3384=VECTOR('',#3383,1.07E0);
#3385=CARTESIAN_POINT('',(-5.765E0,6.465E0,-1.9935E1));
#3386=LINE('',#3385,#3384);
#3387=DIRECTION('',(-1.E0,0.E0,0.E0));
#3388=VECTOR('',#3387,1.07E0);
#3389=CARTESIAN_POINT('',(-5.765E0,8.035E0,-1.8365E1));
#3390=LINE('',#3389,#3388);
#3391=DIRECTION('',(0.E0,-1.E0,0.E0));
#3392=VECTOR('',#3391,3.6E0);
#3393=CARTESIAN_POINT('',(-1.24E1,4.9E0,-1.E1));
#3394=LINE('',#3393,#3392);
#3395=DIRECTION('',(-1.E0,0.E0,0.E0));
#3396=VECTOR('',#3395,3.8E0);
#3397=CARTESIAN_POINT('',(-8.6E0,4.9E0,-1.E1));
#3398=LINE('',#3397,#3396);
#3399=DIRECTION('',(0.E0,1.E0,0.E0));
#3400=VECTOR('',#3399,3.6E0);
#3401=CARTESIAN_POINT('',(-8.6E0,1.3E0,-1.E1));
#3402=LINE('',#3401,#3400);
#3403=DIRECTION('',(1.E0,0.E0,0.E0));
#3404=VECTOR('',#3403,3.8E0);
#3405=CARTESIAN_POINT('',(-1.24E1,1.3E0,-1.E1));
#3406=LINE('',#3405,#3404);
#3407=DIRECTION('',(0.E0,-1.E0,0.E0));
#3408=VECTOR('',#3407,2.8E0);
#3409=CARTESIAN_POINT('',(-1.24E1,9.1E0,-1.E1));
#3410=LINE('',#3409,#3408);
#3411=DIRECTION('',(-1.E0,0.E0,0.E0));
#3412=VECTOR('',#3411,3.8E0);
#3413=CARTESIAN_POINT('',(-8.6E0,9.1E0,-1.E1));
#3414=LINE('',#3413,#3412);
#3415=DIRECTION('',(0.E0,1.E0,0.E0));
#3416=VECTOR('',#3415,2.8E0);
#3417=CARTESIAN_POINT('',(-8.6E0,6.3E0,-1.E1));
#3418=LINE('',#3417,#3416);
#3419=DIRECTION('',(7.071067811865E-1,7.071067811865E-1,0.E0));
#3420=VECTOR('',#3419,1.131370849898E0);
#3421=CARTESIAN_POINT('',(-9.4E0,5.5E0,-1.E1));
#3422=LINE('',#3421,#3420);
#3423=DIRECTION('',(1.E0,0.E0,0.E0));
#3424=VECTOR('',#3423,2.2E0);
#3425=CARTESIAN_POINT('',(-1.16E1,5.5E0,-1.E1));
#3426=LINE('',#3425,#3424);
#3427=DIRECTION('',(7.071067811865E-1,-7.071067811865E-1,0.E0));
#3428=VECTOR('',#3427,1.131370849898E0);
#3429=CARTESIAN_POINT('',(-1.24E1,6.3E0,-1.E1));
#3430=LINE('',#3429,#3428);
#3431=DIRECTION('',(0.E0,-1.E0,0.E0));
#3432=VECTOR('',#3431,3.6E0);
#3433=CARTESIAN_POINT('',(-8.2E0,4.9E0,-1.E1));
#3434=LINE('',#3433,#3432);
#3435=DIRECTION('',(-1.E0,0.E0,0.E0));
#3436=VECTOR('',#3435,3.8E0);
#3437=CARTESIAN_POINT('',(-4.4E0,4.9E0,-1.E1));
#3438=LINE('',#3437,#3436);
#3439=DIRECTION('',(0.E0,1.E0,0.E0));
#3440=VECTOR('',#3439,3.6E0);
#3441=CARTESIAN_POINT('',(-4.4E0,1.3E0,-1.E1));
#3442=LINE('',#3441,#3440);
#3443=DIRECTION('',(1.E0,0.E0,0.E0));
#3444=VECTOR('',#3443,3.8E0);
#3445=CARTESIAN_POINT('',(-8.2E0,1.3E0,-1.E1));
#3446=LINE('',#3445,#3444);
#3447=DIRECTION('',(0.E0,-1.E0,0.E0));
#3448=VECTOR('',#3447,2.8E0);
#3449=CARTESIAN_POINT('',(-8.2E0,9.1E0,-1.E1));
#3450=LINE('',#3449,#3448);
#3451=DIRECTION('',(-1.E0,0.E0,0.E0));
#3452=VECTOR('',#3451,3.8E0);
#3453=CARTESIAN_POINT('',(-4.4E0,9.1E0,-1.E1));
#3454=LINE('',#3453,#3452);
#3455=DIRECTION('',(0.E0,1.E0,0.E0));
#3456=VECTOR('',#3455,2.8E0);
#3457=CARTESIAN_POINT('',(-4.4E0,6.3E0,-1.E1));
#3458=LINE('',#3457,#3456);
#3459=DIRECTION('',(7.071067811865E-1,7.071067811865E-1,0.E0));
#3460=VECTOR('',#3459,1.131370849898E0);
#3461=CARTESIAN_POINT('',(-5.2E0,5.5E0,-1.E1));
#3462=LINE('',#3461,#3460);
#3463=DIRECTION('',(1.E0,0.E0,0.E0));
#3464=VECTOR('',#3463,2.2E0);
#3465=CARTESIAN_POINT('',(-7.4E0,5.5E0,-1.E1));
#3466=LINE('',#3465,#3464);
#3467=DIRECTION('',(7.071067811865E-1,-7.071067811865E-1,0.E0));
#3468=VECTOR('',#3467,1.131370849898E0);
#3469=CARTESIAN_POINT('',(-8.2E0,6.3E0,-1.E1));
#3470=LINE('',#3469,#3468);
#3471=DIRECTION('',(0.E0,1.E0,0.E0));
#3472=VECTOR('',#3471,1.07E0);
#3473=CARTESIAN_POINT('',(-5.765E0,6.965E0,-1.E1));
#3474=LINE('',#3473,#3472);
#3475=DIRECTION('',(-1.E0,0.E0,0.E0));
#3476=VECTOR('',#3475,1.07E0);
#3477=CARTESIAN_POINT('',(-5.765E0,8.035E0,-1.E1));
#3478=LINE('',#3477,#3476);
#3479=DIRECTION('',(0.E0,1.E0,0.E0));
#3480=VECTOR('',#3479,1.07E0);
#3481=CARTESIAN_POINT('',(-6.835E0,6.965E0,-1.E1));
#3482=LINE('',#3481,#3480);
#3483=DIRECTION('',(-1.E0,0.E0,0.E0));
#3484=VECTOR('',#3483,1.07E0);
#3485=CARTESIAN_POINT('',(-5.765E0,6.965E0,-1.E1));
#3486=LINE('',#3485,#3484);
#3487=DIRECTION('',(0.E0,1.E0,0.E0));
#3488=VECTOR('',#3487,1.07E0);
#3489=CARTESIAN_POINT('',(-9.965E0,6.965E0,-1.E1));
#3490=LINE('',#3489,#3488);
#3491=DIRECTION('',(-1.E0,0.E0,0.E0));
#3492=VECTOR('',#3491,1.07E0);
#3493=CARTESIAN_POINT('',(-9.965E0,8.035E0,-1.E1));
#3494=LINE('',#3493,#3492);
#3495=DIRECTION('',(0.E0,1.E0,0.E0));
#3496=VECTOR('',#3495,1.07E0);
#3497=CARTESIAN_POINT('',(-1.1035E1,6.965E0,-1.E1));
#3498=LINE('',#3497,#3496);
#3499=DIRECTION('',(-1.E0,0.E0,0.E0));
#3500=VECTOR('',#3499,1.07E0);
#3501=CARTESIAN_POINT('',(-9.965E0,6.965E0,-1.E1));
#3502=LINE('',#3501,#3500);
#3503=DIRECTION('',(0.E0,1.E0,0.E0));
#3504=VECTOR('',#3503,1.07E0);
#3505=CARTESIAN_POINT('',(-5.765E0,2.765E0,-1.E1));
#3506=LINE('',#3505,#3504);
#3507=DIRECTION('',(-1.E0,0.E0,0.E0));
#3508=VECTOR('',#3507,1.07E0);
#3509=CARTESIAN_POINT('',(-5.765E0,3.835E0,-1.E1));
#3510=LINE('',#3509,#3508);
#3511=DIRECTION('',(0.E0,1.E0,0.E0));
#3512=VECTOR('',#3511,1.07E0);
#3513=CARTESIAN_POINT('',(-6.835E0,2.765E0,-1.E1));
#3514=LINE('',#3513,#3512);
#3515=DIRECTION('',(-1.E0,0.E0,0.E0));
#3516=VECTOR('',#3515,1.07E0);
#3517=CARTESIAN_POINT('',(-5.765E0,2.765E0,-1.E1));
#3518=LINE('',#3517,#3516);
#3519=DIRECTION('',(0.E0,1.E0,0.E0));
#3520=VECTOR('',#3519,1.07E0);
#3521=CARTESIAN_POINT('',(-9.965E0,2.765E0,-1.E1));
#3522=LINE('',#3521,#3520);
#3523=DIRECTION('',(-1.E0,0.E0,0.E0));
#3524=VECTOR('',#3523,1.07E0);
#3525=CARTESIAN_POINT('',(-9.965E0,3.835E0,-1.E1));
#3526=LINE('',#3525,#3524);
#3527=DIRECTION('',(0.E0,1.E0,0.E0));
#3528=VECTOR('',#3527,1.07E0);
#3529=CARTESIAN_POINT('',(-1.1035E1,2.765E0,-1.E1));
#3530=LINE('',#3529,#3528);
#3531=DIRECTION('',(-1.E0,0.E0,0.E0));
#3532=VECTOR('',#3531,1.07E0);
#3533=CARTESIAN_POINT('',(-9.965E0,2.765E0,-1.E1));
#3534=LINE('',#3533,#3532);
#3535=DIRECTION('',(0.E0,0.E0,-1.E0));
#3536=VECTOR('',#3535,1.E1);
#3537=CARTESIAN_POINT('',(-1.24E1,4.9E0,0.E0));
#3538=LINE('',#3537,#3536);
#3539=DIRECTION('',(0.E0,0.E0,-1.E0));
#3540=VECTOR('',#3539,1.E1);
#3541=CARTESIAN_POINT('',(-8.6E0,4.9E0,0.E0));
#3542=LINE('',#3541,#3540);
#3543=DIRECTION('',(0.E0,0.E0,-1.E0));
#3544=VECTOR('',#3543,1.E1);
#3545=CARTESIAN_POINT('',(-8.6E0,1.3E0,0.E0));
#3546=LINE('',#3545,#3544);
#3547=DIRECTION('',(0.E0,0.E0,-1.E0));
#3548=VECTOR('',#3547,1.E1);
#3549=CARTESIAN_POINT('',(-1.24E1,1.3E0,0.E0));
#3550=LINE('',#3549,#3548);
#3551=DIRECTION('',(0.E0,0.E0,-1.E0));
#3552=VECTOR('',#3551,1.E1);
#3553=CARTESIAN_POINT('',(-1.24E1,9.1E0,0.E0));
#3554=LINE('',#3553,#3552);
#3555=DIRECTION('',(0.E0,0.E0,-1.E0));
#3556=VECTOR('',#3555,1.E1);
#3557=CARTESIAN_POINT('',(-8.6E0,9.1E0,0.E0));
#3558=LINE('',#3557,#3556);
#3559=DIRECTION('',(0.E0,0.E0,-1.E0));
#3560=VECTOR('',#3559,1.E1);
#3561=CARTESIAN_POINT('',(-8.6E0,6.3E0,0.E0));
#3562=LINE('',#3561,#3560);
#3563=DIRECTION('',(0.E0,0.E0,-1.E0));
#3564=VECTOR('',#3563,1.E1);
#3565=CARTESIAN_POINT('',(-9.4E0,5.5E0,0.E0));
#3566=LINE('',#3565,#3564);
#3567=DIRECTION('',(0.E0,0.E0,-1.E0));
#3568=VECTOR('',#3567,1.E1);
#3569=CARTESIAN_POINT('',(-1.16E1,5.5E0,0.E0));
#3570=LINE('',#3569,#3568);
#3571=DIRECTION('',(0.E0,0.E0,-1.E0));
#3572=VECTOR('',#3571,1.E1);
#3573=CARTESIAN_POINT('',(-1.24E1,6.3E0,0.E0));
#3574=LINE('',#3573,#3572);
#3575=DIRECTION('',(0.E0,0.E0,-1.E0));
#3576=VECTOR('',#3575,1.E1);
#3577=CARTESIAN_POINT('',(-8.2E0,4.9E0,0.E0));
#3578=LINE('',#3577,#3576);
#3579=DIRECTION('',(0.E0,0.E0,-1.E0));
#3580=VECTOR('',#3579,1.E1);
#3581=CARTESIAN_POINT('',(-4.4E0,4.9E0,0.E0));
#3582=LINE('',#3581,#3580);
#3583=DIRECTION('',(0.E0,0.E0,-1.E0));
#3584=VECTOR('',#3583,1.E1);
#3585=CARTESIAN_POINT('',(-4.4E0,1.3E0,0.E0));
#3586=LINE('',#3585,#3584);
#3587=DIRECTION('',(0.E0,0.E0,-1.E0));
#3588=VECTOR('',#3587,1.E1);
#3589=CARTESIAN_POINT('',(-8.2E0,1.3E0,0.E0));
#3590=LINE('',#3589,#3588);
#3591=DIRECTION('',(0.E0,0.E0,-1.E0));
#3592=VECTOR('',#3591,1.E1);
#3593=CARTESIAN_POINT('',(-8.2E0,9.1E0,0.E0));
#3594=LINE('',#3593,#3592);
#3595=DIRECTION('',(0.E0,0.E0,-1.E0));
#3596=VECTOR('',#3595,1.E1);
#3597=CARTESIAN_POINT('',(-4.4E0,9.1E0,0.E0));
#3598=LINE('',#3597,#3596);
#3599=DIRECTION('',(0.E0,0.E0,-1.E0));
#3600=VECTOR('',#3599,1.E1);
#3601=CARTESIAN_POINT('',(-4.4E0,6.3E0,0.E0));
#3602=LINE('',#3601,#3600);
#3603=DIRECTION('',(0.E0,0.E0,-1.E0));
#3604=VECTOR('',#3603,1.E1);
#3605=CARTESIAN_POINT('',(-5.2E0,5.5E0,0.E0));
#3606=LINE('',#3605,#3604);
#3607=DIRECTION('',(0.E0,0.E0,-1.E0));
#3608=VECTOR('',#3607,1.E1);
#3609=CARTESIAN_POINT('',(-7.4E0,5.5E0,0.E0));
#3610=LINE('',#3609,#3608);
#3611=DIRECTION('',(0.E0,0.E0,-1.E0));
#3612=VECTOR('',#3611,1.E1);
#3613=CARTESIAN_POINT('',(-8.2E0,6.3E0,0.E0));
#3614=LINE('',#3613,#3612);
#3615=DIRECTION('',(0.E0,0.E0,-1.E0));
#3616=VECTOR('',#3615,5.565E0);
#3617=CARTESIAN_POINT('',(-9.965E0,8.035E0,-1.28E1));
#3618=LINE('',#3617,#3616);
#3619=CARTESIAN_POINT('',(-9.965E0,6.465E0,-1.8365E1));
#3620=DIRECTION('',(-1.E0,0.E0,0.E0));
#3621=DIRECTION('',(0.E0,1.E0,0.E0));
#3622=AXIS2_PLACEMENT_3D('',#3619,#3620,#3621);
#3624=DIRECTION('',(0.E0,-1.E0,0.E0));
#3625=VECTOR('',#3624,9.765E0);
#3626=CARTESIAN_POINT('',(-9.965E0,6.465E0,-1.9935E1));
#3627=LINE('',#3626,#3625);
#3628=DIRECTION('',(0.E0,0.E0,1.E0));
#3629=VECTOR('',#3628,1.07E0);
#3630=CARTESIAN_POINT('',(-9.965E0,-3.3E0,-1.9935E1));
#3631=LINE('',#3630,#3629);
#3632=DIRECTION('',(0.E0,1.E0,0.E0));
#3633=VECTOR('',#3632,9.765E0);
#3634=CARTESIAN_POINT('',(-9.965E0,-3.3E0,-1.8865E1));
#3635=LINE('',#3634,#3633);
#3636=CARTESIAN_POINT('',(-9.965E0,6.465E0,-1.8365E1));
#3637=DIRECTION('',(1.E0,0.E0,0.E0));
#3638=DIRECTION('',(0.E0,0.E0,-1.E0));
#3639=AXIS2_PLACEMENT_3D('',#3636,#3637,#3638);
#3641=DIRECTION('',(0.E0,0.E0,1.E0));
#3642=VECTOR('',#3641,5.565E0);
#3643=CARTESIAN_POINT('',(-9.965E0,6.965E0,-1.8365E1));
#3644=LINE('',#3643,#3642);
#3645=DIRECTION('',(0.E0,0.E0,-1.E0));
#3646=VECTOR('',#3645,5.3E0);
#3647=CARTESIAN_POINT('',(-9.965E0,8.035E0,-4.7E0));
#3648=LINE('',#3647,#3646);
#3649=DIRECTION('',(0.E0,0.E0,1.E0));
#3650=VECTOR('',#3649,5.3E0);
#3651=CARTESIAN_POINT('',(-9.965E0,6.965E0,-1.E1));
#3652=LINE('',#3651,#3650);
#3653=DIRECTION('',(0.E0,1.E0,0.E0));
#3654=VECTOR('',#3653,1.07E0);
#3655=CARTESIAN_POINT('',(-9.965E0,6.965E0,-4.7E0));
#3656=LINE('',#3655,#3654);
#3657=DIRECTION('',(-1.E0,0.E0,0.E0));
#3658=VECTOR('',#3657,1.07E0);
#3659=CARTESIAN_POINT('',(-9.965E0,8.035E0,-4.7E0));
#3660=LINE('',#3659,#3658);
#3661=DIRECTION('',(0.E0,0.E0,1.E0));
#3662=VECTOR('',#3661,5.565E0);
#3663=CARTESIAN_POINT('',(-1.1035E1,6.965E0,-1.8365E1));
#3664=LINE('',#3663,#3662);
#3665=CARTESIAN_POINT('',(-1.1035E1,6.465E0,-1.8365E1));
#3666=DIRECTION('',(1.E0,0.E0,0.E0));
#3667=DIRECTION('',(0.E0,0.E0,-1.E0));
#3668=AXIS2_PLACEMENT_3D('',#3665,#3666,#3667);
#3670=DIRECTION('',(0.E0,1.E0,0.E0));
#3671=VECTOR('',#3670,9.765E0);
#3672=CARTESIAN_POINT('',(-1.1035E1,-3.3E0,-1.8865E1));
#3673=LINE('',#3672,#3671);
#3674=DIRECTION('',(0.E0,0.E0,1.E0));
#3675=VECTOR('',#3674,1.07E0);
#3676=CARTESIAN_POINT('',(-1.1035E1,-3.3E0,-1.9935E1));
#3677=LINE('',#3676,#3675);
#3678=DIRECTION('',(0.E0,-1.E0,0.E0));
#3679=VECTOR('',#3678,9.765E0);
#3680=CARTESIAN_POINT('',(-1.1035E1,6.465E0,-1.9935E1));
#3681=LINE('',#3680,#3679);
#3682=CARTESIAN_POINT('',(-1.1035E1,6.465E0,-1.8365E1));
#3683=DIRECTION('',(-1.E0,0.E0,0.E0));
#3684=DIRECTION('',(0.E0,1.E0,0.E0));
#3685=AXIS2_PLACEMENT_3D('',#3682,#3683,#3684);
#3687=DIRECTION('',(0.E0,0.E0,-1.E0));
#3688=VECTOR('',#3687,5.565E0);
#3689=CARTESIAN_POINT('',(-1.1035E1,8.035E0,-1.28E1));
#3690=LINE('',#3689,#3688);
#3691=DIRECTION('',(0.E0,0.E0,-1.E0));
#3692=VECTOR('',#3691,5.3E0);
#3693=CARTESIAN_POINT('',(-1.1035E1,8.035E0,-4.7E0));
#3694=LINE('',#3693,#3692);
#3695=DIRECTION('',(0.E0,1.E0,0.E0));
#3696=VECTOR('',#3695,1.07E0);
#3697=CARTESIAN_POINT('',(-1.1035E1,6.965E0,-4.7E0));
#3698=LINE('',#3697,#3696);
#3699=DIRECTION('',(0.E0,0.E0,1.E0));
#3700=VECTOR('',#3699,5.3E0);
#3701=CARTESIAN_POINT('',(-1.1035E1,6.965E0,-1.E1));
#3702=LINE('',#3701,#3700);
#3703=DIRECTION('',(-1.E0,0.E0,0.E0));
#3704=VECTOR('',#3703,1.07E0);
#3705=CARTESIAN_POINT('',(-9.965E0,6.965E0,-1.8365E1));
#3706=LINE('',#3705,#3704);
#3707=DIRECTION('',(-1.E0,0.E0,0.E0));
#3708=VECTOR('',#3707,1.07E0);
#3709=CARTESIAN_POINT('',(-9.965E0,6.465E0,-1.8865E1));
#3710=LINE('',#3709,#3708);
#3711=DIRECTION('',(-1.E0,0.E0,0.E0));
#3712=VECTOR('',#3711,1.07E0);
#3713=CARTESIAN_POINT('',(-9.965E0,-3.3E0,-1.8865E1));
#3714=LINE('',#3713,#3712);
#3715=DIRECTION('',(-1.E0,0.E0,0.E0));
#3716=VECTOR('',#3715,1.07E0);
#3717=CARTESIAN_POINT('',(-9.965E0,-3.3E0,-1.9935E1));
#3718=LINE('',#3717,#3716);
#3719=DIRECTION('',(-1.E0,0.E0,0.E0));
#3720=VECTOR('',#3719,1.07E0);
#3721=CARTESIAN_POINT('',(-9.965E0,6.465E0,-1.9935E1));
#3722=LINE('',#3721,#3720);
#3723=DIRECTION('',(-1.E0,0.E0,0.E0));
#3724=VECTOR('',#3723,1.07E0);
#3725=CARTESIAN_POINT('',(-9.965E0,8.035E0,-1.8365E1));
#3726=LINE('',#3725,#3724);
#3727=DIRECTION('',(-1.E0,0.E0,0.E0));
#3728=VECTOR('',#3727,1.07E0);
#3729=CARTESIAN_POINT('',(-9.965E0,6.965E0,-4.7E0));
#3730=LINE('',#3729,#3728);
#3731=DIRECTION('',(0.E0,0.E0,-1.E0));
#3732=VECTOR('',#3731,2.65E-1);
#3733=CARTESIAN_POINT('',(-5.765E0,3.835E0,-1.28E1));
#3734=LINE('',#3733,#3732);
#3735=CARTESIAN_POINT('',(-5.765E0,2.465E0,-1.3065E1));
#3736=DIRECTION('',(-1.E0,0.E0,0.E0));
#3737=DIRECTION('',(0.E0,1.E0,-2.204238413854E-14));
#3738=AXIS2_PLACEMENT_3D('',#3735,#3736,#3737);
#3740=DIRECTION('',(0.E0,-1.E0,0.E0));
#3741=VECTOR('',#3740,5.765E0);
#3742=CARTESIAN_POINT('',(-5.765E0,2.465E0,-1.4435E1));
#3743=LINE('',#3742,#3741);
#3744=DIRECTION('',(0.E0,0.E0,1.E0));
#3745=VECTOR('',#3744,1.07E0);
#3746=CARTESIAN_POINT('',(-5.765E0,-3.3E0,-1.4435E1));
#3747=LINE('',#3746,#3745);
#3748=DIRECTION('',(0.E0,1.E0,0.E0));
#3749=VECTOR('',#3748,5.765E0);
#3750=CARTESIAN_POINT('',(-5.765E0,-3.3E0,-1.3365E1));
#3751=LINE('',#3750,#3749);
#3752=CARTESIAN_POINT('',(-5.765E0,2.465E0,-1.3065E1));
#3753=DIRECTION('',(1.E0,0.E0,0.E0));
#3754=DIRECTION('',(0.E0,6.809367884368E-14,-1.E0));
#3755=AXIS2_PLACEMENT_3D('',#3752,#3753,#3754);
#3757=DIRECTION('',(0.E0,0.E0,1.E0));
#3758=VECTOR('',#3757,2.65E-1);
#3759=CARTESIAN_POINT('',(-5.765E0,2.765E0,-1.3065E1));
#3760=LINE('',#3759,#3758);
#3761=DIRECTION('',(0.E0,0.E0,-1.E0));
#3762=VECTOR('',#3761,5.3E0);
#3763=CARTESIAN_POINT('',(-5.765E0,3.835E0,-4.7E0));
#3764=LINE('',#3763,#3762);
#3765=DIRECTION('',(0.E0,0.E0,1.E0));
#3766=VECTOR('',#3765,5.3E0);
#3767=CARTESIAN_POINT('',(-5.765E0,2.765E0,-1.E1));
#3768=LINE('',#3767,#3766);
#3769=DIRECTION('',(0.E0,1.E0,0.E0));
#3770=VECTOR('',#3769,1.07E0);
#3771=CARTESIAN_POINT('',(-5.765E0,2.765E0,-4.7E0));
#3772=LINE('',#3771,#3770);
#3773=DIRECTION('',(-1.E0,0.E0,0.E0));
#3774=VECTOR('',#3773,1.07E0);
#3775=CARTESIAN_POINT('',(-5.765E0,3.835E0,-4.7E0));
#3776=LINE('',#3775,#3774);
#3777=DIRECTION('',(0.E0,0.E0,1.E0));
#3778=VECTOR('',#3777,2.65E-1);
#3779=CARTESIAN_POINT('',(-6.835E0,2.765E0,-1.3065E1));
#3780=LINE('',#3779,#3778);
#3781=CARTESIAN_POINT('',(-6.835E0,2.465E0,-1.3065E1));
#3782=DIRECTION('',(1.E0,0.E0,0.E0));
#3783=DIRECTION('',(0.E0,6.809367884368E-14,-1.E0));
#3784=AXIS2_PLACEMENT_3D('',#3781,#3782,#3783);
#3786=DIRECTION('',(0.E0,1.E0,0.E0));
#3787=VECTOR('',#3786,5.765E0);
#3788=CARTESIAN_POINT('',(-6.835E0,-3.3E0,-1.3365E1));
#3789=LINE('',#3788,#3787);
#3790=DIRECTION('',(0.E0,0.E0,1.E0));
#3791=VECTOR('',#3790,1.07E0);
#3792=CARTESIAN_POINT('',(-6.835E0,-3.3E0,-1.4435E1));
#3793=LINE('',#3792,#3791);
#3794=DIRECTION('',(0.E0,-1.E0,0.E0));
#3795=VECTOR('',#3794,5.765E0);
#3796=CARTESIAN_POINT('',(-6.835E0,2.465E0,-1.4435E1));
#3797=LINE('',#3796,#3795);
#3798=CARTESIAN_POINT('',(-6.835E0,2.465E0,-1.3065E1));
#3799=DIRECTION('',(-1.E0,0.E0,0.E0));
#3800=DIRECTION('',(0.E0,1.E0,-2.204238413854E-14));
#3801=AXIS2_PLACEMENT_3D('',#3798,#3799,#3800);
#3803=DIRECTION('',(0.E0,0.E0,-1.E0));
#3804=VECTOR('',#3803,2.65E-1);
#3805=CARTESIAN_POINT('',(-6.835E0,3.835E0,-1.28E1));
#3806=LINE('',#3805,#3804);
#3807=DIRECTION('',(0.E0,0.E0,-1.E0));
#3808=VECTOR('',#3807,5.3E0);
#3809=CARTESIAN_POINT('',(-6.835E0,3.835E0,-4.7E0));
#3810=LINE('',#3809,#3808);
#3811=DIRECTION('',(0.E0,1.E0,0.E0));
#3812=VECTOR('',#3811,1.07E0);
#3813=CARTESIAN_POINT('',(-6.835E0,2.765E0,-4.7E0));
#3814=LINE('',#3813,#3812);
#3815=DIRECTION('',(0.E0,0.E0,1.E0));
#3816=VECTOR('',#3815,5.3E0);
#3817=CARTESIAN_POINT('',(-6.835E0,2.765E0,-1.E1));
#3818=LINE('',#3817,#3816);
#3819=DIRECTION('',(-1.E0,0.E0,0.E0));
#3820=VECTOR('',#3819,1.07E0);
#3821=CARTESIAN_POINT('',(-5.765E0,2.765E0,-1.3065E1));
#3822=LINE('',#3821,#3820);
#3823=DIRECTION('',(-1.E0,0.E0,0.E0));
#3824=VECTOR('',#3823,1.07E0);
#3825=CARTESIAN_POINT('',(-5.765E0,2.465E0,-1.3365E1));
#3826=LINE('',#3825,#3824);
#3827=DIRECTION('',(-1.E0,0.E0,0.E0));
#3828=VECTOR('',#3827,1.07E0);
#3829=CARTESIAN_POINT('',(-5.765E0,-3.3E0,-1.3365E1));
#3830=LINE('',#3829,#3828);
#3831=DIRECTION('',(-1.E0,0.E0,0.E0));
#3832=VECTOR('',#3831,1.07E0);
#3833=CARTESIAN_POINT('',(-5.765E0,-3.3E0,-1.4435E1));
#3834=LINE('',#3833,#3832);
#3835=DIRECTION('',(-1.E0,0.E0,0.E0));
#3836=VECTOR('',#3835,1.07E0);
#3837=CARTESIAN_POINT('',(-5.765E0,2.465E0,-1.4435E1));
#3838=LINE('',#3837,#3836);
#3839=DIRECTION('',(-1.E0,0.E0,0.E0));
#3840=VECTOR('',#3839,1.07E0);
#3841=CARTESIAN_POINT('',(-5.765E0,3.835E0,-1.3065E1));
#3842=LINE('',#3841,#3840);
#3843=DIRECTION('',(-1.E0,0.E0,0.E0));
#3844=VECTOR('',#3843,1.07E0);
#3845=CARTESIAN_POINT('',(-5.765E0,2.765E0,-4.7E0));
#3846=LINE('',#3845,#3844);
#3847=DIRECTION('',(0.E0,0.E0,-1.E0));
#3848=VECTOR('',#3847,2.65E-1);
#3849=CARTESIAN_POINT('',(-9.965E0,3.835E0,-1.28E1));
#3850=LINE('',#3849,#3848);
#3851=CARTESIAN_POINT('',(-9.965E0,2.465E0,-1.3065E1));
#3852=DIRECTION('',(-1.E0,0.E0,0.E0));
#3853=DIRECTION('',(0.E0,1.E0,-2.204238413854E-14));
#3854=AXIS2_PLACEMENT_3D('',#3851,#3852,#3853);
#3856=DIRECTION('',(0.E0,-1.E0,0.E0));
#3857=VECTOR('',#3856,5.765E0);
#3858=CARTESIAN_POINT('',(-9.965E0,2.465E0,-1.4435E1));
#3859=LINE('',#3858,#3857);
#3860=DIRECTION('',(0.E0,0.E0,1.E0));
#3861=VECTOR('',#3860,1.07E0);
#3862=CARTESIAN_POINT('',(-9.965E0,-3.3E0,-1.4435E1));
#3863=LINE('',#3862,#3861);
#3864=DIRECTION('',(0.E0,1.E0,0.E0));
#3865=VECTOR('',#3864,5.765E0);
#3866=CARTESIAN_POINT('',(-9.965E0,-3.3E0,-1.3365E1));
#3867=LINE('',#3866,#3865);
#3868=CARTESIAN_POINT('',(-9.965E0,2.465E0,-1.3065E1));
#3869=DIRECTION('',(1.E0,0.E0,0.E0));
#3870=DIRECTION('',(0.E0,6.809367884368E-14,-1.E0));
#3871=AXIS2_PLACEMENT_3D('',#3868,#3869,#3870);
#3873=DIRECTION('',(0.E0,0.E0,1.E0));
#3874=VECTOR('',#3873,2.65E-1);
#3875=CARTESIAN_POINT('',(-9.965E0,2.765E0,-1.3065E1));
#3876=LINE('',#3875,#3874);
#3877=DIRECTION('',(0.E0,0.E0,-1.E0));
#3878=VECTOR('',#3877,5.3E0);
#3879=CARTESIAN_POINT('',(-9.965E0,3.835E0,-4.7E0));
#3880=LINE('',#3879,#3878);
#3881=DIRECTION('',(0.E0,0.E0,1.E0));
#3882=VECTOR('',#3881,5.3E0);
#3883=CARTESIAN_POINT('',(-9.965E0,2.765E0,-1.E1));
#3884=LINE('',#3883,#3882);
#3885=DIRECTION('',(0.E0,1.E0,0.E0));
#3886=VECTOR('',#3885,1.07E0);
#3887=CARTESIAN_POINT('',(-9.965E0,2.765E0,-4.7E0));
#3888=LINE('',#3887,#3886);
#3889=DIRECTION('',(-1.E0,0.E0,0.E0));
#3890=VECTOR('',#3889,1.07E0);
#3891=CARTESIAN_POINT('',(-9.965E0,3.835E0,-4.7E0));
#3892=LINE('',#3891,#3890);
#3893=DIRECTION('',(0.E0,0.E0,1.E0));
#3894=VECTOR('',#3893,2.65E-1);
#3895=CARTESIAN_POINT('',(-1.1035E1,2.765E0,-1.3065E1));
#3896=LINE('',#3895,#3894);
#3897=CARTESIAN_POINT('',(-1.1035E1,2.465E0,-1.3065E1));
#3898=DIRECTION('',(1.E0,0.E0,0.E0));
#3899=DIRECTION('',(0.E0,6.809367884368E-14,-1.E0));
#3900=AXIS2_PLACEMENT_3D('',#3897,#3898,#3899);
#3902=DIRECTION('',(0.E0,1.E0,0.E0));
#3903=VECTOR('',#3902,5.765E0);
#3904=CARTESIAN_POINT('',(-1.1035E1,-3.3E0,-1.3365E1));
#3905=LINE('',#3904,#3903);
#3906=DIRECTION('',(0.E0,0.E0,1.E0));
#3907=VECTOR('',#3906,1.07E0);
#3908=CARTESIAN_POINT('',(-1.1035E1,-3.3E0,-1.4435E1));
#3909=LINE('',#3908,#3907);
#3910=DIRECTION('',(0.E0,-1.E0,0.E0));
#3911=VECTOR('',#3910,5.765E0);
#3912=CARTESIAN_POINT('',(-1.1035E1,2.465E0,-1.4435E1));
#3913=LINE('',#3912,#3911);
#3914=CARTESIAN_POINT('',(-1.1035E1,2.465E0,-1.3065E1));
#3915=DIRECTION('',(-1.E0,0.E0,0.E0));
#3916=DIRECTION('',(0.E0,1.E0,-2.204238413854E-14));
#3917=AXIS2_PLACEMENT_3D('',#3914,#3915,#3916);
#3919=DIRECTION('',(0.E0,0.E0,-1.E0));
#3920=VECTOR('',#3919,2.65E-1);
#3921=CARTESIAN_POINT('',(-1.1035E1,3.835E0,-1.28E1));
#3922=LINE('',#3921,#3920);
#3923=DIRECTION('',(0.E0,0.E0,-1.E0));
#3924=VECTOR('',#3923,5.3E0);
#3925=CARTESIAN_POINT('',(-1.1035E1,3.835E0,-4.7E0));
#3926=LINE('',#3925,#3924);
#3927=DIRECTION('',(0.E0,1.E0,0.E0));
#3928=VECTOR('',#3927,1.07E0);
#3929=CARTESIAN_POINT('',(-1.1035E1,2.765E0,-4.7E0));
#3930=LINE('',#3929,#3928);
#3931=DIRECTION('',(0.E0,0.E0,1.E0));
#3932=VECTOR('',#3931,5.3E0);
#3933=CARTESIAN_POINT('',(-1.1035E1,2.765E0,-1.E1));
#3934=LINE('',#3933,#3932);
#3935=DIRECTION('',(-1.E0,0.E0,0.E0));
#3936=VECTOR('',#3935,1.07E0);
#3937=CARTESIAN_POINT('',(-9.965E0,2.765E0,-1.3065E1));
#3938=LINE('',#3937,#3936);
#3939=DIRECTION('',(-1.E0,0.E0,0.E0));
#3940=VECTOR('',#3939,1.07E0);
#3941=CARTESIAN_POINT('',(-9.965E0,2.465E0,-1.3365E1));
#3942=LINE('',#3941,#3940);
#3943=DIRECTION('',(-1.E0,0.E0,0.E0));
#3944=VECTOR('',#3943,1.07E0);
#3945=CARTESIAN_POINT('',(-9.965E0,-3.3E0,-1.3365E1));
#3946=LINE('',#3945,#3944);
#3947=DIRECTION('',(-1.E0,0.E0,0.E0));
#3948=VECTOR('',#3947,1.07E0);
#3949=CARTESIAN_POINT('',(-9.965E0,-3.3E0,-1.4435E1));
#3950=LINE('',#3949,#3948);
#3951=DIRECTION('',(-1.E0,0.E0,0.E0));
#3952=VECTOR('',#3951,1.07E0);
#3953=CARTESIAN_POINT('',(-9.965E0,2.465E0,-1.4435E1));
#3954=LINE('',#3953,#3952);
#3955=DIRECTION('',(-1.E0,0.E0,0.E0));
#3956=VECTOR('',#3955,1.07E0);
#3957=CARTESIAN_POINT('',(-9.965E0,3.835E0,-1.3065E1));
#3958=LINE('',#3957,#3956);
#3959=DIRECTION('',(-1.E0,0.E0,0.E0));
#3960=VECTOR('',#3959,1.07E0);
#3961=CARTESIAN_POINT('',(-9.965E0,2.765E0,-4.7E0));
#3962=LINE('',#3961,#3960);
#3963=DIRECTION('',(-1.E0,0.E0,0.E0));
#3964=VECTOR('',#3963,1.07E0);
#3965=CARTESIAN_POINT('',(-5.765E0,6.965E0,-4.7E0));
#3966=LINE('',#3965,#3964);
#3967=DIRECTION('',(0.E0,0.E0,-1.E0));
#3968=VECTOR('',#3967,5.565E0);
#3969=CARTESIAN_POINT('',(-1.4165E1,8.035E0,-1.28E1));
#3970=LINE('',#3969,#3968);
#3971=CARTESIAN_POINT('',(-1.4165E1,6.465E0,-1.8365E1));
#3972=DIRECTION('',(-1.E0,0.E0,0.E0));
#3973=DIRECTION('',(0.E0,1.E0,0.E0));
#3974=AXIS2_PLACEMENT_3D('',#3971,#3972,#3973);
#3976=DIRECTION('',(0.E0,-1.E0,0.E0));
#3977=VECTOR('',#3976,9.765E0);
#3978=CARTESIAN_POINT('',(-1.4165E1,6.465E0,-1.9935E1));
#3979=LINE('',#3978,#3977);
#3980=DIRECTION('',(0.E0,0.E0,1.E0));
#3981=VECTOR('',#3980,1.07E0);
#3982=CARTESIAN_POINT('',(-1.4165E1,-3.3E0,-1.9935E1));
#3983=LINE('',#3982,#3981);
#3984=DIRECTION('',(0.E0,1.E0,0.E0));
#3985=VECTOR('',#3984,9.765E0);
#3986=CARTESIAN_POINT('',(-1.4165E1,-3.3E0,-1.8865E1));
#3987=LINE('',#3986,#3985);
#3988=CARTESIAN_POINT('',(-1.4165E1,6.465E0,-1.8365E1));
#3989=DIRECTION('',(1.E0,0.E0,0.E0));
#3990=DIRECTION('',(0.E0,0.E0,-1.E0));
#3991=AXIS2_PLACEMENT_3D('',#3988,#3989,#3990);
#3993=DIRECTION('',(0.E0,0.E0,1.E0));
#3994=VECTOR('',#3993,5.565E0);
#3995=CARTESIAN_POINT('',(-1.4165E1,6.965E0,-1.8365E1));
#3996=LINE('',#3995,#3994);
#3997=DIRECTION('',(0.E0,0.E0,-1.E0));
#3998=VECTOR('',#3997,5.3E0);
#3999=CARTESIAN_POINT('',(-1.4165E1,8.035E0,-4.7E0));
#4000=LINE('',#3999,#3998);
#4001=DIRECTION('',(0.E0,0.E0,1.E0));
#4002=VECTOR('',#4001,5.3E0);
#4003=CARTESIAN_POINT('',(-1.4165E1,6.965E0,-1.E1));
#4004=LINE('',#4003,#4002);
#4005=DIRECTION('',(0.E0,1.E0,0.E0));
#4006=VECTOR('',#4005,1.07E0);
#4007=CARTESIAN_POINT('',(-1.4165E1,6.965E0,-4.7E0));
#4008=LINE('',#4007,#4006);
#4009=DIRECTION('',(-1.E0,0.E0,0.E0));
#4010=VECTOR('',#4009,1.07E0);
#4011=CARTESIAN_POINT('',(-1.4165E1,8.035E0,-4.7E0));
#4012=LINE('',#4011,#4010);
#4013=DIRECTION('',(0.E0,0.E0,1.E0));
#4014=VECTOR('',#4013,5.565E0);
#4015=CARTESIAN_POINT('',(-1.5235E1,6.965E0,-1.8365E1));
#4016=LINE('',#4015,#4014);
#4017=CARTESIAN_POINT('',(-1.5235E1,6.465E0,-1.8365E1));
#4018=DIRECTION('',(1.E0,0.E0,0.E0));
#4019=DIRECTION('',(0.E0,0.E0,-1.E0));
#4020=AXIS2_PLACEMENT_3D('',#4017,#4018,#4019);
#4022=DIRECTION('',(0.E0,1.E0,0.E0));
#4023=VECTOR('',#4022,9.765E0);
#4024=CARTESIAN_POINT('',(-1.5235E1,-3.3E0,-1.8865E1));
#4025=LINE('',#4024,#4023);
#4026=DIRECTION('',(0.E0,0.E0,1.E0));
#4027=VECTOR('',#4026,1.07E0);
#4028=CARTESIAN_POINT('',(-1.5235E1,-3.3E0,-1.9935E1));
#4029=LINE('',#4028,#4027);
#4030=DIRECTION('',(0.E0,-1.E0,0.E0));
#4031=VECTOR('',#4030,9.765E0);
#4032=CARTESIAN_POINT('',(-1.5235E1,6.465E0,-1.9935E1));
#4033=LINE('',#4032,#4031);
#4034=CARTESIAN_POINT('',(-1.5235E1,6.465E0,-1.8365E1));
#4035=DIRECTION('',(-1.E0,0.E0,0.E0));
#4036=DIRECTION('',(0.E0,1.E0,0.E0));
#4037=AXIS2_PLACEMENT_3D('',#4034,#4035,#4036);
#4039=DIRECTION('',(0.E0,0.E0,-1.E0));
#4040=VECTOR('',#4039,5.565E0);
#4041=CARTESIAN_POINT('',(-1.5235E1,8.035E0,-1.28E1));
#4042=LINE('',#4041,#4040);
#4043=DIRECTION('',(0.E0,0.E0,-1.E0));
#4044=VECTOR('',#4043,5.3E0);
#4045=CARTESIAN_POINT('',(-1.5235E1,8.035E0,-4.7E0));
#4046=LINE('',#4045,#4044);
#4047=DIRECTION('',(0.E0,1.E0,0.E0));
#4048=VECTOR('',#4047,1.07E0);
#4049=CARTESIAN_POINT('',(-1.5235E1,6.965E0,-4.7E0));
#4050=LINE('',#4049,#4048);
#4051=DIRECTION('',(0.E0,0.E0,1.E0));
#4052=VECTOR('',#4051,5.3E0);
#4053=CARTESIAN_POINT('',(-1.5235E1,6.965E0,-1.E1));
#4054=LINE('',#4053,#4052);
#4055=DIRECTION('',(-1.E0,0.E0,0.E0));
#4056=VECTOR('',#4055,1.07E0);
#4057=CARTESIAN_POINT('',(-1.4165E1,6.965E0,-1.8365E1));
#4058=LINE('',#4057,#4056);
#4059=DIRECTION('',(-1.E0,0.E0,0.E0));
#4060=VECTOR('',#4059,1.07E0);
#4061=CARTESIAN_POINT('',(-1.4165E1,6.465E0,-1.8865E1));
#4062=LINE('',#4061,#4060);
#4063=DIRECTION('',(-1.E0,0.E0,0.E0));
#4064=VECTOR('',#4063,1.07E0);
#4065=CARTESIAN_POINT('',(-1.4165E1,-3.3E0,-1.8865E1));
#4066=LINE('',#4065,#4064);
#4067=DIRECTION('',(-1.E0,0.E0,0.E0));
#4068=VECTOR('',#4067,1.07E0);
#4069=CARTESIAN_POINT('',(-1.4165E1,-3.3E0,-1.9935E1));
#4070=LINE('',#4069,#4068);
#4071=DIRECTION('',(-1.E0,0.E0,0.E0));
#4072=VECTOR('',#4071,1.07E0);
#4073=CARTESIAN_POINT('',(-1.4165E1,6.465E0,-1.9935E1));
#4074=LINE('',#4073,#4072);
#4075=DIRECTION('',(-1.E0,0.E0,0.E0));
#4076=VECTOR('',#4075,1.07E0);
#4077=CARTESIAN_POINT('',(-1.4165E1,8.035E0,-1.8365E1));
#4078=LINE('',#4077,#4076);
#4079=DIRECTION('',(0.E0,-1.E0,0.E0));
#4080=VECTOR('',#4079,2.8E0);
#4081=CARTESIAN_POINT('',(-2.08E1,4.9E0,-1.E1));
#4082=LINE('',#4081,#4080);
#4083=DIRECTION('',(-1.E0,0.E0,0.E0));
#4084=VECTOR('',#4083,3.8E0);
#4085=CARTESIAN_POINT('',(-1.7E1,4.9E0,-1.E1));
#4086=LINE('',#4085,#4084);
#4087=DIRECTION('',(0.E0,1.E0,0.E0));
#4088=VECTOR('',#4087,2.8E0);
#4089=CARTESIAN_POINT('',(-1.7E1,2.1E0,-1.E1));
#4090=LINE('',#4089,#4088);
#4091=DIRECTION('',(7.071067811865E-1,7.071067811865E-1,0.E0));
#4092=VECTOR('',#4091,1.131370849898E0);
#4093=CARTESIAN_POINT('',(-1.78E1,1.3E0,-1.E1));
#4094=LINE('',#4093,#4092);
#4095=DIRECTION('',(1.E0,0.E0,0.E0));
#4096=VECTOR('',#4095,2.2E0);
#4097=CARTESIAN_POINT('',(-2.E1,1.3E0,-1.E1));
#4098=LINE('',#4097,#4096);
#4099=DIRECTION('',(7.071067811865E-1,-7.071067811865E-1,0.E0));
#4100=VECTOR('',#4099,1.131370849898E0);
#4101=CARTESIAN_POINT('',(-2.08E1,2.1E0,-1.E1));
#4102=LINE('',#4101,#4100);
#4103=DIRECTION('',(0.E0,-1.E0,0.E0));
#4104=VECTOR('',#4103,3.6E0);
#4105=CARTESIAN_POINT('',(-2.08E1,9.1E0,-1.E1));
#4106=LINE('',#4105,#4104);
#4107=DIRECTION('',(-1.E0,0.E0,0.E0));
#4108=VECTOR('',#4107,3.8E0);
#4109=CARTESIAN_POINT('',(-1.7E1,9.1E0,-1.E1));
#4110=LINE('',#4109,#4108);
#4111=DIRECTION('',(0.E0,1.E0,0.E0));
#4112=VECTOR('',#4111,3.6E0);
#4113=CARTESIAN_POINT('',(-1.7E1,5.5E0,-1.E1));
#4114=LINE('',#4113,#4112);
#4115=DIRECTION('',(1.E0,0.E0,0.E0));
#4116=VECTOR('',#4115,3.8E0);
#4117=CARTESIAN_POINT('',(-2.08E1,5.5E0,-1.E1));
#4118=LINE('',#4117,#4116);
#4119=DIRECTION('',(0.E0,-1.E0,0.E0));
#4120=VECTOR('',#4119,3.E0);
#4121=CARTESIAN_POINT('',(-1.66E1,4.9E0,-1.E1));
#4122=LINE('',#4121,#4120);
#4123=DIRECTION('',(-1.E0,0.E0,0.E0));
#4124=VECTOR('',#4123,3.8E0);
#4125=CARTESIAN_POINT('',(-1.28E1,4.9E0,-1.E1));
#4126=LINE('',#4125,#4124);
#4127=DIRECTION('',(0.E0,1.E0,0.E0));
#4128=VECTOR('',#4127,3.E0);
#4129=CARTESIAN_POINT('',(-1.28E1,1.9E0,-1.E1));
#4130=LINE('',#4129,#4128);
#4131=DIRECTION('',(7.071067811865E-1,7.071067811865E-1,0.E0));
#4132=VECTOR('',#4131,1.131370849898E0);
#4133=CARTESIAN_POINT('',(-1.36E1,1.1E0,-1.E1));
#4134=LINE('',#4133,#4132);
#4135=DIRECTION('',(1.E0,0.E0,0.E0));
#4136=VECTOR('',#4135,2.2E0);
#4137=CARTESIAN_POINT('',(-1.58E1,1.1E0,-1.E1));
#4138=LINE('',#4137,#4136);
#4139=DIRECTION('',(7.071067811865E-1,-7.071067811865E-1,0.E0));
#4140=VECTOR('',#4139,1.131370849898E0);
#4141=CARTESIAN_POINT('',(-1.66E1,1.9E0,-1.E1));
#4142=LINE('',#4141,#4140);
#4143=DIRECTION('',(0.E0,-1.E0,0.E0));
#4144=VECTOR('',#4143,3.6E0);
#4145=CARTESIAN_POINT('',(-1.66E1,9.1E0,-1.E1));
#4146=LINE('',#4145,#4144);
#4147=DIRECTION('',(-1.E0,0.E0,0.E0));
#4148=VECTOR('',#4147,3.8E0);
#4149=CARTESIAN_POINT('',(-1.28E1,9.1E0,-1.E1));
#4150=LINE('',#4149,#4148);
#4151=DIRECTION('',(0.E0,1.E0,0.E0));
#4152=VECTOR('',#4151,3.6E0);
#4153=CARTESIAN_POINT('',(-1.28E1,5.5E0,-1.E1));
#4154=LINE('',#4153,#4152);
#4155=DIRECTION('',(1.E0,0.E0,0.E0));
#4156=VECTOR('',#4155,3.8E0);
#4157=CARTESIAN_POINT('',(-1.66E1,5.5E0,-1.E1));
#4158=LINE('',#4157,#4156);
#4159=DIRECTION('',(0.E0,1.E0,0.E0));
#4160=VECTOR('',#4159,1.07E0);
#4161=CARTESIAN_POINT('',(-1.4165E1,6.965E0,-1.E1));
#4162=LINE('',#4161,#4160);
#4163=DIRECTION('',(-1.E0,0.E0,0.E0));
#4164=VECTOR('',#4163,1.07E0);
#4165=CARTESIAN_POINT('',(-1.4165E1,8.035E0,-1.E1));
#4166=LINE('',#4165,#4164);
#4167=DIRECTION('',(0.E0,1.E0,0.E0));
#4168=VECTOR('',#4167,1.07E0);
#4169=CARTESIAN_POINT('',(-1.5235E1,6.965E0,-1.E1));
#4170=LINE('',#4169,#4168);
#4171=DIRECTION('',(-1.E0,0.E0,0.E0));
#4172=VECTOR('',#4171,1.07E0);
#4173=CARTESIAN_POINT('',(-1.4165E1,6.965E0,-1.E1));
#4174=LINE('',#4173,#4172);
#4175=DIRECTION('',(0.E0,1.E0,0.E0));
#4176=VECTOR('',#4175,1.07E0);
#4177=CARTESIAN_POINT('',(-1.8365E1,6.965E0,-1.E1));
#4178=LINE('',#4177,#4176);
#4179=DIRECTION('',(-1.E0,0.E0,0.E0));
#4180=VECTOR('',#4179,1.07E0);
#4181=CARTESIAN_POINT('',(-1.8365E1,8.035E0,-1.E1));
#4182=LINE('',#4181,#4180);
#4183=DIRECTION('',(0.E0,1.E0,0.E0));
#4184=VECTOR('',#4183,1.07E0);
#4185=CARTESIAN_POINT('',(-1.9435E1,6.965E0,-1.E1));
#4186=LINE('',#4185,#4184);
#4187=DIRECTION('',(-1.E0,0.E0,0.E0));
#4188=VECTOR('',#4187,1.07E0);
#4189=CARTESIAN_POINT('',(-1.8365E1,6.965E0,-1.E1));
#4190=LINE('',#4189,#4188);
#4191=DIRECTION('',(0.E0,1.E0,0.E0));
#4192=VECTOR('',#4191,1.07E0);
#4193=CARTESIAN_POINT('',(-1.4165E1,2.765E0,-1.E1));
#4194=LINE('',#4193,#4192);
#4195=DIRECTION('',(-1.E0,0.E0,0.E0));
#4196=VECTOR('',#4195,1.07E0);
#4197=CARTESIAN_POINT('',(-1.4165E1,3.835E0,-1.E1));
#4198=LINE('',#4197,#4196);
#4199=DIRECTION('',(0.E0,1.E0,0.E0));
#4200=VECTOR('',#4199,1.07E0);
#4201=CARTESIAN_POINT('',(-1.5235E1,2.765E0,-1.E1));
#4202=LINE('',#4201,#4200);
#4203=DIRECTION('',(-1.E0,0.E0,0.E0));
#4204=VECTOR('',#4203,1.07E0);
#4205=CARTESIAN_POINT('',(-1.4165E1,2.765E0,-1.E1));
#4206=LINE('',#4205,#4204);
#4207=DIRECTION('',(0.E0,1.E0,0.E0));
#4208=VECTOR('',#4207,1.07E0);
#4209=CARTESIAN_POINT('',(-1.8365E1,2.765E0,-1.E1));
#4210=LINE('',#4209,#4208);
#4211=DIRECTION('',(-1.E0,0.E0,0.E0));
#4212=VECTOR('',#4211,1.07E0);
#4213=CARTESIAN_POINT('',(-1.8365E1,3.835E0,-1.E1));
#4214=LINE('',#4213,#4212);
#4215=DIRECTION('',(0.E0,1.E0,0.E0));
#4216=VECTOR('',#4215,1.07E0);
#4217=CARTESIAN_POINT('',(-1.9435E1,2.765E0,-1.E1));
#4218=LINE('',#4217,#4216);
#4219=DIRECTION('',(-1.E0,0.E0,0.E0));
#4220=VECTOR('',#4219,1.07E0);
#4221=CARTESIAN_POINT('',(-1.8365E1,2.765E0,-1.E1));
#4222=LINE('',#4221,#4220);
#4223=DIRECTION('',(0.E0,0.E0,-1.E0));
#4224=VECTOR('',#4223,1.E1);
#4225=CARTESIAN_POINT('',(-2.08E1,4.9E0,0.E0));
#4226=LINE('',#4225,#4224);
#4227=DIRECTION('',(0.E0,0.E0,-1.E0));
#4228=VECTOR('',#4227,1.E1);
#4229=CARTESIAN_POINT('',(-1.7E1,4.9E0,0.E0));
#4230=LINE('',#4229,#4228);
#4231=DIRECTION('',(0.E0,0.E0,-1.E0));
#4232=VECTOR('',#4231,1.E1);
#4233=CARTESIAN_POINT('',(-1.7E1,2.1E0,0.E0));
#4234=LINE('',#4233,#4232);
#4235=DIRECTION('',(0.E0,0.E0,-1.E0));
#4236=VECTOR('',#4235,1.E1);
#4237=CARTESIAN_POINT('',(-1.78E1,1.3E0,0.E0));
#4238=LINE('',#4237,#4236);
#4239=DIRECTION('',(0.E0,0.E0,-1.E0));
#4240=VECTOR('',#4239,1.E1);
#4241=CARTESIAN_POINT('',(-2.E1,1.3E0,0.E0));
#4242=LINE('',#4241,#4240);
#4243=DIRECTION('',(0.E0,0.E0,-1.E0));
#4244=VECTOR('',#4243,1.E1);
#4245=CARTESIAN_POINT('',(-2.08E1,2.1E0,0.E0));
#4246=LINE('',#4245,#4244);
#4247=DIRECTION('',(0.E0,0.E0,-1.E0));
#4248=VECTOR('',#4247,1.E1);
#4249=CARTESIAN_POINT('',(-2.08E1,9.1E0,0.E0));
#4250=LINE('',#4249,#4248);
#4251=DIRECTION('',(0.E0,0.E0,-1.E0));
#4252=VECTOR('',#4251,1.E1);
#4253=CARTESIAN_POINT('',(-1.7E1,9.1E0,0.E0));
#4254=LINE('',#4253,#4252);
#4255=DIRECTION('',(0.E0,0.E0,-1.E0));
#4256=VECTOR('',#4255,1.E1);
#4257=CARTESIAN_POINT('',(-1.7E1,5.5E0,0.E0));
#4258=LINE('',#4257,#4256);
#4259=DIRECTION('',(0.E0,0.E0,-1.E0));
#4260=VECTOR('',#4259,1.E1);
#4261=CARTESIAN_POINT('',(-2.08E1,5.5E0,0.E0));
#4262=LINE('',#4261,#4260);
#4263=DIRECTION('',(0.E0,0.E0,-1.E0));
#4264=VECTOR('',#4263,1.E1);
#4265=CARTESIAN_POINT('',(-1.66E1,4.9E0,0.E0));
#4266=LINE('',#4265,#4264);
#4267=DIRECTION('',(0.E0,0.E0,-1.E0));
#4268=VECTOR('',#4267,1.E1);
#4269=CARTESIAN_POINT('',(-1.28E1,4.9E0,0.E0));
#4270=LINE('',#4269,#4268);
#4271=DIRECTION('',(0.E0,0.E0,-1.E0));
#4272=VECTOR('',#4271,1.E1);
#4273=CARTESIAN_POINT('',(-1.28E1,1.9E0,0.E0));
#4274=LINE('',#4273,#4272);
#4275=DIRECTION('',(0.E0,0.E0,-1.E0));
#4276=VECTOR('',#4275,1.E1);
#4277=CARTESIAN_POINT('',(-1.36E1,1.1E0,0.E0));
#4278=LINE('',#4277,#4276);
#4279=DIRECTION('',(0.E0,0.E0,-1.E0));
#4280=VECTOR('',#4279,1.E1);
#4281=CARTESIAN_POINT('',(-1.58E1,1.1E0,0.E0));
#4282=LINE('',#4281,#4280);
#4283=DIRECTION('',(0.E0,0.E0,-1.E0));
#4284=VECTOR('',#4283,1.E1);
#4285=CARTESIAN_POINT('',(-1.66E1,1.9E0,0.E0));
#4286=LINE('',#4285,#4284);
#4287=DIRECTION('',(0.E0,0.E0,-1.E0));
#4288=VECTOR('',#4287,1.E1);
#4289=CARTESIAN_POINT('',(-1.66E1,9.1E0,0.E0));
#4290=LINE('',#4289,#4288);
#4291=DIRECTION('',(0.E0,0.E0,-1.E0));
#4292=VECTOR('',#4291,1.E1);
#4293=CARTESIAN_POINT('',(-1.28E1,9.1E0,0.E0));
#4294=LINE('',#4293,#4292);
#4295=DIRECTION('',(0.E0,0.E0,-1.E0));
#4296=VECTOR('',#4295,1.E1);
#4297=CARTESIAN_POINT('',(-1.28E1,5.5E0,0.E0));
#4298=LINE('',#4297,#4296);
#4299=DIRECTION('',(0.E0,0.E0,-1.E0));
#4300=VECTOR('',#4299,1.E1);
#4301=CARTESIAN_POINT('',(-1.66E1,5.5E0,0.E0));
#4302=LINE('',#4301,#4300);
#4303=DIRECTION('',(0.E0,0.E0,-1.E0));
#4304=VECTOR('',#4303,5.565E0);
#4305=CARTESIAN_POINT('',(-1.8365E1,8.035E0,-1.28E1));
#4306=LINE('',#4305,#4304);
#4307=CARTESIAN_POINT('',(-1.8365E1,6.465E0,-1.8365E1));
#4308=DIRECTION('',(-1.E0,0.E0,0.E0));
#4309=DIRECTION('',(0.E0,1.E0,0.E0));
#4310=AXIS2_PLACEMENT_3D('',#4307,#4308,#4309);
#4312=DIRECTION('',(0.E0,-1.E0,0.E0));
#4313=VECTOR('',#4312,9.765E0);
#4314=CARTESIAN_POINT('',(-1.8365E1,6.465E0,-1.9935E1));
#4315=LINE('',#4314,#4313);
#4316=DIRECTION('',(0.E0,0.E0,1.E0));
#4317=VECTOR('',#4316,1.07E0);
#4318=CARTESIAN_POINT('',(-1.8365E1,-3.3E0,-1.9935E1));
#4319=LINE('',#4318,#4317);
#4320=DIRECTION('',(0.E0,1.E0,0.E0));
#4321=VECTOR('',#4320,9.765E0);
#4322=CARTESIAN_POINT('',(-1.8365E1,-3.3E0,-1.8865E1));
#4323=LINE('',#4322,#4321);
#4324=CARTESIAN_POINT('',(-1.8365E1,6.465E0,-1.8365E1));
#4325=DIRECTION('',(1.E0,0.E0,0.E0));
#4326=DIRECTION('',(0.E0,0.E0,-1.E0));
#4327=AXIS2_PLACEMENT_3D('',#4324,#4325,#4326);
#4329=DIRECTION('',(0.E0,0.E0,1.E0));
#4330=VECTOR('',#4329,5.565E0);
#4331=CARTESIAN_POINT('',(-1.8365E1,6.965E0,-1.8365E1));
#4332=LINE('',#4331,#4330);
#4333=DIRECTION('',(0.E0,0.E0,-1.E0));
#4334=VECTOR('',#4333,5.3E0);
#4335=CARTESIAN_POINT('',(-1.8365E1,8.035E0,-4.7E0));
#4336=LINE('',#4335,#4334);
#4337=DIRECTION('',(0.E0,0.E0,1.E0));
#4338=VECTOR('',#4337,5.3E0);
#4339=CARTESIAN_POINT('',(-1.8365E1,6.965E0,-1.E1));
#4340=LINE('',#4339,#4338);
#4341=DIRECTION('',(0.E0,1.E0,0.E0));
#4342=VECTOR('',#4341,1.07E0);
#4343=CARTESIAN_POINT('',(-1.8365E1,6.965E0,-4.7E0));
#4344=LINE('',#4343,#4342);
#4345=DIRECTION('',(-1.E0,0.E0,0.E0));
#4346=VECTOR('',#4345,1.07E0);
#4347=CARTESIAN_POINT('',(-1.8365E1,8.035E0,-4.7E0));
#4348=LINE('',#4347,#4346);
#4349=DIRECTION('',(0.E0,0.E0,1.E0));
#4350=VECTOR('',#4349,5.565E0);
#4351=CARTESIAN_POINT('',(-1.9435E1,6.965E0,-1.8365E1));
#4352=LINE('',#4351,#4350);
#4353=CARTESIAN_POINT('',(-1.9435E1,6.465E0,-1.8365E1));
#4354=DIRECTION('',(1.E0,0.E0,0.E0));
#4355=DIRECTION('',(0.E0,0.E0,-1.E0));
#4356=AXIS2_PLACEMENT_3D('',#4353,#4354,#4355);
#4358=DIRECTION('',(0.E0,1.E0,0.E0));
#4359=VECTOR('',#4358,9.765E0);
#4360=CARTESIAN_POINT('',(-1.9435E1,-3.3E0,-1.8865E1));
#4361=LINE('',#4360,#4359);
#4362=DIRECTION('',(0.E0,0.E0,1.E0));
#4363=VECTOR('',#4362,1.07E0);
#4364=CARTESIAN_POINT('',(-1.9435E1,-3.3E0,-1.9935E1));
#4365=LINE('',#4364,#4363);
#4366=DIRECTION('',(0.E0,-1.E0,0.E0));
#4367=VECTOR('',#4366,9.765E0);
#4368=CARTESIAN_POINT('',(-1.9435E1,6.465E0,-1.9935E1));
#4369=LINE('',#4368,#4367);
#4370=CARTESIAN_POINT('',(-1.9435E1,6.465E0,-1.8365E1));
#4371=DIRECTION('',(-1.E0,0.E0,0.E0));
#4372=DIRECTION('',(0.E0,1.E0,0.E0));
#4373=AXIS2_PLACEMENT_3D('',#4370,#4371,#4372);
#4375=DIRECTION('',(0.E0,0.E0,-1.E0));
#4376=VECTOR('',#4375,5.565E0);
#4377=CARTESIAN_POINT('',(-1.9435E1,8.035E0,-1.28E1));
#4378=LINE('',#4377,#4376);
#4379=DIRECTION('',(0.E0,0.E0,-1.E0));
#4380=VECTOR('',#4379,5.3E0);
#4381=CARTESIAN_POINT('',(-1.9435E1,8.035E0,-4.7E0));
#4382=LINE('',#4381,#4380);
#4383=DIRECTION('',(0.E0,1.E0,0.E0));
#4384=VECTOR('',#4383,1.07E0);
#4385=CARTESIAN_POINT('',(-1.9435E1,6.965E0,-4.7E0));
#4386=LINE('',#4385,#4384);
#4387=DIRECTION('',(0.E0,0.E0,1.E0));
#4388=VECTOR('',#4387,5.3E0);
#4389=CARTESIAN_POINT('',(-1.9435E1,6.965E0,-1.E1));
#4390=LINE('',#4389,#4388);
#4391=DIRECTION('',(-1.E0,0.E0,0.E0));
#4392=VECTOR('',#4391,1.07E0);
#4393=CARTESIAN_POINT('',(-1.8365E1,6.965E0,-1.8365E1));
#4394=LINE('',#4393,#4392);
#4395=DIRECTION('',(-1.E0,0.E0,0.E0));
#4396=VECTOR('',#4395,1.07E0);
#4397=CARTESIAN_POINT('',(-1.8365E1,6.465E0,-1.8865E1));
#4398=LINE('',#4397,#4396);
#4399=DIRECTION('',(-1.E0,0.E0,0.E0));
#4400=VECTOR('',#4399,1.07E0);
#4401=CARTESIAN_POINT('',(-1.8365E1,-3.3E0,-1.8865E1));
#4402=LINE('',#4401,#4400);
#4403=DIRECTION('',(-1.E0,0.E0,0.E0));
#4404=VECTOR('',#4403,1.07E0);
#4405=CARTESIAN_POINT('',(-1.8365E1,-3.3E0,-1.9935E1));
#4406=LINE('',#4405,#4404);
#4407=DIRECTION('',(-1.E0,0.E0,0.E0));
#4408=VECTOR('',#4407,1.07E0);
#4409=CARTESIAN_POINT('',(-1.8365E1,6.465E0,-1.9935E1));
#4410=LINE('',#4409,#4408);
#4411=DIRECTION('',(-1.E0,0.E0,0.E0));
#4412=VECTOR('',#4411,1.07E0);
#4413=CARTESIAN_POINT('',(-1.8365E1,8.035E0,-1.8365E1));
#4414=LINE('',#4413,#4412);
#4415=DIRECTION('',(-1.E0,0.E0,0.E0));
#4416=VECTOR('',#4415,1.07E0);
#4417=CARTESIAN_POINT('',(-1.8365E1,6.965E0,-4.7E0));
#4418=LINE('',#4417,#4416);
#4419=DIRECTION('',(0.E0,0.E0,-1.E0));
#4420=VECTOR('',#4419,2.65E-1);
#4421=CARTESIAN_POINT('',(-1.4165E1,3.835E0,-1.28E1));
#4422=LINE('',#4421,#4420);
#4423=CARTESIAN_POINT('',(-1.4165E1,2.465E0,-1.3065E1));
#4424=DIRECTION('',(-1.E0,0.E0,0.E0));
#4425=DIRECTION('',(0.E0,1.E0,-2.204238413854E-14));
#4426=AXIS2_PLACEMENT_3D('',#4423,#4424,#4425);
#4428=DIRECTION('',(0.E0,-1.E0,0.E0));
#4429=VECTOR('',#4428,5.765E0);
#4430=CARTESIAN_POINT('',(-1.4165E1,2.465E0,-1.4435E1));
#4431=LINE('',#4430,#4429);
#4432=DIRECTION('',(0.E0,0.E0,1.E0));
#4433=VECTOR('',#4432,1.07E0);
#4434=CARTESIAN_POINT('',(-1.4165E1,-3.3E0,-1.4435E1));
#4435=LINE('',#4434,#4433);
#4436=DIRECTION('',(0.E0,1.E0,0.E0));
#4437=VECTOR('',#4436,5.765E0);
#4438=CARTESIAN_POINT('',(-1.4165E1,-3.3E0,-1.3365E1));
#4439=LINE('',#4438,#4437);
#4440=CARTESIAN_POINT('',(-1.4165E1,2.465E0,-1.3065E1));
#4441=DIRECTION('',(1.E0,0.E0,0.E0));
#4442=DIRECTION('',(0.E0,6.809367884368E-14,-1.E0));
#4443=AXIS2_PLACEMENT_3D('',#4440,#4441,#4442);
#4445=DIRECTION('',(0.E0,0.E0,1.E0));
#4446=VECTOR('',#4445,2.65E-1);
#4447=CARTESIAN_POINT('',(-1.4165E1,2.765E0,-1.3065E1));
#4448=LINE('',#4447,#4446);
#4449=DIRECTION('',(0.E0,0.E0,-1.E0));
#4450=VECTOR('',#4449,5.3E0);
#4451=CARTESIAN_POINT('',(-1.4165E1,3.835E0,-4.7E0));
#4452=LINE('',#4451,#4450);
#4453=DIRECTION('',(0.E0,0.E0,1.E0));
#4454=VECTOR('',#4453,5.3E0);
#4455=CARTESIAN_POINT('',(-1.4165E1,2.765E0,-1.E1));
#4456=LINE('',#4455,#4454);
#4457=DIRECTION('',(0.E0,1.E0,0.E0));
#4458=VECTOR('',#4457,1.07E0);
#4459=CARTESIAN_POINT('',(-1.4165E1,2.765E0,-4.7E0));
#4460=LINE('',#4459,#4458);
#4461=DIRECTION('',(-1.E0,0.E0,0.E0));
#4462=VECTOR('',#4461,1.07E0);
#4463=CARTESIAN_POINT('',(-1.4165E1,3.835E0,-4.7E0));
#4464=LINE('',#4463,#4462);
#4465=DIRECTION('',(0.E0,0.E0,1.E0));
#4466=VECTOR('',#4465,2.65E-1);
#4467=CARTESIAN_POINT('',(-1.5235E1,2.765E0,-1.3065E1));
#4468=LINE('',#4467,#4466);
#4469=CARTESIAN_POINT('',(-1.5235E1,2.465E0,-1.3065E1));
#4470=DIRECTION('',(1.E0,0.E0,0.E0));
#4471=DIRECTION('',(0.E0,6.809367884368E-14,-1.E0));
#4472=AXIS2_PLACEMENT_3D('',#4469,#4470,#4471);
#4474=DIRECTION('',(0.E0,1.E0,0.E0));
#4475=VECTOR('',#4474,5.765E0);
#4476=CARTESIAN_POINT('',(-1.5235E1,-3.3E0,-1.3365E1));
#4477=LINE('',#4476,#4475);
#4478=DIRECTION('',(0.E0,0.E0,1.E0));
#4479=VECTOR('',#4478,1.07E0);
#4480=CARTESIAN_POINT('',(-1.5235E1,-3.3E0,-1.4435E1));
#4481=LINE('',#4480,#4479);
#4482=DIRECTION('',(0.E0,-1.E0,0.E0));
#4483=VECTOR('',#4482,5.765E0);
#4484=CARTESIAN_POINT('',(-1.5235E1,2.465E0,-1.4435E1));
#4485=LINE('',#4484,#4483);
#4486=CARTESIAN_POINT('',(-1.5235E1,2.465E0,-1.3065E1));
#4487=DIRECTION('',(-1.E0,0.E0,0.E0));
#4488=DIRECTION('',(0.E0,1.E0,-2.204238413854E-14));
#4489=AXIS2_PLACEMENT_3D('',#4486,#4487,#4488);
#4491=DIRECTION('',(0.E0,0.E0,-1.E0));
#4492=VECTOR('',#4491,2.65E-1);
#4493=CARTESIAN_POINT('',(-1.5235E1,3.835E0,-1.28E1));
#4494=LINE('',#4493,#4492);
#4495=DIRECTION('',(0.E0,0.E0,-1.E0));
#4496=VECTOR('',#4495,5.3E0);
#4497=CARTESIAN_POINT('',(-1.5235E1,3.835E0,-4.7E0));
#4498=LINE('',#4497,#4496);
#4499=DIRECTION('',(0.E0,1.E0,0.E0));
#4500=VECTOR('',#4499,1.07E0);
#4501=CARTESIAN_POINT('',(-1.5235E1,2.765E0,-4.7E0));
#4502=LINE('',#4501,#4500);
#4503=DIRECTION('',(0.E0,0.E0,1.E0));
#4504=VECTOR('',#4503,5.3E0);
#4505=CARTESIAN_POINT('',(-1.5235E1,2.765E0,-1.E1));
#4506=LINE('',#4505,#4504);
#4507=DIRECTION('',(-1.E0,0.E0,0.E0));
#4508=VECTOR('',#4507,1.07E0);
#4509=CARTESIAN_POINT('',(-1.4165E1,2.765E0,-1.3065E1));
#4510=LINE('',#4509,#4508);
#4511=DIRECTION('',(-1.E0,0.E0,0.E0));
#4512=VECTOR('',#4511,1.07E0);
#4513=CARTESIAN_POINT('',(-1.4165E1,2.465E0,-1.3365E1));
#4514=LINE('',#4513,#4512);
#4515=DIRECTION('',(-1.E0,0.E0,0.E0));
#4516=VECTOR('',#4515,1.07E0);
#4517=CARTESIAN_POINT('',(-1.4165E1,-3.3E0,-1.3365E1));
#4518=LINE('',#4517,#4516);
#4519=DIRECTION('',(-1.E0,0.E0,0.E0));
#4520=VECTOR('',#4519,1.07E0);
#4521=CARTESIAN_POINT('',(-1.4165E1,-3.3E0,-1.4435E1));
#4522=LINE('',#4521,#4520);
#4523=DIRECTION('',(-1.E0,0.E0,0.E0));
#4524=VECTOR('',#4523,1.07E0);
#4525=CARTESIAN_POINT('',(-1.4165E1,2.465E0,-1.4435E1));
#4526=LINE('',#4525,#4524);
#4527=DIRECTION('',(-1.E0,0.E0,0.E0));
#4528=VECTOR('',#4527,1.07E0);
#4529=CARTESIAN_POINT('',(-1.4165E1,3.835E0,-1.3065E1));
#4530=LINE('',#4529,#4528);
#4531=DIRECTION('',(-1.E0,0.E0,0.E0));
#4532=VECTOR('',#4531,1.07E0);
#4533=CARTESIAN_POINT('',(-1.4165E1,2.765E0,-4.7E0));
#4534=LINE('',#4533,#4532);
#4535=DIRECTION('',(0.E0,0.E0,-1.E0));
#4536=VECTOR('',#4535,2.65E-1);
#4537=CARTESIAN_POINT('',(-1.8365E1,3.835E0,-1.28E1));
#4538=LINE('',#4537,#4536);
#4539=CARTESIAN_POINT('',(-1.8365E1,2.465E0,-1.3065E1));
#4540=DIRECTION('',(-1.E0,0.E0,0.E0));
#4541=DIRECTION('',(0.E0,1.E0,-2.204238413854E-14));
#4542=AXIS2_PLACEMENT_3D('',#4539,#4540,#4541);
#4544=DIRECTION('',(0.E0,-1.E0,0.E0));
#4545=VECTOR('',#4544,5.765E0);
#4546=CARTESIAN_POINT('',(-1.8365E1,2.465E0,-1.4435E1));
#4547=LINE('',#4546,#4545);
#4548=DIRECTION('',(0.E0,0.E0,1.E0));
#4549=VECTOR('',#4548,1.07E0);
#4550=CARTESIAN_POINT('',(-1.8365E1,-3.3E0,-1.4435E1));
#4551=LINE('',#4550,#4549);
#4552=DIRECTION('',(0.E0,1.E0,0.E0));
#4553=VECTOR('',#4552,5.765E0);
#4554=CARTESIAN_POINT('',(-1.8365E1,-3.3E0,-1.3365E1));
#4555=LINE('',#4554,#4553);
#4556=CARTESIAN_POINT('',(-1.8365E1,2.465E0,-1.3065E1));
#4557=DIRECTION('',(1.E0,0.E0,0.E0));
#4558=DIRECTION('',(0.E0,6.809367884368E-14,-1.E0));
#4559=AXIS2_PLACEMENT_3D('',#4556,#4557,#4558);
#4561=DIRECTION('',(0.E0,0.E0,1.E0));
#4562=VECTOR('',#4561,2.65E-1);
#4563=CARTESIAN_POINT('',(-1.8365E1,2.765E0,-1.3065E1));
#4564=LINE('',#4563,#4562);
#4565=DIRECTION('',(0.E0,0.E0,-1.E0));
#4566=VECTOR('',#4565,5.3E0);
#4567=CARTESIAN_POINT('',(-1.8365E1,3.835E0,-4.7E0));
#4568=LINE('',#4567,#4566);
#4569=DIRECTION('',(0.E0,0.E0,1.E0));
#4570=VECTOR('',#4569,5.3E0);
#4571=CARTESIAN_POINT('',(-1.8365E1,2.765E0,-1.E1));
#4572=LINE('',#4571,#4570);
#4573=DIRECTION('',(0.E0,1.E0,0.E0));
#4574=VECTOR('',#4573,1.07E0);
#4575=CARTESIAN_POINT('',(-1.8365E1,2.765E0,-4.7E0));
#4576=LINE('',#4575,#4574);
#4577=DIRECTION('',(-1.E0,0.E0,0.E0));
#4578=VECTOR('',#4577,1.07E0);
#4579=CARTESIAN_POINT('',(-1.8365E1,3.835E0,-4.7E0));
#4580=LINE('',#4579,#4578);
#4581=DIRECTION('',(0.E0,0.E0,1.E0));
#4582=VECTOR('',#4581,2.65E-1);
#4583=CARTESIAN_POINT('',(-1.9435E1,2.765E0,-1.3065E1));
#4584=LINE('',#4583,#4582);
#4585=CARTESIAN_POINT('',(-1.9435E1,2.465E0,-1.3065E1));
#4586=DIRECTION('',(1.E0,0.E0,0.E0));
#4587=DIRECTION('',(0.E0,6.809367884368E-14,-1.E0));
#4588=AXIS2_PLACEMENT_3D('',#4585,#4586,#4587);
#4590=DIRECTION('',(0.E0,1.E0,0.E0));
#4591=VECTOR('',#4590,5.765E0);
#4592=CARTESIAN_POINT('',(-1.9435E1,-3.3E0,-1.3365E1));
#4593=LINE('',#4592,#4591);
#4594=DIRECTION('',(0.E0,0.E0,1.E0));
#4595=VECTOR('',#4594,1.07E0);
#4596=CARTESIAN_POINT('',(-1.9435E1,-3.3E0,-1.4435E1));
#4597=LINE('',#4596,#4595);
#4598=DIRECTION('',(0.E0,-1.E0,0.E0));
#4599=VECTOR('',#4598,5.765E0);
#4600=CARTESIAN_POINT('',(-1.9435E1,2.465E0,-1.4435E1));
#4601=LINE('',#4600,#4599);
#4602=CARTESIAN_POINT('',(-1.9435E1,2.465E0,-1.3065E1));
#4603=DIRECTION('',(-1.E0,0.E0,0.E0));
#4604=DIRECTION('',(0.E0,1.E0,-2.204238413854E-14));
#4605=AXIS2_PLACEMENT_3D('',#4602,#4603,#4604);
#4607=DIRECTION('',(0.E0,0.E0,-1.E0));
#4608=VECTOR('',#4607,2.65E-1);
#4609=CARTESIAN_POINT('',(-1.9435E1,3.835E0,-1.28E1));
#4610=LINE('',#4609,#4608);
#4611=DIRECTION('',(0.E0,0.E0,-1.E0));
#4612=VECTOR('',#4611,5.3E0);
#4613=CARTESIAN_POINT('',(-1.9435E1,3.835E0,-4.7E0));
#4614=LINE('',#4613,#4612);
#4615=DIRECTION('',(0.E0,1.E0,0.E0));
#4616=VECTOR('',#4615,1.07E0);
#4617=CARTESIAN_POINT('',(-1.9435E1,2.765E0,-4.7E0));
#4618=LINE('',#4617,#4616);
#4619=DIRECTION('',(0.E0,0.E0,1.E0));
#4620=VECTOR('',#4619,5.3E0);
#4621=CARTESIAN_POINT('',(-1.9435E1,2.765E0,-1.E1));
#4622=LINE('',#4621,#4620);
#4623=DIRECTION('',(-1.E0,0.E0,0.E0));
#4624=VECTOR('',#4623,1.07E0);
#4625=CARTESIAN_POINT('',(-1.8365E1,2.765E0,-1.3065E1));
#4626=LINE('',#4625,#4624);
#4627=DIRECTION('',(-1.E0,0.E0,0.E0));
#4628=VECTOR('',#4627,1.07E0);
#4629=CARTESIAN_POINT('',(-1.8365E1,2.465E0,-1.3365E1));
#4630=LINE('',#4629,#4628);
#4631=DIRECTION('',(-1.E0,0.E0,0.E0));
#4632=VECTOR('',#4631,1.07E0);
#4633=CARTESIAN_POINT('',(-1.8365E1,-3.3E0,-1.3365E1));
#4634=LINE('',#4633,#4632);
#4635=DIRECTION('',(-1.E0,0.E0,0.E0));
#4636=VECTOR('',#4635,1.07E0);
#4637=CARTESIAN_POINT('',(-1.8365E1,-3.3E0,-1.4435E1));
#4638=LINE('',#4637,#4636);
#4639=DIRECTION('',(-1.E0,0.E0,0.E0));
#4640=VECTOR('',#4639,1.07E0);
#4641=CARTESIAN_POINT('',(-1.8365E1,2.465E0,-1.4435E1));
#4642=LINE('',#4641,#4640);
#4643=DIRECTION('',(-1.E0,0.E0,0.E0));
#4644=VECTOR('',#4643,1.07E0);
#4645=CARTESIAN_POINT('',(-1.8365E1,3.835E0,-1.3065E1));
#4646=LINE('',#4645,#4644);
#4647=DIRECTION('',(-1.E0,0.E0,0.E0));
#4648=VECTOR('',#4647,1.07E0);
#4649=CARTESIAN_POINT('',(-1.8365E1,2.765E0,-4.7E0));
#4650=LINE('',#4649,#4648);
#4651=DIRECTION('',(-1.E0,0.E0,0.E0));
#4652=VECTOR('',#4651,1.07E0);
#4653=CARTESIAN_POINT('',(-1.4165E1,6.965E0,-4.7E0));
#4654=LINE('',#4653,#4652);
#4655=DIRECTION('',(0.E0,0.E0,-1.E0));
#4656=VECTOR('',#4655,5.565E0);
#4657=CARTESIAN_POINT('',(-2.2565E1,8.035E0,-1.28E1));
#4658=LINE('',#4657,#4656);
#4659=CARTESIAN_POINT('',(-2.2565E1,6.465E0,-1.8365E1));
#4660=DIRECTION('',(-1.E0,0.E0,0.E0));
#4661=DIRECTION('',(0.E0,1.E0,0.E0));
#4662=AXIS2_PLACEMENT_3D('',#4659,#4660,#4661);
#4664=DIRECTION('',(0.E0,-1.E0,0.E0));
#4665=VECTOR('',#4664,9.765E0);
#4666=CARTESIAN_POINT('',(-2.2565E1,6.465E0,-1.9935E1));
#4667=LINE('',#4666,#4665);
#4668=DIRECTION('',(0.E0,0.E0,1.E0));
#4669=VECTOR('',#4668,1.07E0);
#4670=CARTESIAN_POINT('',(-2.2565E1,-3.3E0,-1.9935E1));
#4671=LINE('',#4670,#4669);
#4672=DIRECTION('',(0.E0,1.E0,0.E0));
#4673=VECTOR('',#4672,9.765E0);
#4674=CARTESIAN_POINT('',(-2.2565E1,-3.3E0,-1.8865E1));
#4675=LINE('',#4674,#4673);
#4676=CARTESIAN_POINT('',(-2.2565E1,6.465E0,-1.8365E1));
#4677=DIRECTION('',(1.E0,0.E0,0.E0));
#4678=DIRECTION('',(0.E0,0.E0,-1.E0));
#4679=AXIS2_PLACEMENT_3D('',#4676,#4677,#4678);
#4681=DIRECTION('',(0.E0,0.E0,1.E0));
#4682=VECTOR('',#4681,5.565E0);
#4683=CARTESIAN_POINT('',(-2.2565E1,6.965E0,-1.8365E1));
#4684=LINE('',#4683,#4682);
#4685=DIRECTION('',(0.E0,0.E0,1.E0));
#4686=VECTOR('',#4685,5.3E0);
#4687=CARTESIAN_POINT('',(-2.2565E1,6.965E0,-1.E1));
#4688=LINE('',#4687,#4686);
#4689=DIRECTION('',(0.E0,1.E0,0.E0));
#4690=VECTOR('',#4689,1.07E0);
#4691=CARTESIAN_POINT('',(-2.2565E1,6.965E0,-4.7E0));
#4692=LINE('',#4691,#4690);
#4693=DIRECTION('',(0.E0,0.E0,-1.E0));
#4694=VECTOR('',#4693,5.3E0);
#4695=CARTESIAN_POINT('',(-2.2565E1,8.035E0,-4.7E0));
#4696=LINE('',#4695,#4694);
#4697=DIRECTION('',(-1.E0,0.E0,0.E0));
#4698=VECTOR('',#4697,1.07E0);
#4699=CARTESIAN_POINT('',(-2.2565E1,8.035E0,-4.7E0));
#4700=LINE('',#4699,#4698);
#4701=DIRECTION('',(0.E0,0.E0,1.E0));
#4702=VECTOR('',#4701,5.565E0);
#4703=CARTESIAN_POINT('',(-2.3635E1,6.965E0,-1.8365E1));
#4704=LINE('',#4703,#4702);
#4705=CARTESIAN_POINT('',(-2.3635E1,6.465E0,-1.8365E1));
#4706=DIRECTION('',(1.E0,0.E0,0.E0));
#4707=DIRECTION('',(0.E0,0.E0,-1.E0));
#4708=AXIS2_PLACEMENT_3D('',#4705,#4706,#4707);
#4710=DIRECTION('',(0.E0,1.E0,0.E0));
#4711=VECTOR('',#4710,9.765E0);
#4712=CARTESIAN_POINT('',(-2.3635E1,-3.3E0,-1.8865E1));
#4713=LINE('',#4712,#4711);
#4714=DIRECTION('',(0.E0,0.E0,1.E0));
#4715=VECTOR('',#4714,1.07E0);
#4716=CARTESIAN_POINT('',(-2.3635E1,-3.3E0,-1.9935E1));
#4717=LINE('',#4716,#4715);
#4718=DIRECTION('',(0.E0,-1.E0,0.E0));
#4719=VECTOR('',#4718,9.765E0);
#4720=CARTESIAN_POINT('',(-2.3635E1,6.465E0,-1.9935E1));
#4721=LINE('',#4720,#4719);
#4722=CARTESIAN_POINT('',(-2.3635E1,6.465E0,-1.8365E1));
#4723=DIRECTION('',(-1.E0,0.E0,0.E0));
#4724=DIRECTION('',(0.E0,1.E0,0.E0));
#4725=AXIS2_PLACEMENT_3D('',#4722,#4723,#4724);
#4727=DIRECTION('',(0.E0,0.E0,-1.E0));
#4728=VECTOR('',#4727,5.565E0);
#4729=CARTESIAN_POINT('',(-2.3635E1,8.035E0,-1.28E1));
#4730=LINE('',#4729,#4728);
#4731=DIRECTION('',(0.E0,0.E0,-1.E0));
#4732=VECTOR('',#4731,5.3E0);
#4733=CARTESIAN_POINT('',(-2.3635E1,8.035E0,-4.7E0));
#4734=LINE('',#4733,#4732);
#4735=DIRECTION('',(0.E0,1.E0,0.E0));
#4736=VECTOR('',#4735,1.07E0);
#4737=CARTESIAN_POINT('',(-2.3635E1,6.965E0,-4.7E0));
#4738=LINE('',#4737,#4736);
#4739=DIRECTION('',(0.E0,0.E0,1.E0));
#4740=VECTOR('',#4739,5.3E0);
#4741=CARTESIAN_POINT('',(-2.3635E1,6.965E0,-1.E1));
#4742=LINE('',#4741,#4740);
#4743=DIRECTION('',(-1.E0,0.E0,0.E0));
#4744=VECTOR('',#4743,1.07E0);
#4745=CARTESIAN_POINT('',(-2.2565E1,6.965E0,-1.8365E1));
#4746=LINE('',#4745,#4744);
#4747=DIRECTION('',(-1.E0,0.E0,0.E0));
#4748=VECTOR('',#4747,1.07E0);
#4749=CARTESIAN_POINT('',(-2.2565E1,6.465E0,-1.8865E1));
#4750=LINE('',#4749,#4748);
#4751=DIRECTION('',(-1.E0,0.E0,0.E0));
#4752=VECTOR('',#4751,1.07E0);
#4753=CARTESIAN_POINT('',(-2.2565E1,-3.3E0,-1.8865E1));
#4754=LINE('',#4753,#4752);
#4755=DIRECTION('',(-1.E0,0.E0,0.E0));
#4756=VECTOR('',#4755,1.07E0);
#4757=CARTESIAN_POINT('',(-2.2565E1,-3.3E0,-1.9935E1));
#4758=LINE('',#4757,#4756);
#4759=DIRECTION('',(-1.E0,0.E0,0.E0));
#4760=VECTOR('',#4759,1.07E0);
#4761=CARTESIAN_POINT('',(-2.2565E1,6.465E0,-1.9935E1));
#4762=LINE('',#4761,#4760);
#4763=DIRECTION('',(-1.E0,0.E0,0.E0));
#4764=VECTOR('',#4763,1.07E0);
#4765=CARTESIAN_POINT('',(-2.2565E1,8.035E0,-1.8365E1));
#4766=LINE('',#4765,#4764);
#4767=DIRECTION('',(0.E0,-1.E0,0.E0));
#4768=VECTOR('',#4767,3.6E0);
#4769=CARTESIAN_POINT('',(-2.5E1,4.9E0,-1.E1));
#4770=LINE('',#4769,#4768);
#4771=DIRECTION('',(-1.E0,0.E0,0.E0));
#4772=VECTOR('',#4771,3.8E0);
#4773=CARTESIAN_POINT('',(-2.12E1,4.9E0,-1.E1));
#4774=LINE('',#4773,#4772);
#4775=DIRECTION('',(0.E0,1.E0,0.E0));
#4776=VECTOR('',#4775,3.6E0);
#4777=CARTESIAN_POINT('',(-2.12E1,1.3E0,-1.E1));
#4778=LINE('',#4777,#4776);
#4779=DIRECTION('',(1.E0,0.E0,0.E0));
#4780=VECTOR('',#4779,3.8E0);
#4781=CARTESIAN_POINT('',(-2.5E1,1.3E0,-1.E1));
#4782=LINE('',#4781,#4780);
#4783=DIRECTION('',(0.E0,-1.E0,0.E0));
#4784=VECTOR('',#4783,2.8E0);
#4785=CARTESIAN_POINT('',(-2.5E1,9.1E0,-1.E1));
#4786=LINE('',#4785,#4784);
#4787=DIRECTION('',(-1.E0,0.E0,0.E0));
#4788=VECTOR('',#4787,3.8E0);
#4789=CARTESIAN_POINT('',(-2.12E1,9.1E0,-1.E1));
#4790=LINE('',#4789,#4788);
#4791=DIRECTION('',(0.E0,1.E0,0.E0));
#4792=VECTOR('',#4791,2.8E0);
#4793=CARTESIAN_POINT('',(-2.12E1,6.3E0,-1.E1));
#4794=LINE('',#4793,#4792);
#4795=DIRECTION('',(7.071067811865E-1,7.071067811865E-1,0.E0));
#4796=VECTOR('',#4795,1.131370849898E0);
#4797=CARTESIAN_POINT('',(-2.2E1,5.5E0,-1.E1));
#4798=LINE('',#4797,#4796);
#4799=DIRECTION('',(1.E0,0.E0,0.E0));
#4800=VECTOR('',#4799,2.2E0);
#4801=CARTESIAN_POINT('',(-2.42E1,5.5E0,-1.E1));
#4802=LINE('',#4801,#4800);
#4803=DIRECTION('',(7.071067811865E-1,-7.071067811865E-1,0.E0));
#4804=VECTOR('',#4803,1.131370849898E0);
#4805=CARTESIAN_POINT('',(-2.5E1,6.3E0,-1.E1));
#4806=LINE('',#4805,#4804);
#4807=DIRECTION('',(0.E0,1.E0,0.E0));
#4808=VECTOR('',#4807,1.07E0);
#4809=CARTESIAN_POINT('',(-2.2565E1,6.965E0,-1.E1));
#4810=LINE('',#4809,#4808);
#4811=DIRECTION('',(-1.E0,0.E0,0.E0));
#4812=VECTOR('',#4811,1.07E0);
#4813=CARTESIAN_POINT('',(-2.2565E1,8.035E0,-1.E1));
#4814=LINE('',#4813,#4812);
#4815=DIRECTION('',(0.E0,1.E0,0.E0));
#4816=VECTOR('',#4815,1.07E0);
#4817=CARTESIAN_POINT('',(-2.3635E1,6.965E0,-1.E1));
#4818=LINE('',#4817,#4816);
#4819=DIRECTION('',(-1.E0,0.E0,0.E0));
#4820=VECTOR('',#4819,1.07E0);
#4821=CARTESIAN_POINT('',(-2.2565E1,6.965E0,-1.E1));
#4822=LINE('',#4821,#4820);
#4823=DIRECTION('',(0.E0,1.E0,0.E0));
#4824=VECTOR('',#4823,1.07E0);
#4825=CARTESIAN_POINT('',(-2.2565E1,2.765E0,-1.E1));
#4826=LINE('',#4825,#4824);
#4827=DIRECTION('',(-1.E0,0.E0,0.E0));
#4828=VECTOR('',#4827,1.07E0);
#4829=CARTESIAN_POINT('',(-2.2565E1,3.835E0,-1.E1));
#4830=LINE('',#4829,#4828);
#4831=DIRECTION('',(0.E0,1.E0,0.E0));
#4832=VECTOR('',#4831,1.07E0);
#4833=CARTESIAN_POINT('',(-2.3635E1,2.765E0,-1.E1));
#4834=LINE('',#4833,#4832);
#4835=DIRECTION('',(-1.E0,0.E0,0.E0));
#4836=VECTOR('',#4835,1.07E0);
#4837=CARTESIAN_POINT('',(-2.2565E1,2.765E0,-1.E1));
#4838=LINE('',#4837,#4836);
#4839=DIRECTION('',(0.E0,0.E0,-1.E0));
#4840=VECTOR('',#4839,1.E1);
#4841=CARTESIAN_POINT('',(-2.5E1,4.9E0,0.E0));
#4842=LINE('',#4841,#4840);
#4843=DIRECTION('',(0.E0,0.E0,-1.E0));
#4844=VECTOR('',#4843,1.E1);
#4845=CARTESIAN_POINT('',(-2.12E1,4.9E0,0.E0));
#4846=LINE('',#4845,#4844);
#4847=DIRECTION('',(0.E0,0.E0,-1.E0));
#4848=VECTOR('',#4847,1.E1);
#4849=CARTESIAN_POINT('',(-2.12E1,1.3E0,0.E0));
#4850=LINE('',#4849,#4848);
#4851=DIRECTION('',(0.E0,0.E0,-1.E0));
#4852=VECTOR('',#4851,1.E1);
#4853=CARTESIAN_POINT('',(-2.5E1,1.3E0,0.E0));
#4854=LINE('',#4853,#4852);
#4855=DIRECTION('',(0.E0,0.E0,-1.E0));
#4856=VECTOR('',#4855,1.E1);
#4857=CARTESIAN_POINT('',(-2.5E1,9.1E0,0.E0));
#4858=LINE('',#4857,#4856);
#4859=DIRECTION('',(0.E0,0.E0,-1.E0));
#4860=VECTOR('',#4859,1.E1);
#4861=CARTESIAN_POINT('',(-2.12E1,9.1E0,0.E0));
#4862=LINE('',#4861,#4860);
#4863=DIRECTION('',(0.E0,0.E0,-1.E0));
#4864=VECTOR('',#4863,1.E1);
#4865=CARTESIAN_POINT('',(-2.12E1,6.3E0,0.E0));
#4866=LINE('',#4865,#4864);
#4867=DIRECTION('',(0.E0,0.E0,-1.E0));
#4868=VECTOR('',#4867,1.E1);
#4869=CARTESIAN_POINT('',(-2.2E1,5.5E0,0.E0));
#4870=LINE('',#4869,#4868);
#4871=DIRECTION('',(0.E0,0.E0,-1.E0));
#4872=VECTOR('',#4871,1.E1);
#4873=CARTESIAN_POINT('',(-2.42E1,5.5E0,0.E0));
#4874=LINE('',#4873,#4872);
#4875=DIRECTION('',(0.E0,0.E0,-1.E0));
#4876=VECTOR('',#4875,1.E1);
#4877=CARTESIAN_POINT('',(-2.5E1,6.3E0,0.E0));
#4878=LINE('',#4877,#4876);
#4879=DIRECTION('',(0.E0,0.E0,-1.E0));
#4880=VECTOR('',#4879,2.65E-1);
#4881=CARTESIAN_POINT('',(-2.2565E1,3.835E0,-1.28E1));
#4882=LINE('',#4881,#4880);
#4883=CARTESIAN_POINT('',(-2.2565E1,2.465E0,-1.3065E1));
#4884=DIRECTION('',(-1.E0,0.E0,0.E0));
#4885=DIRECTION('',(0.E0,1.E0,-2.204238413854E-14));
#4886=AXIS2_PLACEMENT_3D('',#4883,#4884,#4885);
#4888=DIRECTION('',(0.E0,-1.E0,0.E0));
#4889=VECTOR('',#4888,5.765E0);
#4890=CARTESIAN_POINT('',(-2.2565E1,2.465E0,-1.4435E1));
#4891=LINE('',#4890,#4889);
#4892=DIRECTION('',(0.E0,0.E0,1.E0));
#4893=VECTOR('',#4892,1.07E0);
#4894=CARTESIAN_POINT('',(-2.2565E1,-3.3E0,-1.4435E1));
#4895=LINE('',#4894,#4893);
#4896=DIRECTION('',(0.E0,1.E0,0.E0));
#4897=VECTOR('',#4896,5.765E0);
#4898=CARTESIAN_POINT('',(-2.2565E1,-3.3E0,-1.3365E1));
#4899=LINE('',#4898,#4897);
#4900=CARTESIAN_POINT('',(-2.2565E1,2.465E0,-1.3065E1));
#4901=DIRECTION('',(1.E0,0.E0,0.E0));
#4902=DIRECTION('',(0.E0,6.809367884368E-14,-1.E0));
#4903=AXIS2_PLACEMENT_3D('',#4900,#4901,#4902);
#4905=DIRECTION('',(0.E0,0.E0,1.E0));
#4906=VECTOR('',#4905,2.65E-1);
#4907=CARTESIAN_POINT('',(-2.2565E1,2.765E0,-1.3065E1));
#4908=LINE('',#4907,#4906);
#4909=DIRECTION('',(0.E0,0.E0,1.E0));
#4910=VECTOR('',#4909,5.3E0);
#4911=CARTESIAN_POINT('',(-2.2565E1,2.765E0,-1.E1));
#4912=LINE('',#4911,#4910);
#4913=DIRECTION('',(0.E0,1.E0,0.E0));
#4914=VECTOR('',#4913,1.07E0);
#4915=CARTESIAN_POINT('',(-2.2565E1,2.765E0,-4.7E0));
#4916=LINE('',#4915,#4914);
#4917=DIRECTION('',(0.E0,0.E0,-1.E0));
#4918=VECTOR('',#4917,5.3E0);
#4919=CARTESIAN_POINT('',(-2.2565E1,3.835E0,-4.7E0));
#4920=LINE('',#4919,#4918);
#4921=DIRECTION('',(-1.E0,0.E0,0.E0));
#4922=VECTOR('',#4921,1.07E0);
#4923=CARTESIAN_POINT('',(-2.2565E1,3.835E0,-4.7E0));
#4924=LINE('',#4923,#4922);
#4925=DIRECTION('',(0.E0,0.E0,1.E0));
#4926=VECTOR('',#4925,2.65E-1);
#4927=CARTESIAN_POINT('',(-2.3635E1,2.765E0,-1.3065E1));
#4928=LINE('',#4927,#4926);
#4929=CARTESIAN_POINT('',(-2.3635E1,2.465E0,-1.3065E1));
#4930=DIRECTION('',(1.E0,0.E0,0.E0));
#4931=DIRECTION('',(0.E0,6.809367884368E-14,-1.E0));
#4932=AXIS2_PLACEMENT_3D('',#4929,#4930,#4931);
#4934=DIRECTION('',(0.E0,1.E0,0.E0));
#4935=VECTOR('',#4934,5.765E0);
#4936=CARTESIAN_POINT('',(-2.3635E1,-3.3E0,-1.3365E1));
#4937=LINE('',#4936,#4935);
#4938=DIRECTION('',(0.E0,0.E0,1.E0));
#4939=VECTOR('',#4938,1.07E0);
#4940=CARTESIAN_POINT('',(-2.3635E1,-3.3E0,-1.4435E1));
#4941=LINE('',#4940,#4939);
#4942=DIRECTION('',(0.E0,-1.E0,0.E0));
#4943=VECTOR('',#4942,5.765E0);
#4944=CARTESIAN_POINT('',(-2.3635E1,2.465E0,-1.4435E1));
#4945=LINE('',#4944,#4943);
#4946=CARTESIAN_POINT('',(-2.3635E1,2.465E0,-1.3065E1));
#4947=DIRECTION('',(-1.E0,0.E0,0.E0));
#4948=DIRECTION('',(0.E0,1.E0,-2.204238413854E-14));
#4949=AXIS2_PLACEMENT_3D('',#4946,#4947,#4948);
#4951=DIRECTION('',(0.E0,0.E0,-1.E0));
#4952=VECTOR('',#4951,2.65E-1);
#4953=CARTESIAN_POINT('',(-2.3635E1,3.835E0,-1.28E1));
#4954=LINE('',#4953,#4952);
#4955=DIRECTION('',(0.E0,0.E0,-1.E0));
#4956=VECTOR('',#4955,5.3E0);
#4957=CARTESIAN_POINT('',(-2.3635E1,3.835E0,-4.7E0));
#4958=LINE('',#4957,#4956);
#4959=DIRECTION('',(0.E0,1.E0,0.E0));
#4960=VECTOR('',#4959,1.07E0);
#4961=CARTESIAN_POINT('',(-2.3635E1,2.765E0,-4.7E0));
#4962=LINE('',#4961,#4960);
#4963=DIRECTION('',(0.E0,0.E0,1.E0));
#4964=VECTOR('',#4963,5.3E0);
#4965=CARTESIAN_POINT('',(-2.3635E1,2.765E0,-1.E1));
#4966=LINE('',#4965,#4964);
#4967=DIRECTION('',(-1.E0,0.E0,0.E0));
#4968=VECTOR('',#4967,1.07E0);
#4969=CARTESIAN_POINT('',(-2.2565E1,2.765E0,-1.3065E1));
#4970=LINE('',#4969,#4968);
#4971=DIRECTION('',(-1.E0,0.E0,0.E0));
#4972=VECTOR('',#4971,1.07E0);
#4973=CARTESIAN_POINT('',(-2.2565E1,2.465E0,-1.3365E1));
#4974=LINE('',#4973,#4972);
#4975=DIRECTION('',(-1.E0,0.E0,0.E0));
#4976=VECTOR('',#4975,1.07E0);
#4977=CARTESIAN_POINT('',(-2.2565E1,-3.3E0,-1.3365E1));
#4978=LINE('',#4977,#4976);
#4979=DIRECTION('',(-1.E0,0.E0,0.E0));
#4980=VECTOR('',#4979,1.07E0);
#4981=CARTESIAN_POINT('',(-2.2565E1,-3.3E0,-1.4435E1));
#4982=LINE('',#4981,#4980);
#4983=DIRECTION('',(-1.E0,0.E0,0.E0));
#4984=VECTOR('',#4983,1.07E0);
#4985=CARTESIAN_POINT('',(-2.2565E1,2.465E0,-1.4435E1));
#4986=LINE('',#4985,#4984);
#4987=DIRECTION('',(-1.E0,0.E0,0.E0));
#4988=VECTOR('',#4987,1.07E0);
#4989=CARTESIAN_POINT('',(-2.2565E1,3.835E0,-1.3065E1));
#4990=LINE('',#4989,#4988);
#4991=DIRECTION('',(-1.E0,0.E0,0.E0));
#4992=VECTOR('',#4991,1.07E0);
#4993=CARTESIAN_POINT('',(-2.2565E1,2.765E0,-4.7E0));
#4994=LINE('',#4993,#4992);
#4995=DIRECTION('',(-1.E0,0.E0,0.E0));
#4996=VECTOR('',#4995,1.07E0);
#4997=CARTESIAN_POINT('',(-2.2565E1,6.965E0,-4.7E0));
#4998=LINE('',#4997,#4996);
#4999=DIRECTION('',(0.E0,0.E0,-1.E0));
#5000=VECTOR('',#4999,2.65E-1);
#5001=CARTESIAN_POINT('',(2.3635E1,3.835E0,-1.28E1));
#5002=LINE('',#5001,#5000);
#5003=CARTESIAN_POINT('',(2.3635E1,2.465E0,-1.3065E1));
#5004=DIRECTION('',(-1.E0,0.E0,0.E0));
#5005=DIRECTION('',(0.E0,1.E0,-2.204238413854E-14));
#5006=AXIS2_PLACEMENT_3D('',#5003,#5004,#5005);
#5008=DIRECTION('',(0.E0,-1.E0,0.E0));
#5009=VECTOR('',#5008,5.765E0);
#5010=CARTESIAN_POINT('',(2.3635E1,2.465E0,-1.4435E1));
#5011=LINE('',#5010,#5009);
#5012=DIRECTION('',(0.E0,0.E0,1.E0));
#5013=VECTOR('',#5012,1.07E0);
#5014=CARTESIAN_POINT('',(2.3635E1,-3.3E0,-1.4435E1));
#5015=LINE('',#5014,#5013);
#5016=DIRECTION('',(0.E0,1.E0,0.E0));
#5017=VECTOR('',#5016,5.765E0);
#5018=CARTESIAN_POINT('',(2.3635E1,-3.3E0,-1.3365E1));
#5019=LINE('',#5018,#5017);
#5020=CARTESIAN_POINT('',(2.3635E1,2.465E0,-1.3065E1));
#5021=DIRECTION('',(1.E0,0.E0,0.E0));
#5022=DIRECTION('',(0.E0,6.809367884368E-14,-1.E0));
#5023=AXIS2_PLACEMENT_3D('',#5020,#5021,#5022);
#5025=DIRECTION('',(0.E0,0.E0,1.E0));
#5026=VECTOR('',#5025,2.65E-1);
#5027=CARTESIAN_POINT('',(2.3635E1,2.765E0,-1.3065E1));
#5028=LINE('',#5027,#5026);
#5029=DIRECTION('',(0.E0,0.E0,1.E0));
#5030=VECTOR('',#5029,5.3E0);
#5031=CARTESIAN_POINT('',(2.3635E1,2.765E0,-1.E1));
#5032=LINE('',#5031,#5030);
#5033=DIRECTION('',(0.E0,1.E0,0.E0));
#5034=VECTOR('',#5033,1.07E0);
#5035=CARTESIAN_POINT('',(2.3635E1,2.765E0,-4.7E0));
#5036=LINE('',#5035,#5034);
#5037=DIRECTION('',(0.E0,0.E0,-1.E0));
#5038=VECTOR('',#5037,5.3E0);
#5039=CARTESIAN_POINT('',(2.3635E1,3.835E0,-4.7E0));
#5040=LINE('',#5039,#5038);
#5041=DIRECTION('',(-1.E0,0.E0,0.E0));
#5042=VECTOR('',#5041,1.07E0);
#5043=CARTESIAN_POINT('',(2.3635E1,3.835E0,-4.7E0));
#5044=LINE('',#5043,#5042);
#5045=DIRECTION('',(0.E0,0.E0,1.E0));
#5046=VECTOR('',#5045,2.65E-1);
#5047=CARTESIAN_POINT('',(2.2565E1,2.765E0,-1.3065E1));
#5048=LINE('',#5047,#5046);
#5049=CARTESIAN_POINT('',(2.2565E1,2.465E0,-1.3065E1));
#5050=DIRECTION('',(1.E0,0.E0,0.E0));
#5051=DIRECTION('',(0.E0,6.809367884368E-14,-1.E0));
#5052=AXIS2_PLACEMENT_3D('',#5049,#5050,#5051);
#5054=DIRECTION('',(0.E0,1.E0,0.E0));
#5055=VECTOR('',#5054,5.765E0);
#5056=CARTESIAN_POINT('',(2.2565E1,-3.3E0,-1.3365E1));
#5057=LINE('',#5056,#5055);
#5058=DIRECTION('',(0.E0,0.E0,1.E0));
#5059=VECTOR('',#5058,1.07E0);
#5060=CARTESIAN_POINT('',(2.2565E1,-3.3E0,-1.4435E1));
#5061=LINE('',#5060,#5059);
#5062=DIRECTION('',(0.E0,-1.E0,0.E0));
#5063=VECTOR('',#5062,5.765E0);
#5064=CARTESIAN_POINT('',(2.2565E1,2.465E0,-1.4435E1));
#5065=LINE('',#5064,#5063);
#5066=CARTESIAN_POINT('',(2.2565E1,2.465E0,-1.3065E1));
#5067=DIRECTION('',(-1.E0,0.E0,0.E0));
#5068=DIRECTION('',(0.E0,1.E0,-2.204238413854E-14));
#5069=AXIS2_PLACEMENT_3D('',#5066,#5067,#5068);
#5071=DIRECTION('',(0.E0,0.E0,-1.E0));
#5072=VECTOR('',#5071,2.65E-1);
#5073=CARTESIAN_POINT('',(2.2565E1,3.835E0,-1.28E1));
#5074=LINE('',#5073,#5072);
#5075=DIRECTION('',(0.E0,0.E0,-1.E0));
#5076=VECTOR('',#5075,5.3E0);
#5077=CARTESIAN_POINT('',(2.2565E1,3.835E0,-4.7E0));
#5078=LINE('',#5077,#5076);
#5079=DIRECTION('',(0.E0,1.E0,0.E0));
#5080=VECTOR('',#5079,1.07E0);
#5081=CARTESIAN_POINT('',(2.2565E1,2.765E0,-4.7E0));
#5082=LINE('',#5081,#5080);
#5083=DIRECTION('',(0.E0,0.E0,1.E0));
#5084=VECTOR('',#5083,5.3E0);
#5085=CARTESIAN_POINT('',(2.2565E1,2.765E0,-1.E1));
#5086=LINE('',#5085,#5084);
#5087=DIRECTION('',(-1.E0,0.E0,0.E0));
#5088=VECTOR('',#5087,1.07E0);
#5089=CARTESIAN_POINT('',(2.3635E1,2.765E0,-1.3065E1));
#5090=LINE('',#5089,#5088);
#5091=DIRECTION('',(-1.E0,0.E0,0.E0));
#5092=VECTOR('',#5091,1.07E0);
#5093=CARTESIAN_POINT('',(2.3635E1,2.465E0,-1.3365E1));
#5094=LINE('',#5093,#5092);
#5095=DIRECTION('',(-1.E0,0.E0,0.E0));
#5096=VECTOR('',#5095,1.07E0);
#5097=CARTESIAN_POINT('',(2.3635E1,-3.3E0,-1.3365E1));
#5098=LINE('',#5097,#5096);
#5099=DIRECTION('',(-1.E0,0.E0,0.E0));
#5100=VECTOR('',#5099,1.07E0);
#5101=CARTESIAN_POINT('',(2.3635E1,-3.3E0,-1.4435E1));
#5102=LINE('',#5101,#5100);
#5103=DIRECTION('',(-1.E0,0.E0,0.E0));
#5104=VECTOR('',#5103,1.07E0);
#5105=CARTESIAN_POINT('',(2.3635E1,2.465E0,-1.4435E1));
#5106=LINE('',#5105,#5104);
#5107=DIRECTION('',(-1.E0,0.E0,0.E0));
#5108=VECTOR('',#5107,1.07E0);
#5109=CARTESIAN_POINT('',(2.3635E1,3.835E0,-1.3065E1));
#5110=LINE('',#5109,#5108);
#5111=DIRECTION('',(-1.E0,0.E0,0.E0));
#5112=VECTOR('',#5111,1.07E0);
#5113=CARTESIAN_POINT('',(2.3635E1,2.765E0,-4.7E0));
#5114=LINE('',#5113,#5112);
#5115=DIRECTION('',(0.E0,0.E0,-1.E0));
#5116=VECTOR('',#5115,7.E-1);
#5117=CARTESIAN_POINT('',(-2.58E1,9.E0,-1.28E1));
#5118=LINE('',#5117,#5116);
#5119=DIRECTION('',(0.E0,0.E0,-1.E0));
#5120=VECTOR('',#5119,1.08E1);
#5121=CARTESIAN_POINT('',(-2.58E1,1.4E0,-2.E0));
#5122=LINE('',#5121,#5120);
#5123=DIRECTION('',(0.E0,0.E0,-1.E0));
#5124=VECTOR('',#5123,7.E-1);
#5125=CARTESIAN_POINT('',(-2.58E1,4.E-1,-1.28E1));
#5126=LINE('',#5125,#5124);
#5127=DIRECTION('',(0.E0,1.E0,0.E0));
#5128=VECTOR('',#5127,7.E-1);
#5129=CARTESIAN_POINT('',(-2.58E1,7.E-1,-2.E0));
#5130=LINE('',#5129,#5128);
#5131=DIRECTION('',(0.E0,0.E0,-1.E0));
#5132=VECTOR('',#5131,1.08E1);
#5133=CARTESIAN_POINT('',(-2.64E1,1.4E0,-2.E0));
#5134=LINE('',#5133,#5132);
#5135=DIRECTION('',(1.E0,0.E0,0.E0));
#5136=VECTOR('',#5135,6.E-1);
#5137=CARTESIAN_POINT('',(2.58E1,1.4E0,-2.E0));
#5138=LINE('',#5137,#5136);
#5139=DIRECTION('',(0.E0,-1.E0,0.E0));
#5140=VECTOR('',#5139,1.4E0);
#5141=CARTESIAN_POINT('',(2.64E1,1.4E0,-2.E0));
#5142=LINE('',#5141,#5140);
#5143=DIRECTION('',(-1.E0,0.E0,0.E0));
#5144=VECTOR('',#5143,1.1E0);
#5145=CARTESIAN_POINT('',(2.64E1,0.E0,-2.E0));
#5146=LINE('',#5145,#5144);
#5147=DIRECTION('',(0.E0,1.E0,0.E0));
#5148=VECTOR('',#5147,4.E-1);
#5149=CARTESIAN_POINT('',(2.53E1,0.E0,-2.E0));
#5150=LINE('',#5149,#5148);
#5151=DIRECTION('',(0.E0,-1.E0,0.E0));
#5152=VECTOR('',#5151,4.E-1);
#5153=CARTESIAN_POINT('',(-2.53E1,4.E-1,-2.E0));
#5154=LINE('',#5153,#5152);
#5155=DIRECTION('',(-1.E0,0.E0,0.E0));
#5156=VECTOR('',#5155,1.1E0);
#5157=CARTESIAN_POINT('',(-2.53E1,0.E0,-2.E0));
#5158=LINE('',#5157,#5156);
#5159=DIRECTION('',(0.E0,1.E0,0.E0));
#5160=VECTOR('',#5159,1.4E0);
#5161=CARTESIAN_POINT('',(-2.64E1,0.E0,-2.E0));
#5162=LINE('',#5161,#5160);
#5163=DIRECTION('',(1.E0,0.E0,0.E0));
#5164=VECTOR('',#5163,6.E-1);
#5165=CARTESIAN_POINT('',(-2.64E1,1.4E0,-2.E0));
#5166=LINE('',#5165,#5164);
#5167=DIRECTION('',(0.E0,0.E0,-1.E0));
#5168=VECTOR('',#5167,1.08E1);
#5169=CARTESIAN_POINT('',(2.53E1,4.E-1,-2.E0));
#5170=LINE('',#5169,#5168);
#5171=DIRECTION('',(0.E0,0.E0,-1.E0));
#5172=VECTOR('',#5171,7.E-1);
#5173=CARTESIAN_POINT('',(2.58E1,4.E-1,-1.28E1));
#5174=LINE('',#5173,#5172);
#5175=DIRECTION('',(0.E0,0.E0,-1.E0));
#5176=VECTOR('',#5175,7.E-1);
#5177=CARTESIAN_POINT('',(-2.48E1,4.E-1,-1.28E1));
#5178=LINE('',#5177,#5176);
#5179=DIRECTION('',(0.E0,0.E0,1.E0));
#5180=VECTOR('',#5179,1.08E1);
#5181=CARTESIAN_POINT('',(-2.53E1,4.E-1,-1.28E1));
#5182=LINE('',#5181,#5180);
#5183=DIRECTION('',(-1.E0,0.E0,0.E0));
#5184=VECTOR('',#5183,2.E-1);
#5185=CARTESIAN_POINT('',(-2.53E1,4.E-1,-2.E0));
#5186=LINE('',#5185,#5184);
#5187=DIRECTION('',(-1.E0,0.E0,0.E0));
#5188=VECTOR('',#5187,2.E-1);
#5189=CARTESIAN_POINT('',(2.55E1,4.E-1,-2.E0));
#5190=LINE('',#5189,#5188);
#5191=DIRECTION('',(0.E0,0.E0,-1.E0));
#5192=VECTOR('',#5191,1.08E1);
#5193=CARTESIAN_POINT('',(2.53E1,0.E0,-2.E0));
#5194=LINE('',#5193,#5192);
#5195=DIRECTION('',(0.E0,0.E0,-1.E0));
#5196=VECTOR('',#5195,1.08E1);
#5197=CARTESIAN_POINT('',(2.64E1,0.E0,-2.E0));
#5198=LINE('',#5197,#5196);
#5199=DIRECTION('',(0.E0,0.E0,-1.E0));
#5200=VECTOR('',#5199,1.08E1);
#5201=CARTESIAN_POINT('',(2.64E1,1.4E0,-2.E0));
#5202=LINE('',#5201,#5200);
#5203=DIRECTION('',(0.E0,0.E0,-1.E0));
#5204=VECTOR('',#5203,7.E-1);
#5205=CARTESIAN_POINT('',(2.58E1,9.E0,-1.28E1));
#5206=LINE('',#5205,#5204);
#5207=DIRECTION('',(0.E0,0.E0,-1.E0));
#5208=VECTOR('',#5207,1.08E1);
#5209=CARTESIAN_POINT('',(2.58E1,1.4E0,-2.E0));
#5210=LINE('',#5209,#5208);
#5211=DIRECTION('',(0.E0,1.E0,0.E0));
#5212=VECTOR('',#5211,7.E-1);
#5213=CARTESIAN_POINT('',(2.58E1,7.E-1,-2.E0));
#5214=LINE('',#5213,#5212);
#5215=DIRECTION('',(0.E0,0.E0,-1.E0));
#5216=VECTOR('',#5215,1.28E1);
#5217=CARTESIAN_POINT('',(2.58E1,2.3E0,0.E0));
#5218=LINE('',#5217,#5216);
#5219=DIRECTION('',(0.E0,0.E0,-1.E0));
#5220=VECTOR('',#5219,1.28E1);
#5221=CARTESIAN_POINT('',(2.58E1,3.1E0,0.E0));
#5222=LINE('',#5221,#5220);
#5223=DIRECTION('',(0.E0,0.E0,-1.E0));
#5224=VECTOR('',#5223,7.E-1);
#5225=CARTESIAN_POINT('',(2.48E1,9.E0,-1.28E1));
#5226=LINE('',#5225,#5224);
#5227=DIRECTION('',(0.E0,0.E0,-1.E0));
#5228=VECTOR('',#5227,7.E-1);
#5229=CARTESIAN_POINT('',(2.48E1,4.E-1,-1.28E1));
#5230=LINE('',#5229,#5228);
#5231=DIRECTION('',(1.E0,0.E0,0.E0));
#5232=VECTOR('',#5231,1.E0);
#5233=CARTESIAN_POINT('',(-2.58E1,9.E0,-1.35E1));
#5234=LINE('',#5233,#5232);
#5235=DIRECTION('',(0.E0,1.E0,0.E0));
#5236=VECTOR('',#5235,8.6E0);
#5237=CARTESIAN_POINT('',(-2.58E1,4.E-1,-1.35E1));
#5238=LINE('',#5237,#5236);
#5239=DIRECTION('',(-1.E0,0.E0,0.E0));
#5240=VECTOR('',#5239,1.E0);
#5241=CARTESIAN_POINT('',(-2.48E1,4.E-1,-1.35E1));
#5242=LINE('',#5241,#5240);
#5243=DIRECTION('',(0.E0,-1.E0,0.E0));
#5244=VECTOR('',#5243,8.6E0);
#5245=CARTESIAN_POINT('',(-2.48E1,9.E0,-1.35E1));
#5246=LINE('',#5245,#5244);
#5247=DIRECTION('',(0.E0,-1.E0,0.E0));
#5248=VECTOR('',#5247,8.6E0);
#5249=CARTESIAN_POINT('',(2.58E1,9.E0,-1.35E1));
#5250=LINE('',#5249,#5248);
#5251=DIRECTION('',(1.E0,0.E0,0.E0));
#5252=VECTOR('',#5251,1.E0);
#5253=CARTESIAN_POINT('',(2.48E1,9.E0,-1.35E1));
#5254=LINE('',#5253,#5252);
#5255=DIRECTION('',(0.E0,1.E0,0.E0));
#5256=VECTOR('',#5255,8.6E0);
#5257=CARTESIAN_POINT('',(2.48E1,4.E-1,-1.35E1));
#5258=LINE('',#5257,#5256);
#5259=DIRECTION('',(-1.E0,0.E0,0.E0));
#5260=VECTOR('',#5259,1.E0);
#5261=CARTESIAN_POINT('',(2.58E1,4.E-1,-1.35E1));
#5262=LINE('',#5261,#5260);
#5263=DIRECTION('',(0.E0,0.E0,-1.E0));
#5264=VECTOR('',#5263,7.E-1);
#5265=CARTESIAN_POINT('',(-2.48E1,9.E0,-1.28E1));
#5266=LINE('',#5265,#5264);
#5267=DIRECTION('',(0.E0,0.E0,1.E0));
#5268=VECTOR('',#5267,2.E0);
#5269=CARTESIAN_POINT('',(2.55E1,4.E-1,-2.E0));
#5270=LINE('',#5269,#5268);
#5271=CARTESIAN_POINT('',(2.55E1,7.E-1,0.E0));
#5272=DIRECTION('',(0.E0,0.E0,1.E0));
#5273=DIRECTION('',(0.E0,-1.E0,0.E0));
#5274=AXIS2_PLACEMENT_3D('',#5271,#5272,#5273);
#5276=DIRECTION('',(0.E0,0.E0,1.E0));
#5277=VECTOR('',#5276,2.E0);
#5278=CARTESIAN_POINT('',(2.58E1,7.E-1,-2.E0));
#5279=LINE('',#5278,#5277);
#5280=CARTESIAN_POINT('',(2.55E1,7.E-1,-2.E0));
#5281=DIRECTION('',(0.E0,0.E0,-1.E0));
#5282=DIRECTION('',(1.E0,0.E0,0.E0));
#5283=AXIS2_PLACEMENT_3D('',#5280,#5281,#5282);
#5285=DIRECTION('',(0.E0,0.E0,1.E0));
#5286=VECTOR('',#5285,1.28E1);
#5287=CARTESIAN_POINT('',(2.58E1,9.7E0,-1.28E1));
#5288=LINE('',#5287,#5286);
#5289=CARTESIAN_POINT('',(2.55E1,9.7E0,0.E0));
#5290=DIRECTION('',(0.E0,0.E0,1.E0));
#5291=DIRECTION('',(1.E0,0.E0,0.E0));
#5292=AXIS2_PLACEMENT_3D('',#5289,#5290,#5291);
#5294=DIRECTION('',(0.E0,0.E0,1.E0));
#5295=VECTOR('',#5294,1.28E1);
#5296=CARTESIAN_POINT('',(2.55E1,1.E1,-1.28E1));
#5297=LINE('',#5296,#5295);
#5298=CARTESIAN_POINT('',(2.55E1,9.7E0,-1.28E1));
#5299=DIRECTION('',(0.E0,0.E0,-1.E0));
#5300=DIRECTION('',(1.184237892933E-14,1.E0,0.E0));
#5301=AXIS2_PLACEMENT_3D('',#5298,#5299,#5300);
#5303=DIRECTION('',(0.E0,0.E0,-1.E0));
#5304=VECTOR('',#5303,3.E0);
#5305=CARTESIAN_POINT('',(1.7E0,1.E1,0.E0));
#5306=LINE('',#5305,#5304);
#5307=DIRECTION('',(1.E0,0.E0,0.E0));
#5308=VECTOR('',#5307,3.4E0);
#5309=CARTESIAN_POINT('',(-1.7E0,1.E1,-3.E0));
#5310=LINE('',#5309,#5308);
#5311=DIRECTION('',(0.E0,0.E0,-1.E0));
#5312=VECTOR('',#5311,3.E0);
#5313=CARTESIAN_POINT('',(-1.7E0,1.E1,0.E0));
#5314=LINE('',#5313,#5312);
#5315=DIRECTION('',(0.E0,-5.199469468957E-1,8.541985556144E-1));
#5316=VECTOR('',#5315,2.692582403567E0);
#5317=CARTESIAN_POINT('',(1.7E0,1.14E1,-2.3E0));
#5318=LINE('',#5317,#5316);
#5319=DIRECTION('',(0.E0,0.E0,1.E0));
#5320=VECTOR('',#5319,7.E-1);
#5321=CARTESIAN_POINT('',(1.7E0,1.14E1,-3.E0));
#5322=LINE('',#5321,#5320);
#5323=DIRECTION('',(0.E0,1.E0,0.E0));
#5324=VECTOR('',#5323,1.4E0);
#5325=CARTESIAN_POINT('',(1.7E0,1.E1,-3.E0));
#5326=LINE('',#5325,#5324);
#5327=DIRECTION('',(1.E0,0.E0,0.E0));
#5328=VECTOR('',#5327,3.4E0);
#5329=CARTESIAN_POINT('',(-1.7E0,1.14E1,-2.3E0));
#5330=LINE('',#5329,#5328);
#5331=DIRECTION('',(0.E0,1.E0,0.E0));
#5332=VECTOR('',#5331,1.4E0);
#5333=CARTESIAN_POINT('',(-1.7E0,1.E1,-3.E0));
#5334=LINE('',#5333,#5332);
#5335=DIRECTION('',(0.E0,0.E0,1.E0));
#5336=VECTOR('',#5335,7.E-1);
#5337=CARTESIAN_POINT('',(-1.7E0,1.14E1,-3.E0));
#5338=LINE('',#5337,#5336);
#5339=DIRECTION('',(0.E0,-5.199469468957E-1,8.541985556144E-1));
#5340=VECTOR('',#5339,2.692582403567E0);
#5341=CARTESIAN_POINT('',(-1.7E0,1.14E1,-2.3E0));
#5342=LINE('',#5341,#5340);
#5343=DIRECTION('',(1.E0,0.E0,0.E0));
#5344=VECTOR('',#5343,3.4E0);
#5345=CARTESIAN_POINT('',(-1.7E0,1.14E1,-3.E0));
#5346=LINE('',#5345,#5344);
#5347=DIRECTION('',(0.E0,0.E0,1.E0));
#5348=VECTOR('',#5347,1.28E1);
#5349=CARTESIAN_POINT('',(-2.55E1,1.E1,-1.28E1));
#5350=LINE('',#5349,#5348);
#5351=CARTESIAN_POINT('',(-2.55E1,9.7E0,0.E0));
#5352=DIRECTION('',(0.E0,0.E0,1.E0));
#5353=DIRECTION('',(0.E0,1.E0,0.E0));
#5354=AXIS2_PLACEMENT_3D('',#5351,#5352,#5353);
#5356=DIRECTION('',(0.E0,0.E0,1.E0));
#5357=VECTOR('',#5356,1.28E1);
#5358=CARTESIAN_POINT('',(-2.58E1,9.7E0,-1.28E1));
#5359=LINE('',#5358,#5357);
#5360=CARTESIAN_POINT('',(-2.55E1,9.7E0,-1.28E1));
#5361=DIRECTION('',(0.E0,0.E0,-1.E0));
#5362=DIRECTION('',(-1.E0,0.E0,0.E0));
#5363=AXIS2_PLACEMENT_3D('',#5360,#5361,#5362);
#5365=DIRECTION('',(0.E0,0.E0,-1.E0));
#5366=VECTOR('',#5365,1.08E1);
#5367=CARTESIAN_POINT('',(-2.53E1,0.E0,-2.E0));
#5368=LINE('',#5367,#5366);
#5369=DIRECTION('',(0.E0,0.E0,-1.E0));
#5370=VECTOR('',#5369,1.08E1);
#5371=CARTESIAN_POINT('',(-2.64E1,0.E0,-2.E0));
#5372=LINE('',#5371,#5370);
#5373=DIRECTION('',(0.E0,0.E0,1.E0));
#5374=VECTOR('',#5373,2.E0);
#5375=CARTESIAN_POINT('',(-2.58E1,7.E-1,-2.E0));
#5376=LINE('',#5375,#5374);
#5377=CARTESIAN_POINT('',(-2.55E1,7.E-1,0.E0));
#5378=DIRECTION('',(0.E0,0.E0,1.E0));
#5379=DIRECTION('',(-1.E0,0.E0,0.E0));
#5380=AXIS2_PLACEMENT_3D('',#5377,#5378,#5379);
#5382=DIRECTION('',(0.E0,0.E0,1.E0));
#5383=VECTOR('',#5382,2.E0);
#5384=CARTESIAN_POINT('',(-2.55E1,4.E-1,-2.E0));
#5385=LINE('',#5384,#5383);
#5386=CARTESIAN_POINT('',(-2.55E1,7.E-1,-2.E0));
#5387=DIRECTION('',(0.E0,0.E0,-1.E0));
#5388=DIRECTION('',(1.184237892934E-14,-1.E0,0.E0));
#5389=AXIS2_PLACEMENT_3D('',#5386,#5387,#5388);
#5391=CARTESIAN_POINT('',(-2.64E1,0.E0,-2.E0));
#5392=CARTESIAN_POINT('',(-2.64E1,1.4E0,-2.E0));
#5393=VERTEX_POINT('',#5391);
#5394=VERTEX_POINT('',#5392);
#5395=CARTESIAN_POINT('',(-2.53E1,0.E0,-2.E0));
#5396=VERTEX_POINT('',#5395);
#5397=CARTESIAN_POINT('',(2.64E1,0.E0,-2.E0));
#5398=CARTESIAN_POINT('',(2.53E1,0.E0,-2.E0));
#5399=VERTEX_POINT('',#5397);
#5400=VERTEX_POINT('',#5398);
#5401=CARTESIAN_POINT('',(2.64E1,1.4E0,-2.E0));
#5402=VERTEX_POINT('',#5401);
#5403=CARTESIAN_POINT('',(-2.64E1,0.E0,-1.28E1));
#5404=CARTESIAN_POINT('',(-2.64E1,1.4E0,-1.28E1));
#5405=VERTEX_POINT('',#5403);
#5406=VERTEX_POINT('',#5404);
#5407=CARTESIAN_POINT('',(-2.53E1,0.E0,-1.28E1));
#5408=VERTEX_POINT('',#5407);
#5409=CARTESIAN_POINT('',(2.64E1,0.E0,-1.28E1));
#5410=CARTESIAN_POINT('',(2.53E1,0.E0,-1.28E1));
#5411=VERTEX_POINT('',#5409);
#5412=VERTEX_POINT('',#5410);
#5413=CARTESIAN_POINT('',(2.64E1,1.4E0,-1.28E1));
#5414=VERTEX_POINT('',#5413);
#5415=CARTESIAN_POINT('',(-2.58E1,1.4E0,-2.E0));
#5416=VERTEX_POINT('',#5415);
#5417=CARTESIAN_POINT('',(-2.53E1,4.E-1,-2.E0));
#5418=VERTEX_POINT('',#5417);
#5419=CARTESIAN_POINT('',(2.53E1,4.E-1,-2.E0));
#5420=VERTEX_POINT('',#5419);
#5421=CARTESIAN_POINT('',(2.58E1,1.4E0,-2.E0));
#5422=VERTEX_POINT('',#5421);
#5423=CARTESIAN_POINT('',(2.58E1,3.1E0,0.E0));
#5424=CARTESIAN_POINT('',(2.58E1,2.3E0,0.E0));
#5425=VERTEX_POINT('',#5423);
#5426=VERTEX_POINT('',#5424);
#5427=CARTESIAN_POINT('',(-1.7E0,1.14E1,-3.E0));
#5428=CARTESIAN_POINT('',(-1.7E0,1.14E1,-2.3E0));
#5429=VERTEX_POINT('',#5427);
#5430=VERTEX_POINT('',#5428);
#5431=CARTESIAN_POINT('',(1.7E0,1.14E1,-3.E0));
#5432=CARTESIAN_POINT('',(1.7E0,1.14E1,-2.3E0));
#5433=VERTEX_POINT('',#5431);
#5434=VERTEX_POINT('',#5432);
#5435=CARTESIAN_POINT('',(-1.7E0,1.E1,0.E0));
#5436=CARTESIAN_POINT('',(1.7E0,1.E1,0.E0));
#5437=VERTEX_POINT('',#5435);
#5438=VERTEX_POINT('',#5436);
#5439=CARTESIAN_POINT('',(-1.7E0,1.E1,-3.E0));
#5440=VERTEX_POINT('',#5439);
#5441=CARTESIAN_POINT('',(1.7E0,1.E1,-3.E0));
#5442=VERTEX_POINT('',#5441);
#5443=CARTESIAN_POINT('',(2.12E1,4.9E0,-1.E1));
#5444=CARTESIAN_POINT('',(2.12E1,1.3E0,-1.E1));
#5445=VERTEX_POINT('',#5443);
#5446=VERTEX_POINT('',#5444);
#5447=CARTESIAN_POINT('',(2.5E1,1.3E0,-1.E1));
#5448=VERTEX_POINT('',#5447);
#5449=CARTESIAN_POINT('',(2.5E1,4.9E0,-1.E1));
#5450=VERTEX_POINT('',#5449);
#5451=CARTESIAN_POINT('',(2.12E1,9.1E0,-1.E1));
#5452=CARTESIAN_POINT('',(2.12E1,6.3E0,-1.E1));
#5453=VERTEX_POINT('',#5451);
#5454=VERTEX_POINT('',#5452);
#5455=CARTESIAN_POINT('',(2.2E1,5.5E0,-1.E1));
#5456=CARTESIAN_POINT('',(2.42E1,5.5E0,-1.E1));
#5457=VERTEX_POINT('',#5455);
#5458=VERTEX_POINT('',#5456);
#5459=CARTESIAN_POINT('',(2.5E1,6.3E0,-1.E1));
#5460=CARTESIAN_POINT('',(2.5E1,9.1E0,-1.E1));
#5461=VERTEX_POINT('',#5459);
#5462=VERTEX_POINT('',#5460);
#5463=CARTESIAN_POINT('',(2.12E1,4.9E0,0.E0));
#5464=CARTESIAN_POINT('',(2.12E1,1.3E0,0.E0));
#5465=VERTEX_POINT('',#5463);
#5466=VERTEX_POINT('',#5464);
#5467=CARTESIAN_POINT('',(2.5E1,1.3E0,0.E0));
#5468=VERTEX_POINT('',#5467);
#5469=CARTESIAN_POINT('',(2.5E1,4.9E0,0.E0));
#5470=VERTEX_POINT('',#5469);
#5471=CARTESIAN_POINT('',(2.12E1,9.1E0,0.E0));
#5472=CARTESIAN_POINT('',(2.12E1,6.3E0,0.E0));
#5473=VERTEX_POINT('',#5471);
#5474=VERTEX_POINT('',#5472);
#5475=CARTESIAN_POINT('',(2.2E1,5.5E0,0.E0));
#5476=CARTESIAN_POINT('',(2.42E1,5.5E0,0.E0));
#5477=VERTEX_POINT('',#5475);
#5478=VERTEX_POINT('',#5476);
#5479=CARTESIAN_POINT('',(2.5E1,6.3E0,0.E0));
#5480=CARTESIAN_POINT('',(2.5E1,9.1E0,0.E0));
#5481=VERTEX_POINT('',#5479);
#5482=VERTEX_POINT('',#5480);
#5483=CARTESIAN_POINT('',(2.3635E1,6.465E0,-1.9935E1));
#5484=CARTESIAN_POINT('',(2.3635E1,-3.3E0,-1.9935E1));
#5485=VERTEX_POINT('',#5483);
#5486=VERTEX_POINT('',#5484);
#5487=CARTESIAN_POINT('',(2.3635E1,-3.3E0,-1.8865E1));
#5488=VERTEX_POINT('',#5487);
#5489=CARTESIAN_POINT('',(2.3635E1,6.465E0,-1.8865E1));
#5490=VERTEX_POINT('',#5489);
#5491=CARTESIAN_POINT('',(2.3635E1,6.965E0,-4.7E0));
#5492=CARTESIAN_POINT('',(2.3635E1,8.035E0,-4.7E0));
#5493=VERTEX_POINT('',#5491);
#5494=VERTEX_POINT('',#5492);
#5495=CARTESIAN_POINT('',(2.2565E1,6.465E0,-1.9935E1));
#5496=CARTESIAN_POINT('',(2.2565E1,-3.3E0,-1.9935E1));
#5497=VERTEX_POINT('',#5495);
#5498=VERTEX_POINT('',#5496);
#5499=CARTESIAN_POINT('',(2.2565E1,-3.3E0,-1.8865E1));
#5500=VERTEX_POINT('',#5499);
#5501=CARTESIAN_POINT('',(2.2565E1,6.465E0,-1.8865E1));
#5502=VERTEX_POINT('',#5501);
#5503=CARTESIAN_POINT('',(2.2565E1,6.965E0,-4.7E0));
#5504=CARTESIAN_POINT('',(2.2565E1,8.035E0,-4.7E0));
#5505=VERTEX_POINT('',#5503);
#5506=VERTEX_POINT('',#5504);
#5507=CARTESIAN_POINT('',(2.3635E1,6.965E0,-1.28E1));
#5508=CARTESIAN_POINT('',(2.3635E1,8.035E0,-1.28E1));
#5509=VERTEX_POINT('',#5507);
#5510=VERTEX_POINT('',#5508);
#5511=CARTESIAN_POINT('',(2.2565E1,6.965E0,-1.28E1));
#5512=CARTESIAN_POINT('',(2.2565E1,8.035E0,-1.28E1));
#5513=VERTEX_POINT('',#5511);
#5514=VERTEX_POINT('',#5512);
#5515=CARTESIAN_POINT('',(2.3635E1,6.965E0,-1.E1));
#5516=CARTESIAN_POINT('',(2.3635E1,8.035E0,-1.E1));
#5517=VERTEX_POINT('',#5515);
#5518=VERTEX_POINT('',#5516);
#5519=CARTESIAN_POINT('',(2.2565E1,6.965E0,-1.E1));
#5520=CARTESIAN_POINT('',(2.2565E1,8.035E0,-1.E1));
#5521=VERTEX_POINT('',#5519);
#5522=VERTEX_POINT('',#5520);
#5523=CARTESIAN_POINT('',(2.3635E1,8.035E0,-1.8365E1));
#5524=VERTEX_POINT('',#5523);
#5525=CARTESIAN_POINT('',(2.3635E1,6.965E0,-1.8365E1));
#5526=VERTEX_POINT('',#5525);
#5527=CARTESIAN_POINT('',(2.2565E1,8.035E0,-1.8365E1));
#5528=VERTEX_POINT('',#5527);
#5529=CARTESIAN_POINT('',(2.2565E1,6.965E0,-1.8365E1));
#5530=VERTEX_POINT('',#5529);
#5531=CARTESIAN_POINT('',(2.3635E1,3.835E0,-1.3065E1));
#5532=CARTESIAN_POINT('',(2.3635E1,2.465E0,-1.4435E1));
#5533=VERTEX_POINT('',#5531);
#5534=VERTEX_POINT('',#5532);
#5535=CARTESIAN_POINT('',(2.3635E1,-3.3E0,-1.4435E1));
#5536=VERTEX_POINT('',#5535);
#5537=CARTESIAN_POINT('',(2.3635E1,-3.3E0,-1.3365E1));
#5538=VERTEX_POINT('',#5537);
#5539=CARTESIAN_POINT('',(2.3635E1,2.465E0,-1.3365E1));
#5540=VERTEX_POINT('',#5539);
#5541=CARTESIAN_POINT('',(2.3635E1,2.765E0,-1.3065E1));
#5542=VERTEX_POINT('',#5541);
#5543=CARTESIAN_POINT('',(2.3635E1,2.765E0,-4.7E0));
#5544=CARTESIAN_POINT('',(2.3635E1,3.835E0,-4.7E0));
#5545=VERTEX_POINT('',#5543);
#5546=VERTEX_POINT('',#5544);
#5547=CARTESIAN_POINT('',(2.2565E1,3.835E0,-1.3065E1));
#5548=CARTESIAN_POINT('',(2.2565E1,2.465E0,-1.4435E1));
#5549=VERTEX_POINT('',#5547);
#5550=VERTEX_POINT('',#5548);
#5551=CARTESIAN_POINT('',(2.2565E1,-3.3E0,-1.4435E1));
#5552=VERTEX_POINT('',#5551);
#5553=CARTESIAN_POINT('',(2.2565E1,-3.3E0,-1.3365E1));
#5554=VERTEX_POINT('',#5553);
#5555=CARTESIAN_POINT('',(2.2565E1,2.465E0,-1.3365E1));
#5556=VERTEX_POINT('',#5555);
#5557=CARTESIAN_POINT('',(2.2565E1,2.765E0,-1.3065E1));
#5558=VERTEX_POINT('',#5557);
#5559=CARTESIAN_POINT('',(2.2565E1,2.765E0,-4.7E0));
#5560=CARTESIAN_POINT('',(2.2565E1,3.835E0,-4.7E0));
#5561=VERTEX_POINT('',#5559);
#5562=VERTEX_POINT('',#5560);
#5563=CARTESIAN_POINT('',(2.3635E1,2.765E0,-1.28E1));
#5564=CARTESIAN_POINT('',(2.3635E1,3.835E0,-1.28E1));
#5565=VERTEX_POINT('',#5563);
#5566=VERTEX_POINT('',#5564);
#5567=CARTESIAN_POINT('',(2.2565E1,2.765E0,-1.28E1));
#5568=CARTESIAN_POINT('',(2.2565E1,3.835E0,-1.28E1));
#5569=VERTEX_POINT('',#5567);
#5570=VERTEX_POINT('',#5568);
#5571=CARTESIAN_POINT('',(2.3635E1,2.765E0,-1.E1));
#5572=CARTESIAN_POINT('',(2.3635E1,3.835E0,-1.E1));
#5573=VERTEX_POINT('',#5571);
#5574=VERTEX_POINT('',#5572);
#5575=CARTESIAN_POINT('',(2.2565E1,2.765E0,-1.E1));
#5576=CARTESIAN_POINT('',(2.2565E1,3.835E0,-1.E1));
#5577=VERTEX_POINT('',#5575);
#5578=VERTEX_POINT('',#5576);
#5579=CARTESIAN_POINT('',(2.55E1,4.E-1,-2.E0));
#5580=CARTESIAN_POINT('',(2.55E1,4.E-1,0.E0));
#5581=VERTEX_POINT('',#5579);
#5582=VERTEX_POINT('',#5580);
#5583=CARTESIAN_POINT('',(2.58E1,7.E-1,0.E0));
#5584=VERTEX_POINT('',#5583);
#5585=CARTESIAN_POINT('',(2.58E1,7.E-1,-2.E0));
#5586=VERTEX_POINT('',#5585);
#5587=CARTESIAN_POINT('',(2.58E1,9.7E0,-1.28E1));
#5588=CARTESIAN_POINT('',(2.58E1,9.7E0,0.E0));
#5589=VERTEX_POINT('',#5587);
#5590=VERTEX_POINT('',#5588);
#5591=CARTESIAN_POINT('',(2.55E1,1.E1,0.E0));
#5592=VERTEX_POINT('',#5591);
#5593=CARTESIAN_POINT('',(2.55E1,1.E1,-1.28E1));
#5594=VERTEX_POINT('',#5593);
#5595=CARTESIAN_POINT('',(-2.55E1,1.E1,-1.28E1));
#5596=CARTESIAN_POINT('',(-2.55E1,1.E1,0.E0));
#5597=VERTEX_POINT('',#5595);
#5598=VERTEX_POINT('',#5596);
#5599=CARTESIAN_POINT('',(-2.58E1,9.7E0,0.E0));
#5600=VERTEX_POINT('',#5599);
#5601=CARTESIAN_POINT('',(-2.58E1,9.7E0,-1.28E1));
#5602=VERTEX_POINT('',#5601);
#5603=CARTESIAN_POINT('',(-2.58E1,7.E-1,-2.E0));
#5604=CARTESIAN_POINT('',(-2.58E1,7.E-1,0.E0));
#5605=VERTEX_POINT('',#5603);
#5606=VERTEX_POINT('',#5604);
#5607=CARTESIAN_POINT('',(-2.55E1,4.E-1,0.E0));
#5608=VERTEX_POINT('',#5607);
#5609=CARTESIAN_POINT('',(-2.55E1,4.E-1,-2.E0));
#5610=VERTEX_POINT('',#5609);
#5611=CARTESIAN_POINT('',(-2.5E1,4.9E0,-1.E1));
#5612=CARTESIAN_POINT('',(-2.5E1,1.3E0,-1.E1));
#5613=VERTEX_POINT('',#5611);
#5614=VERTEX_POINT('',#5612);
#5615=CARTESIAN_POINT('',(-2.12E1,1.3E0,-1.E1));
#5616=VERTEX_POINT('',#5615);
#5617=CARTESIAN_POINT('',(-2.12E1,4.9E0,-1.E1));
#5618=VERTEX_POINT('',#5617);
#5619=CARTESIAN_POINT('',(-2.5E1,9.1E0,-1.E1));
#5620=CARTESIAN_POINT('',(-2.5E1,6.3E0,-1.E1));
#5621=VERTEX_POINT('',#5619);
#5622=VERTEX_POINT('',#5620);
#5623=CARTESIAN_POINT('',(-2.42E1,5.5E0,-1.E1));
#5624=CARTESIAN_POINT('',(-2.2E1,5.5E0,-1.E1));
#5625=VERTEX_POINT('',#5623);
#5626=VERTEX_POINT('',#5624);
#5627=CARTESIAN_POINT('',(-2.12E1,6.3E0,-1.E1));
#5628=CARTESIAN_POINT('',(-2.12E1,9.1E0,-1.E1));
#5629=VERTEX_POINT('',#5627);
#5630=VERTEX_POINT('',#5628);
#5631=CARTESIAN_POINT('',(-2.5E1,4.9E0,0.E0));
#5632=CARTESIAN_POINT('',(-2.5E1,1.3E0,0.E0));
#5633=VERTEX_POINT('',#5631);
#5634=VERTEX_POINT('',#5632);
#5635=CARTESIAN_POINT('',(-2.12E1,1.3E0,0.E0));
#5636=VERTEX_POINT('',#5635);
#5637=CARTESIAN_POINT('',(-2.12E1,4.9E0,0.E0));
#5638=VERTEX_POINT('',#5637);
#5639=CARTESIAN_POINT('',(-2.5E1,9.1E0,0.E0));
#5640=CARTESIAN_POINT('',(-2.5E1,6.3E0,0.E0));
#5641=VERTEX_POINT('',#5639);
#5642=VERTEX_POINT('',#5640);
#5643=CARTESIAN_POINT('',(-2.42E1,5.5E0,0.E0));
#5644=CARTESIAN_POINT('',(-2.2E1,5.5E0,0.E0));
#5645=VERTEX_POINT('',#5643);
#5646=VERTEX_POINT('',#5644);
#5647=CARTESIAN_POINT('',(-2.12E1,9.1E0,0.E0));
#5648=VERTEX_POINT('',#5647);
#5649=CARTESIAN_POINT('',(-2.12E1,6.3E0,0.E0));
#5650=VERTEX_POINT('',#5649);
#5651=CARTESIAN_POINT('',(1.28E1,4.9E0,-1.E1));
#5652=CARTESIAN_POINT('',(1.28E1,2.1E0,-1.E1));
#5653=VERTEX_POINT('',#5651);
#5654=VERTEX_POINT('',#5652);
#5655=CARTESIAN_POINT('',(1.36E1,1.3E0,-1.E1));
#5656=CARTESIAN_POINT('',(1.58E1,1.3E0,-1.E1));
#5657=VERTEX_POINT('',#5655);
#5658=VERTEX_POINT('',#5656);
#5659=CARTESIAN_POINT('',(1.66E1,2.1E0,-1.E1));
#5660=CARTESIAN_POINT('',(1.66E1,4.9E0,-1.E1));
#5661=VERTEX_POINT('',#5659);
#5662=VERTEX_POINT('',#5660);
#5663=CARTESIAN_POINT('',(1.28E1,9.1E0,-1.E1));
#5664=CARTESIAN_POINT('',(1.28E1,5.5E0,-1.E1));
#5665=VERTEX_POINT('',#5663);
#5666=VERTEX_POINT('',#5664);
#5667=CARTESIAN_POINT('',(1.66E1,5.5E0,-1.E1));
#5668=VERTEX_POINT('',#5667);
#5669=CARTESIAN_POINT('',(1.66E1,9.1E0,-1.E1));
#5670=VERTEX_POINT('',#5669);
#5671=CARTESIAN_POINT('',(1.7E1,4.9E0,-1.E1));
#5672=CARTESIAN_POINT('',(1.7E1,1.9E0,-1.E1));
#5673=VERTEX_POINT('',#5671);
#5674=VERTEX_POINT('',#5672);
#5675=CARTESIAN_POINT('',(1.78E1,1.1E0,-1.E1));
#5676=CARTESIAN_POINT('',(2.E1,1.1E0,-1.E1));
#5677=VERTEX_POINT('',#5675);
#5678=VERTEX_POINT('',#5676);
#5679=CARTESIAN_POINT('',(2.08E1,1.9E0,-1.E1));
#5680=CARTESIAN_POINT('',(2.08E1,4.9E0,-1.E1));
#5681=VERTEX_POINT('',#5679);
#5682=VERTEX_POINT('',#5680);
#5683=CARTESIAN_POINT('',(1.7E1,9.1E0,-1.E1));
#5684=CARTESIAN_POINT('',(1.7E1,5.5E0,-1.E1));
#5685=VERTEX_POINT('',#5683);
#5686=VERTEX_POINT('',#5684);
#5687=CARTESIAN_POINT('',(2.08E1,5.5E0,-1.E1));
#5688=VERTEX_POINT('',#5687);
#5689=CARTESIAN_POINT('',(2.08E1,9.1E0,-1.E1));
#5690=VERTEX_POINT('',#5689);
#5691=CARTESIAN_POINT('',(1.28E1,4.9E0,0.E0));
#5692=CARTESIAN_POINT('',(1.28E1,2.1E0,0.E0));
#5693=VERTEX_POINT('',#5691);
#5694=VERTEX_POINT('',#5692);
#5695=CARTESIAN_POINT('',(1.36E1,1.3E0,0.E0));
#5696=CARTESIAN_POINT('',(1.58E1,1.3E0,0.E0));
#5697=VERTEX_POINT('',#5695);
#5698=VERTEX_POINT('',#5696);
#5699=CARTESIAN_POINT('',(1.66E1,2.1E0,0.E0));
#5700=CARTESIAN_POINT('',(1.66E1,4.9E0,0.E0));
#5701=VERTEX_POINT('',#5699);
#5702=VERTEX_POINT('',#5700);
#5703=CARTESIAN_POINT('',(1.28E1,9.1E0,0.E0));
#5704=CARTESIAN_POINT('',(1.28E1,5.5E0,0.E0));
#5705=VERTEX_POINT('',#5703);
#5706=VERTEX_POINT('',#5704);
#5707=CARTESIAN_POINT('',(1.66E1,5.5E0,0.E0));
#5708=VERTEX_POINT('',#5707);
#5709=CARTESIAN_POINT('',(1.66E1,9.1E0,0.E0));
#5710=VERTEX_POINT('',#5709);
#5711=CARTESIAN_POINT('',(1.7E1,4.9E0,0.E0));
#5712=CARTESIAN_POINT('',(1.7E1,1.9E0,0.E0));
#5713=VERTEX_POINT('',#5711);
#5714=VERTEX_POINT('',#5712);
#5715=CARTESIAN_POINT('',(1.78E1,1.1E0,0.E0));
#5716=CARTESIAN_POINT('',(2.E1,1.1E0,0.E0));
#5717=VERTEX_POINT('',#5715);
#5718=VERTEX_POINT('',#5716);
#5719=CARTESIAN_POINT('',(2.08E1,1.9E0,0.E0));
#5720=CARTESIAN_POINT('',(2.08E1,4.9E0,0.E0));
#5721=VERTEX_POINT('',#5719);
#5722=VERTEX_POINT('',#5720);
#5723=CARTESIAN_POINT('',(1.7E1,9.1E0,0.E0));
#5724=CARTESIAN_POINT('',(1.7E1,5.5E0,0.E0));
#5725=VERTEX_POINT('',#5723);
#5726=VERTEX_POINT('',#5724);
#5727=CARTESIAN_POINT('',(2.08E1,5.5E0,0.E0));
#5728=VERTEX_POINT('',#5727);
#5729=CARTESIAN_POINT('',(2.08E1,9.1E0,0.E0));
#5730=VERTEX_POINT('',#5729);
#5731=CARTESIAN_POINT('',(4.4E0,4.9E0,-1.E1));
#5732=CARTESIAN_POINT('',(4.4E0,1.3E0,-1.E1));
#5733=VERTEX_POINT('',#5731);
#5734=VERTEX_POINT('',#5732);
#5735=CARTESIAN_POINT('',(8.2E0,1.3E0,-1.E1));
#5736=VERTEX_POINT('',#5735);
#5737=CARTESIAN_POINT('',(8.2E0,4.9E0,-1.E1));
#5738=VERTEX_POINT('',#5737);
#5739=CARTESIAN_POINT('',(4.4E0,9.1E0,-1.E1));
#5740=CARTESIAN_POINT('',(4.4E0,6.3E0,-1.E1));
#5741=VERTEX_POINT('',#5739);
#5742=VERTEX_POINT('',#5740);
#5743=CARTESIAN_POINT('',(5.2E0,5.5E0,-1.E1));
#5744=CARTESIAN_POINT('',(7.4E0,5.5E0,-1.E1));
#5745=VERTEX_POINT('',#5743);
#5746=VERTEX_POINT('',#5744);
#5747=CARTESIAN_POINT('',(8.2E0,6.3E0,-1.E1));
#5748=CARTESIAN_POINT('',(8.2E0,9.1E0,-1.E1));
#5749=VERTEX_POINT('',#5747);
#5750=VERTEX_POINT('',#5748);
#5751=CARTESIAN_POINT('',(8.6E0,4.9E0,-1.E1));
#5752=CARTESIAN_POINT('',(8.6E0,1.3E0,-1.E1));
#5753=VERTEX_POINT('',#5751);
#5754=VERTEX_POINT('',#5752);
#5755=CARTESIAN_POINT('',(1.24E1,1.3E0,-1.E1));
#5756=VERTEX_POINT('',#5755);
#5757=CARTESIAN_POINT('',(1.24E1,4.9E0,-1.E1));
#5758=VERTEX_POINT('',#5757);
#5759=CARTESIAN_POINT('',(8.6E0,9.1E0,-1.E1));
#5760=CARTESIAN_POINT('',(8.6E0,6.3E0,-1.E1));
#5761=VERTEX_POINT('',#5759);
#5762=VERTEX_POINT('',#5760);
#5763=CARTESIAN_POINT('',(9.4E0,5.5E0,-1.E1));
#5764=CARTESIAN_POINT('',(1.16E1,5.5E0,-1.E1));
#5765=VERTEX_POINT('',#5763);
#5766=VERTEX_POINT('',#5764);
#5767=CARTESIAN_POINT('',(1.24E1,6.3E0,-1.E1));
#5768=CARTESIAN_POINT('',(1.24E1,9.1E0,-1.E1));
#5769=VERTEX_POINT('',#5767);
#5770=VERTEX_POINT('',#5768);
#5771=CARTESIAN_POINT('',(4.4E0,4.9E0,0.E0));
#5772=CARTESIAN_POINT('',(4.4E0,1.3E0,0.E0));
#5773=VERTEX_POINT('',#5771);
#5774=VERTEX_POINT('',#5772);
#5775=CARTESIAN_POINT('',(8.2E0,1.3E0,0.E0));
#5776=VERTEX_POINT('',#5775);
#5777=CARTESIAN_POINT('',(8.2E0,4.9E0,0.E0));
#5778=VERTEX_POINT('',#5777);
#5779=CARTESIAN_POINT('',(4.4E0,9.1E0,0.E0));
#5780=CARTESIAN_POINT('',(4.4E0,6.3E0,0.E0));
#5781=VERTEX_POINT('',#5779);
#5782=VERTEX_POINT('',#5780);
#5783=CARTESIAN_POINT('',(5.2E0,5.5E0,0.E0));
#5784=CARTESIAN_POINT('',(7.4E0,5.5E0,0.E0));
#5785=VERTEX_POINT('',#5783);
#5786=VERTEX_POINT('',#5784);
#5787=CARTESIAN_POINT('',(8.2E0,6.3E0,0.E0));
#5788=CARTESIAN_POINT('',(8.2E0,9.1E0,0.E0));
#5789=VERTEX_POINT('',#5787);
#5790=VERTEX_POINT('',#5788);
#5791=CARTESIAN_POINT('',(8.6E0,4.9E0,0.E0));
#5792=CARTESIAN_POINT('',(8.6E0,1.3E0,0.E0));
#5793=VERTEX_POINT('',#5791);
#5794=VERTEX_POINT('',#5792);
#5795=CARTESIAN_POINT('',(1.24E1,1.3E0,0.E0));
#5796=VERTEX_POINT('',#5795);
#5797=CARTESIAN_POINT('',(1.24E1,4.9E0,0.E0));
#5798=VERTEX_POINT('',#5797);
#5799=CARTESIAN_POINT('',(8.6E0,9.1E0,0.E0));
#5800=CARTESIAN_POINT('',(8.6E0,6.3E0,0.E0));
#5801=VERTEX_POINT('',#5799);
#5802=VERTEX_POINT('',#5800);
#5803=CARTESIAN_POINT('',(9.4E0,5.5E0,0.E0));
#5804=CARTESIAN_POINT('',(1.16E1,5.5E0,0.E0));
#5805=VERTEX_POINT('',#5803);
#5806=VERTEX_POINT('',#5804);
#5807=CARTESIAN_POINT('',(1.24E1,6.3E0,0.E0));
#5808=CARTESIAN_POINT('',(1.24E1,9.1E0,0.E0));
#5809=VERTEX_POINT('',#5807);
#5810=VERTEX_POINT('',#5808);
#5811=CARTESIAN_POINT('',(-2.58E1,9.E0,-1.35E1));
#5812=CARTESIAN_POINT('',(-2.48E1,9.E0,-1.35E1));
#5813=VERTEX_POINT('',#5811);
#5814=VERTEX_POINT('',#5812);
#5815=CARTESIAN_POINT('',(-2.48E1,4.E-1,-1.35E1));
#5816=VERTEX_POINT('',#5815);
#5817=CARTESIAN_POINT('',(-2.58E1,4.E-1,-1.35E1));
#5818=VERTEX_POINT('',#5817);
#5819=CARTESIAN_POINT('',(2.58E1,9.E0,-1.35E1));
#5820=CARTESIAN_POINT('',(2.58E1,4.E-1,-1.35E1));
#5821=VERTEX_POINT('',#5819);
#5822=VERTEX_POINT('',#5820);
#5823=CARTESIAN_POINT('',(2.48E1,4.E-1,-1.35E1));
#5824=VERTEX_POINT('',#5823);
#5825=CARTESIAN_POINT('',(2.48E1,9.E0,-1.35E1));
#5826=VERTEX_POINT('',#5825);
#5827=CARTESIAN_POINT('',(-2.58E1,9.E0,-1.28E1));
#5828=CARTESIAN_POINT('',(-2.48E1,9.E0,-1.28E1));
#5829=VERTEX_POINT('',#5827);
#5830=VERTEX_POINT('',#5828);
#5831=CARTESIAN_POINT('',(-2.48E1,4.E-1,-1.28E1));
#5832=VERTEX_POINT('',#5831);
#5833=CARTESIAN_POINT('',(-2.53E1,4.E-1,-1.28E1));
#5834=CARTESIAN_POINT('',(-2.58E1,4.E-1,-1.28E1));
#5835=VERTEX_POINT('',#5833);
#5836=VERTEX_POINT('',#5834);
#5837=CARTESIAN_POINT('',(-2.58E1,1.4E0,-1.28E1));
#5838=VERTEX_POINT('',#5837);
#5839=CARTESIAN_POINT('',(2.58E1,3.1E0,-1.28E1));
#5840=CARTESIAN_POINT('',(2.58E1,2.3E0,-1.28E1));
#5841=VERTEX_POINT('',#5839);
#5842=VERTEX_POINT('',#5840);
#5843=CARTESIAN_POINT('',(2.58E1,1.4E0,-1.28E1));
#5844=CARTESIAN_POINT('',(2.58E1,4.E-1,-1.28E1));
#5845=VERTEX_POINT('',#5843);
#5846=VERTEX_POINT('',#5844);
#5847=CARTESIAN_POINT('',(2.53E1,4.E-1,-1.28E1));
#5848=VERTEX_POINT('',#5847);
#5849=CARTESIAN_POINT('',(2.48E1,4.E-1,-1.28E1));
#5850=CARTESIAN_POINT('',(2.48E1,9.E0,-1.28E1));
#5851=VERTEX_POINT('',#5849);
#5852=VERTEX_POINT('',#5850);
#5853=CARTESIAN_POINT('',(2.58E1,9.E0,-1.28E1));
#5854=VERTEX_POINT('',#5853);
#5855=CARTESIAN_POINT('',(1.9435E1,8.035E0,-1.8365E1));
#5856=CARTESIAN_POINT('',(1.9435E1,6.465E0,-1.9935E1));
#5857=VERTEX_POINT('',#5855);
#5858=VERTEX_POINT('',#5856);
#5859=CARTESIAN_POINT('',(1.9435E1,-3.3E0,-1.9935E1));
#5860=VERTEX_POINT('',#5859);
#5861=CARTESIAN_POINT('',(1.9435E1,-3.3E0,-1.8865E1));
#5862=VERTEX_POINT('',#5861);
#5863=CARTESIAN_POINT('',(1.9435E1,6.465E0,-1.8865E1));
#5864=VERTEX_POINT('',#5863);
#5865=CARTESIAN_POINT('',(1.9435E1,6.965E0,-1.8365E1));
#5866=VERTEX_POINT('',#5865);
#5867=CARTESIAN_POINT('',(1.9435E1,6.965E0,-4.7E0));
#5868=CARTESIAN_POINT('',(1.9435E1,8.035E0,-4.7E0));
#5869=VERTEX_POINT('',#5867);
#5870=VERTEX_POINT('',#5868);
#5871=CARTESIAN_POINT('',(1.8365E1,8.035E0,-1.8365E1));
#5872=CARTESIAN_POINT('',(1.8365E1,6.465E0,-1.9935E1));
#5873=VERTEX_POINT('',#5871);
#5874=VERTEX_POINT('',#5872);
#5875=CARTESIAN_POINT('',(1.8365E1,-3.3E0,-1.9935E1));
#5876=VERTEX_POINT('',#5875);
#5877=CARTESIAN_POINT('',(1.8365E1,-3.3E0,-1.8865E1));
#5878=VERTEX_POINT('',#5877);
#5879=CARTESIAN_POINT('',(1.8365E1,6.465E0,-1.8865E1));
#5880=VERTEX_POINT('',#5879);
#5881=CARTESIAN_POINT('',(1.8365E1,6.965E0,-1.8365E1));
#5882=VERTEX_POINT('',#5881);
#5883=CARTESIAN_POINT('',(1.8365E1,6.965E0,-4.7E0));
#5884=CARTESIAN_POINT('',(1.8365E1,8.035E0,-4.7E0));
#5885=VERTEX_POINT('',#5883);
#5886=VERTEX_POINT('',#5884);
#5887=CARTESIAN_POINT('',(1.9435E1,6.965E0,-1.28E1));
#5888=CARTESIAN_POINT('',(1.9435E1,8.035E0,-1.28E1));
#5889=VERTEX_POINT('',#5887);
#5890=VERTEX_POINT('',#5888);
#5891=CARTESIAN_POINT('',(1.8365E1,6.965E0,-1.28E1));
#5892=CARTESIAN_POINT('',(1.8365E1,8.035E0,-1.28E1));
#5893=VERTEX_POINT('',#5891);
#5894=VERTEX_POINT('',#5892);
#5895=CARTESIAN_POINT('',(1.9435E1,6.965E0,-1.E1));
#5896=CARTESIAN_POINT('',(1.9435E1,8.035E0,-1.E1));
#5897=VERTEX_POINT('',#5895);
#5898=VERTEX_POINT('',#5896);
#5899=CARTESIAN_POINT('',(1.8365E1,6.965E0,-1.E1));
#5900=CARTESIAN_POINT('',(1.8365E1,8.035E0,-1.E1));
#5901=VERTEX_POINT('',#5899);
#5902=VERTEX_POINT('',#5900);
#5903=CARTESIAN_POINT('',(1.5235E1,8.035E0,-1.8365E1));
#5904=CARTESIAN_POINT('',(1.5235E1,6.465E0,-1.9935E1));
#5905=VERTEX_POINT('',#5903);
#5906=VERTEX_POINT('',#5904);
#5907=CARTESIAN_POINT('',(1.5235E1,-3.3E0,-1.9935E1));
#5908=VERTEX_POINT('',#5907);
#5909=CARTESIAN_POINT('',(1.5235E1,-3.3E0,-1.8865E1));
#5910=VERTEX_POINT('',#5909);
#5911=CARTESIAN_POINT('',(1.5235E1,6.465E0,-1.8865E1));
#5912=VERTEX_POINT('',#5911);
#5913=CARTESIAN_POINT('',(1.5235E1,6.965E0,-1.8365E1));
#5914=VERTEX_POINT('',#5913);
#5915=CARTESIAN_POINT('',(1.5235E1,6.965E0,-4.7E0));
#5916=CARTESIAN_POINT('',(1.5235E1,8.035E0,-4.7E0));
#5917=VERTEX_POINT('',#5915);
#5918=VERTEX_POINT('',#5916);
#5919=CARTESIAN_POINT('',(1.4165E1,8.035E0,-1.8365E1));
#5920=CARTESIAN_POINT('',(1.4165E1,6.465E0,-1.9935E1));
#5921=VERTEX_POINT('',#5919);
#5922=VERTEX_POINT('',#5920);
#5923=CARTESIAN_POINT('',(1.4165E1,-3.3E0,-1.9935E1));
#5924=VERTEX_POINT('',#5923);
#5925=CARTESIAN_POINT('',(1.4165E1,-3.3E0,-1.8865E1));
#5926=VERTEX_POINT('',#5925);
#5927=CARTESIAN_POINT('',(1.4165E1,6.465E0,-1.8865E1));
#5928=VERTEX_POINT('',#5927);
#5929=CARTESIAN_POINT('',(1.4165E1,6.965E0,-1.8365E1));
#5930=VERTEX_POINT('',#5929);
#5931=CARTESIAN_POINT('',(1.4165E1,6.965E0,-4.7E0));
#5932=CARTESIAN_POINT('',(1.4165E1,8.035E0,-4.7E0));
#5933=VERTEX_POINT('',#5931);
#5934=VERTEX_POINT('',#5932);
#5935=CARTESIAN_POINT('',(1.5235E1,6.965E0,-1.28E1));
#5936=CARTESIAN_POINT('',(1.5235E1,8.035E0,-1.28E1));
#5937=VERTEX_POINT('',#5935);
#5938=VERTEX_POINT('',#5936);
#5939=CARTESIAN_POINT('',(1.4165E1,6.965E0,-1.28E1));
#5940=CARTESIAN_POINT('',(1.4165E1,8.035E0,-1.28E1));
#5941=VERTEX_POINT('',#5939);
#5942=VERTEX_POINT('',#5940);
#5943=CARTESIAN_POINT('',(1.5235E1,6.965E0,-1.E1));
#5944=CARTESIAN_POINT('',(1.5235E1,8.035E0,-1.E1));
#5945=VERTEX_POINT('',#5943);
#5946=VERTEX_POINT('',#5944);
#5947=CARTESIAN_POINT('',(1.4165E1,6.965E0,-1.E1));
#5948=CARTESIAN_POINT('',(1.4165E1,8.035E0,-1.E1));
#5949=VERTEX_POINT('',#5947);
#5950=VERTEX_POINT('',#5948);
#5951=CARTESIAN_POINT('',(1.1035E1,8.035E0,-1.8365E1));
#5952=CARTESIAN_POINT('',(1.1035E1,6.465E0,-1.9935E1));
#5953=VERTEX_POINT('',#5951);
#5954=VERTEX_POINT('',#5952);
#5955=CARTESIAN_POINT('',(1.1035E1,-3.3E0,-1.9935E1));
#5956=VERTEX_POINT('',#5955);
#5957=CARTESIAN_POINT('',(1.1035E1,-3.3E0,-1.8865E1));
#5958=VERTEX_POINT('',#5957);
#5959=CARTESIAN_POINT('',(1.1035E1,6.465E0,-1.8865E1));
#5960=VERTEX_POINT('',#5959);
#5961=CARTESIAN_POINT('',(1.1035E1,6.965E0,-1.8365E1));
#5962=VERTEX_POINT('',#5961);
#5963=CARTESIAN_POINT('',(1.1035E1,6.965E0,-4.7E0));
#5964=CARTESIAN_POINT('',(1.1035E1,8.035E0,-4.7E0));
#5965=VERTEX_POINT('',#5963);
#5966=VERTEX_POINT('',#5964);
#5967=CARTESIAN_POINT('',(9.965E0,8.035E0,-1.8365E1));
#5968=CARTESIAN_POINT('',(9.965E0,6.465E0,-1.9935E1));
#5969=VERTEX_POINT('',#5967);
#5970=VERTEX_POINT('',#5968);
#5971=CARTESIAN_POINT('',(9.965E0,-3.3E0,-1.9935E1));
#5972=VERTEX_POINT('',#5971);
#5973=CARTESIAN_POINT('',(9.965E0,-3.3E0,-1.8865E1));
#5974=VERTEX_POINT('',#5973);
#5975=CARTESIAN_POINT('',(9.965E0,6.465E0,-1.8865E1));
#5976=VERTEX_POINT('',#5975);
#5977=CARTESIAN_POINT('',(9.965E0,6.965E0,-1.8365E1));
#5978=VERTEX_POINT('',#5977);
#5979=CARTESIAN_POINT('',(9.965E0,6.965E0,-4.7E0));
#5980=CARTESIAN_POINT('',(9.965E0,8.035E0,-4.7E0));
#5981=VERTEX_POINT('',#5979);
#5982=VERTEX_POINT('',#5980);
#5983=CARTESIAN_POINT('',(1.1035E1,6.965E0,-1.28E1));
#5984=CARTESIAN_POINT('',(1.1035E1,8.035E0,-1.28E1));
#5985=VERTEX_POINT('',#5983);
#5986=VERTEX_POINT('',#5984);
#5987=CARTESIAN_POINT('',(9.965E0,6.965E0,-1.28E1));
#5988=CARTESIAN_POINT('',(9.965E0,8.035E0,-1.28E1));
#5989=VERTEX_POINT('',#5987);
#5990=VERTEX_POINT('',#5988);
#5991=CARTESIAN_POINT('',(1.1035E1,6.965E0,-1.E1));
#5992=CARTESIAN_POINT('',(1.1035E1,8.035E0,-1.E1));
#5993=VERTEX_POINT('',#5991);
#5994=VERTEX_POINT('',#5992);
#5995=CARTESIAN_POINT('',(9.965E0,6.965E0,-1.E1));
#5996=CARTESIAN_POINT('',(9.965E0,8.035E0,-1.E1));
#5997=VERTEX_POINT('',#5995);
#5998=VERTEX_POINT('',#5996);
#5999=CARTESIAN_POINT('',(6.835E0,8.035E0,-1.8365E1));
#6000=CARTESIAN_POINT('',(6.835E0,6.465E0,-1.9935E1));
#6001=VERTEX_POINT('',#5999);
#6002=VERTEX_POINT('',#6000);
#6003=CARTESIAN_POINT('',(6.835E0,-3.3E0,-1.9935E1));
#6004=VERTEX_POINT('',#6003);
#6005=CARTESIAN_POINT('',(6.835E0,-3.3E0,-1.8865E1));
#6006=VERTEX_POINT('',#6005);
#6007=CARTESIAN_POINT('',(6.835E0,6.465E0,-1.8865E1));
#6008=VERTEX_POINT('',#6007);
#6009=CARTESIAN_POINT('',(6.835E0,6.965E0,-1.8365E1));
#6010=VERTEX_POINT('',#6009);
#6011=CARTESIAN_POINT('',(6.835E0,6.965E0,-4.7E0));
#6012=CARTESIAN_POINT('',(6.835E0,8.035E0,-4.7E0));
#6013=VERTEX_POINT('',#6011);
#6014=VERTEX_POINT('',#6012);
#6015=CARTESIAN_POINT('',(5.765E0,8.035E0,-1.8365E1));
#6016=CARTESIAN_POINT('',(5.765E0,6.465E0,-1.9935E1));
#6017=VERTEX_POINT('',#6015);
#6018=VERTEX_POINT('',#6016);
#6019=CARTESIAN_POINT('',(5.765E0,-3.3E0,-1.9935E1));
#6020=VERTEX_POINT('',#6019);
#6021=CARTESIAN_POINT('',(5.765E0,-3.3E0,-1.8865E1));
#6022=VERTEX_POINT('',#6021);
#6023=CARTESIAN_POINT('',(5.765E0,6.465E0,-1.8865E1));
#6024=VERTEX_POINT('',#6023);
#6025=CARTESIAN_POINT('',(5.765E0,6.965E0,-1.8365E1));
#6026=VERTEX_POINT('',#6025);
#6027=CARTESIAN_POINT('',(5.765E0,6.965E0,-4.7E0));
#6028=CARTESIAN_POINT('',(5.765E0,8.035E0,-4.7E0));
#6029=VERTEX_POINT('',#6027);
#6030=VERTEX_POINT('',#6028);
#6031=CARTESIAN_POINT('',(6.835E0,6.965E0,-1.28E1));
#6032=CARTESIAN_POINT('',(6.835E0,8.035E0,-1.28E1));
#6033=VERTEX_POINT('',#6031);
#6034=VERTEX_POINT('',#6032);
#6035=CARTESIAN_POINT('',(5.765E0,6.965E0,-1.28E1));
#6036=CARTESIAN_POINT('',(5.765E0,8.035E0,-1.28E1));
#6037=VERTEX_POINT('',#6035);
#6038=VERTEX_POINT('',#6036);
#6039=CARTESIAN_POINT('',(6.835E0,6.965E0,-1.E1));
#6040=CARTESIAN_POINT('',(6.835E0,8.035E0,-1.E1));
#6041=VERTEX_POINT('',#6039);
#6042=VERTEX_POINT('',#6040);
#6043=CARTESIAN_POINT('',(5.765E0,6.965E0,-1.E1));
#6044=CARTESIAN_POINT('',(5.765E0,8.035E0,-1.E1));
#6045=VERTEX_POINT('',#6043);
#6046=VERTEX_POINT('',#6044);
#6047=CARTESIAN_POINT('',(2.635E0,8.035E0,-1.8365E1));
#6048=CARTESIAN_POINT('',(2.635E0,6.465E0,-1.9935E1));
#6049=VERTEX_POINT('',#6047);
#6050=VERTEX_POINT('',#6048);
#6051=CARTESIAN_POINT('',(2.635E0,-3.3E0,-1.9935E1));
#6052=VERTEX_POINT('',#6051);
#6053=CARTESIAN_POINT('',(2.635E0,-3.3E0,-1.8865E1));
#6054=VERTEX_POINT('',#6053);
#6055=CARTESIAN_POINT('',(2.635E0,6.465E0,-1.8865E1));
#6056=VERTEX_POINT('',#6055);
#6057=CARTESIAN_POINT('',(2.635E0,6.965E0,-1.8365E1));
#6058=VERTEX_POINT('',#6057);
#6059=CARTESIAN_POINT('',(2.635E0,6.965E0,-4.7E0));
#6060=CARTESIAN_POINT('',(2.635E0,8.035E0,-4.7E0));
#6061=VERTEX_POINT('',#6059);
#6062=VERTEX_POINT('',#6060);
#6063=CARTESIAN_POINT('',(1.565E0,8.035E0,-1.8365E1));
#6064=CARTESIAN_POINT('',(1.565E0,6.465E0,-1.9935E1));
#6065=VERTEX_POINT('',#6063);
#6066=VERTEX_POINT('',#6064);
#6067=CARTESIAN_POINT('',(1.565E0,-3.3E0,-1.9935E1));
#6068=VERTEX_POINT('',#6067);
#6069=CARTESIAN_POINT('',(1.565E0,-3.3E0,-1.8865E1));
#6070=VERTEX_POINT('',#6069);
#6071=CARTESIAN_POINT('',(1.565E0,6.465E0,-1.8865E1));
#6072=VERTEX_POINT('',#6071);
#6073=CARTESIAN_POINT('',(1.565E0,6.965E0,-1.8365E1));
#6074=VERTEX_POINT('',#6073);
#6075=CARTESIAN_POINT('',(1.565E0,6.965E0,-4.7E0));
#6076=CARTESIAN_POINT('',(1.565E0,8.035E0,-4.7E0));
#6077=VERTEX_POINT('',#6075);
#6078=VERTEX_POINT('',#6076);
#6079=CARTESIAN_POINT('',(2.635E0,6.965E0,-1.28E1));
#6080=CARTESIAN_POINT('',(2.635E0,8.035E0,-1.28E1));
#6081=VERTEX_POINT('',#6079);
#6082=VERTEX_POINT('',#6080);
#6083=CARTESIAN_POINT('',(1.565E0,6.965E0,-1.28E1));
#6084=CARTESIAN_POINT('',(1.565E0,8.035E0,-1.28E1));
#6085=VERTEX_POINT('',#6083);
#6086=VERTEX_POINT('',#6084);
#6087=CARTESIAN_POINT('',(2.635E0,8.035E0,-1.E1));
#6088=VERTEX_POINT('',#6087);
#6089=CARTESIAN_POINT('',(2.635E0,6.965E0,-1.E1));
#6090=VERTEX_POINT('',#6089);
#6091=CARTESIAN_POINT('',(1.565E0,8.035E0,-1.E1));
#6092=VERTEX_POINT('',#6091);
#6093=CARTESIAN_POINT('',(1.565E0,6.965E0,-1.E1));
#6094=VERTEX_POINT('',#6093);
#6095=CARTESIAN_POINT('',(1.9435E1,3.835E0,-1.3065E1));
#6096=CARTESIAN_POINT('',(1.9435E1,2.465E0,-1.4435E1));
#6097=VERTEX_POINT('',#6095);
#6098=VERTEX_POINT('',#6096);
#6099=CARTESIAN_POINT('',(1.9435E1,-3.3E0,-1.4435E1));
#6100=VERTEX_POINT('',#6099);
#6101=CARTESIAN_POINT('',(1.9435E1,-3.3E0,-1.3365E1));
#6102=VERTEX_POINT('',#6101);
#6103=CARTESIAN_POINT('',(1.9435E1,2.465E0,-1.3365E1));
#6104=VERTEX_POINT('',#6103);
#6105=CARTESIAN_POINT('',(1.9435E1,2.765E0,-1.3065E1));
#6106=VERTEX_POINT('',#6105);
#6107=CARTESIAN_POINT('',(1.9435E1,2.765E0,-4.7E0));
#6108=CARTESIAN_POINT('',(1.9435E1,3.835E0,-4.7E0));
#6109=VERTEX_POINT('',#6107);
#6110=VERTEX_POINT('',#6108);
#6111=CARTESIAN_POINT('',(1.8365E1,3.835E0,-1.3065E1));
#6112=CARTESIAN_POINT('',(1.8365E1,2.465E0,-1.4435E1));
#6113=VERTEX_POINT('',#6111);
#6114=VERTEX_POINT('',#6112);
#6115=CARTESIAN_POINT('',(1.8365E1,-3.3E0,-1.4435E1));
#6116=VERTEX_POINT('',#6115);
#6117=CARTESIAN_POINT('',(1.8365E1,-3.3E0,-1.3365E1));
#6118=VERTEX_POINT('',#6117);
#6119=CARTESIAN_POINT('',(1.8365E1,2.465E0,-1.3365E1));
#6120=VERTEX_POINT('',#6119);
#6121=CARTESIAN_POINT('',(1.8365E1,2.765E0,-1.3065E1));
#6122=VERTEX_POINT('',#6121);
#6123=CARTESIAN_POINT('',(1.8365E1,2.765E0,-4.7E0));
#6124=CARTESIAN_POINT('',(1.8365E1,3.835E0,-4.7E0));
#6125=VERTEX_POINT('',#6123);
#6126=VERTEX_POINT('',#6124);
#6127=CARTESIAN_POINT('',(1.9435E1,2.765E0,-1.28E1));
#6128=CARTESIAN_POINT('',(1.9435E1,3.835E0,-1.28E1));
#6129=VERTEX_POINT('',#6127);
#6130=VERTEX_POINT('',#6128);
#6131=CARTESIAN_POINT('',(1.8365E1,2.765E0,-1.28E1));
#6132=CARTESIAN_POINT('',(1.8365E1,3.835E0,-1.28E1));
#6133=VERTEX_POINT('',#6131);
#6134=VERTEX_POINT('',#6132);
#6135=CARTESIAN_POINT('',(1.9435E1,2.765E0,-1.E1));
#6136=CARTESIAN_POINT('',(1.9435E1,3.835E0,-1.E1));
#6137=VERTEX_POINT('',#6135);
#6138=VERTEX_POINT('',#6136);
#6139=CARTESIAN_POINT('',(1.8365E1,2.765E0,-1.E1));
#6140=CARTESIAN_POINT('',(1.8365E1,3.835E0,-1.E1));
#6141=VERTEX_POINT('',#6139);
#6142=VERTEX_POINT('',#6140);
#6143=CARTESIAN_POINT('',(1.5235E1,3.835E0,-1.3065E1));
#6144=CARTESIAN_POINT('',(1.5235E1,2.465E0,-1.4435E1));
#6145=VERTEX_POINT('',#6143);
#6146=VERTEX_POINT('',#6144);
#6147=CARTESIAN_POINT('',(1.5235E1,-3.3E0,-1.4435E1));
#6148=VERTEX_POINT('',#6147);
#6149=CARTESIAN_POINT('',(1.5235E1,-3.3E0,-1.3365E1));
#6150=VERTEX_POINT('',#6149);
#6151=CARTESIAN_POINT('',(1.5235E1,2.465E0,-1.3365E1));
#6152=VERTEX_POINT('',#6151);
#6153=CARTESIAN_POINT('',(1.5235E1,2.765E0,-1.3065E1));
#6154=VERTEX_POINT('',#6153);
#6155=CARTESIAN_POINT('',(1.5235E1,2.765E0,-4.7E0));
#6156=CARTESIAN_POINT('',(1.5235E1,3.835E0,-4.7E0));
#6157=VERTEX_POINT('',#6155);
#6158=VERTEX_POINT('',#6156);
#6159=CARTESIAN_POINT('',(1.4165E1,3.835E0,-1.3065E1));
#6160=CARTESIAN_POINT('',(1.4165E1,2.465E0,-1.4435E1));
#6161=VERTEX_POINT('',#6159);
#6162=VERTEX_POINT('',#6160);
#6163=CARTESIAN_POINT('',(1.4165E1,-3.3E0,-1.4435E1));
#6164=VERTEX_POINT('',#6163);
#6165=CARTESIAN_POINT('',(1.4165E1,-3.3E0,-1.3365E1));
#6166=VERTEX_POINT('',#6165);
#6167=CARTESIAN_POINT('',(1.4165E1,2.465E0,-1.3365E1));
#6168=VERTEX_POINT('',#6167);
#6169=CARTESIAN_POINT('',(1.4165E1,2.765E0,-1.3065E1));
#6170=VERTEX_POINT('',#6169);
#6171=CARTESIAN_POINT('',(1.4165E1,2.765E0,-4.7E0));
#6172=CARTESIAN_POINT('',(1.4165E1,3.835E0,-4.7E0));
#6173=VERTEX_POINT('',#6171);
#6174=VERTEX_POINT('',#6172);
#6175=CARTESIAN_POINT('',(1.5235E1,2.765E0,-1.28E1));
#6176=CARTESIAN_POINT('',(1.5235E1,3.835E0,-1.28E1));
#6177=VERTEX_POINT('',#6175);
#6178=VERTEX_POINT('',#6176);
#6179=CARTESIAN_POINT('',(1.4165E1,2.765E0,-1.28E1));
#6180=CARTESIAN_POINT('',(1.4165E1,3.835E0,-1.28E1));
#6181=VERTEX_POINT('',#6179);
#6182=VERTEX_POINT('',#6180);
#6183=CARTESIAN_POINT('',(1.5235E1,2.765E0,-1.E1));
#6184=CARTESIAN_POINT('',(1.5235E1,3.835E0,-1.E1));
#6185=VERTEX_POINT('',#6183);
#6186=VERTEX_POINT('',#6184);
#6187=CARTESIAN_POINT('',(1.4165E1,2.765E0,-1.E1));
#6188=CARTESIAN_POINT('',(1.4165E1,3.835E0,-1.E1));
#6189=VERTEX_POINT('',#6187);
#6190=VERTEX_POINT('',#6188);
#6191=CARTESIAN_POINT('',(1.1035E1,3.835E0,-1.3065E1));
#6192=CARTESIAN_POINT('',(1.1035E1,2.465E0,-1.4435E1));
#6193=VERTEX_POINT('',#6191);
#6194=VERTEX_POINT('',#6192);
#6195=CARTESIAN_POINT('',(1.1035E1,-3.3E0,-1.4435E1));
#6196=VERTEX_POINT('',#6195);
#6197=CARTESIAN_POINT('',(1.1035E1,-3.3E0,-1.3365E1));
#6198=VERTEX_POINT('',#6197);
#6199=CARTESIAN_POINT('',(1.1035E1,2.465E0,-1.3365E1));
#6200=VERTEX_POINT('',#6199);
#6201=CARTESIAN_POINT('',(1.1035E1,2.765E0,-1.3065E1));
#6202=VERTEX_POINT('',#6201);
#6203=CARTESIAN_POINT('',(1.1035E1,2.765E0,-4.7E0));
#6204=CARTESIAN_POINT('',(1.1035E1,3.835E0,-4.7E0));
#6205=VERTEX_POINT('',#6203);
#6206=VERTEX_POINT('',#6204);
#6207=CARTESIAN_POINT('',(9.965E0,3.835E0,-1.3065E1));
#6208=CARTESIAN_POINT('',(9.965E0,2.465E0,-1.4435E1));
#6209=VERTEX_POINT('',#6207);
#6210=VERTEX_POINT('',#6208);
#6211=CARTESIAN_POINT('',(9.965E0,-3.3E0,-1.4435E1));
#6212=VERTEX_POINT('',#6211);
#6213=CARTESIAN_POINT('',(9.965E0,-3.3E0,-1.3365E1));
#6214=VERTEX_POINT('',#6213);
#6215=CARTESIAN_POINT('',(9.965E0,2.465E0,-1.3365E1));
#6216=VERTEX_POINT('',#6215);
#6217=CARTESIAN_POINT('',(9.965E0,2.765E0,-1.3065E1));
#6218=VERTEX_POINT('',#6217);
#6219=CARTESIAN_POINT('',(9.965E0,2.765E0,-4.7E0));
#6220=CARTESIAN_POINT('',(9.965E0,3.835E0,-4.7E0));
#6221=VERTEX_POINT('',#6219);
#6222=VERTEX_POINT('',#6220);
#6223=CARTESIAN_POINT('',(1.1035E1,2.765E0,-1.28E1));
#6224=CARTESIAN_POINT('',(1.1035E1,3.835E0,-1.28E1));
#6225=VERTEX_POINT('',#6223);
#6226=VERTEX_POINT('',#6224);
#6227=CARTESIAN_POINT('',(9.965E0,2.765E0,-1.28E1));
#6228=CARTESIAN_POINT('',(9.965E0,3.835E0,-1.28E1));
#6229=VERTEX_POINT('',#6227);
#6230=VERTEX_POINT('',#6228);
#6231=CARTESIAN_POINT('',(1.1035E1,2.765E0,-1.E1));
#6232=CARTESIAN_POINT('',(1.1035E1,3.835E0,-1.E1));
#6233=VERTEX_POINT('',#6231);
#6234=VERTEX_POINT('',#6232);
#6235=CARTESIAN_POINT('',(9.965E0,2.765E0,-1.E1));
#6236=CARTESIAN_POINT('',(9.965E0,3.835E0,-1.E1));
#6237=VERTEX_POINT('',#6235);
#6238=VERTEX_POINT('',#6236);
#6239=CARTESIAN_POINT('',(6.835E0,3.835E0,-1.3065E1));
#6240=CARTESIAN_POINT('',(6.835E0,2.465E0,-1.4435E1));
#6241=VERTEX_POINT('',#6239);
#6242=VERTEX_POINT('',#6240);
#6243=CARTESIAN_POINT('',(6.835E0,-3.3E0,-1.4435E1));
#6244=VERTEX_POINT('',#6243);
#6245=CARTESIAN_POINT('',(6.835E0,-3.3E0,-1.3365E1));
#6246=VERTEX_POINT('',#6245);
#6247=CARTESIAN_POINT('',(6.835E0,2.465E0,-1.3365E1));
#6248=VERTEX_POINT('',#6247);
#6249=CARTESIAN_POINT('',(6.835E0,2.765E0,-1.3065E1));
#6250=VERTEX_POINT('',#6249);
#6251=CARTESIAN_POINT('',(6.835E0,2.765E0,-4.7E0));
#6252=CARTESIAN_POINT('',(6.835E0,3.835E0,-4.7E0));
#6253=VERTEX_POINT('',#6251);
#6254=VERTEX_POINT('',#6252);
#6255=CARTESIAN_POINT('',(5.765E0,3.835E0,-1.3065E1));
#6256=CARTESIAN_POINT('',(5.765E0,2.465E0,-1.4435E1));
#6257=VERTEX_POINT('',#6255);
#6258=VERTEX_POINT('',#6256);
#6259=CARTESIAN_POINT('',(5.765E0,-3.3E0,-1.4435E1));
#6260=VERTEX_POINT('',#6259);
#6261=CARTESIAN_POINT('',(5.765E0,-3.3E0,-1.3365E1));
#6262=VERTEX_POINT('',#6261);
#6263=CARTESIAN_POINT('',(5.765E0,2.465E0,-1.3365E1));
#6264=VERTEX_POINT('',#6263);
#6265=CARTESIAN_POINT('',(5.765E0,2.765E0,-1.3065E1));
#6266=VERTEX_POINT('',#6265);
#6267=CARTESIAN_POINT('',(5.765E0,2.765E0,-4.7E0));
#6268=CARTESIAN_POINT('',(5.765E0,3.835E0,-4.7E0));
#6269=VERTEX_POINT('',#6267);
#6270=VERTEX_POINT('',#6268);
#6271=CARTESIAN_POINT('',(6.835E0,2.765E0,-1.28E1));
#6272=CARTESIAN_POINT('',(6.835E0,3.835E0,-1.28E1));
#6273=VERTEX_POINT('',#6271);
#6274=VERTEX_POINT('',#6272);
#6275=CARTESIAN_POINT('',(5.765E0,2.765E0,-1.28E1));
#6276=CARTESIAN_POINT('',(5.765E0,3.835E0,-1.28E1));
#6277=VERTEX_POINT('',#6275);
#6278=VERTEX_POINT('',#6276);
#6279=CARTESIAN_POINT('',(6.835E0,2.765E0,-1.E1));
#6280=CARTESIAN_POINT('',(6.835E0,3.835E0,-1.E1));
#6281=VERTEX_POINT('',#6279);
#6282=VERTEX_POINT('',#6280);
#6283=CARTESIAN_POINT('',(5.765E0,2.765E0,-1.E1));
#6284=CARTESIAN_POINT('',(5.765E0,3.835E0,-1.E1));
#6285=VERTEX_POINT('',#6283);
#6286=VERTEX_POINT('',#6284);
#6287=CARTESIAN_POINT('',(2.635E0,3.835E0,-1.3065E1));
#6288=CARTESIAN_POINT('',(2.635E0,2.465E0,-1.4435E1));
#6289=VERTEX_POINT('',#6287);
#6290=VERTEX_POINT('',#6288);
#6291=CARTESIAN_POINT('',(2.635E0,-3.3E0,-1.4435E1));
#6292=VERTEX_POINT('',#6291);
#6293=CARTESIAN_POINT('',(2.635E0,-3.3E0,-1.3365E1));
#6294=VERTEX_POINT('',#6293);
#6295=CARTESIAN_POINT('',(2.635E0,2.465E0,-1.3365E1));
#6296=VERTEX_POINT('',#6295);
#6297=CARTESIAN_POINT('',(2.635E0,2.765E0,-1.3065E1));
#6298=VERTEX_POINT('',#6297);
#6299=CARTESIAN_POINT('',(2.635E0,2.765E0,-4.7E0));
#6300=CARTESIAN_POINT('',(2.635E0,3.835E0,-4.7E0));
#6301=VERTEX_POINT('',#6299);
#6302=VERTEX_POINT('',#6300);
#6303=CARTESIAN_POINT('',(1.565E0,3.835E0,-1.3065E1));
#6304=CARTESIAN_POINT('',(1.565E0,2.465E0,-1.4435E1));
#6305=VERTEX_POINT('',#6303);
#6306=VERTEX_POINT('',#6304);
#6307=CARTESIAN_POINT('',(1.565E0,-3.3E0,-1.4435E1));
#6308=VERTEX_POINT('',#6307);
#6309=CARTESIAN_POINT('',(1.565E0,-3.3E0,-1.3365E1));
#6310=VERTEX_POINT('',#6309);
#6311=CARTESIAN_POINT('',(1.565E0,2.465E0,-1.3365E1));
#6312=VERTEX_POINT('',#6311);
#6313=CARTESIAN_POINT('',(1.565E0,2.765E0,-1.3065E1));
#6314=VERTEX_POINT('',#6313);
#6315=CARTESIAN_POINT('',(1.565E0,2.765E0,-4.7E0));
#6316=CARTESIAN_POINT('',(1.565E0,3.835E0,-4.7E0));
#6317=VERTEX_POINT('',#6315);
#6318=VERTEX_POINT('',#6316);
#6319=CARTESIAN_POINT('',(2.635E0,2.765E0,-1.28E1));
#6320=CARTESIAN_POINT('',(2.635E0,3.835E0,-1.28E1));
#6321=VERTEX_POINT('',#6319);
#6322=VERTEX_POINT('',#6320);
#6323=CARTESIAN_POINT('',(1.565E0,2.765E0,-1.28E1));
#6324=CARTESIAN_POINT('',(1.565E0,3.835E0,-1.28E1));
#6325=VERTEX_POINT('',#6323);
#6326=VERTEX_POINT('',#6324);
#6327=CARTESIAN_POINT('',(2.635E0,3.835E0,-1.E1));
#6328=VERTEX_POINT('',#6327);
#6329=CARTESIAN_POINT('',(2.635E0,2.765E0,-1.E1));
#6330=VERTEX_POINT('',#6329);
#6331=CARTESIAN_POINT('',(1.565E0,3.835E0,-1.E1));
#6332=VERTEX_POINT('',#6331);
#6333=CARTESIAN_POINT('',(1.565E0,2.765E0,-1.E1));
#6334=VERTEX_POINT('',#6333);
#6335=CARTESIAN_POINT('',(-1.565E0,8.035E0,-1.8365E1));
#6336=CARTESIAN_POINT('',(-1.565E0,6.465E0,-1.9935E1));
#6337=VERTEX_POINT('',#6335);
#6338=VERTEX_POINT('',#6336);
#6339=CARTESIAN_POINT('',(-1.565E0,-3.3E0,-1.9935E1));
#6340=VERTEX_POINT('',#6339);
#6341=CARTESIAN_POINT('',(-1.565E0,-3.3E0,-1.8865E1));
#6342=VERTEX_POINT('',#6341);
#6343=CARTESIAN_POINT('',(-1.565E0,6.465E0,-1.8865E1));
#6344=VERTEX_POINT('',#6343);
#6345=CARTESIAN_POINT('',(-1.565E0,6.965E0,-1.8365E1));
#6346=VERTEX_POINT('',#6345);
#6347=CARTESIAN_POINT('',(-1.565E0,6.965E0,-4.7E0));
#6348=CARTESIAN_POINT('',(-1.565E0,8.035E0,-4.7E0));
#6349=VERTEX_POINT('',#6347);
#6350=VERTEX_POINT('',#6348);
#6351=CARTESIAN_POINT('',(-2.635E0,8.035E0,-1.8365E1));
#6352=CARTESIAN_POINT('',(-2.635E0,6.465E0,-1.9935E1));
#6353=VERTEX_POINT('',#6351);
#6354=VERTEX_POINT('',#6352);
#6355=CARTESIAN_POINT('',(-2.635E0,-3.3E0,-1.9935E1));
#6356=VERTEX_POINT('',#6355);
#6357=CARTESIAN_POINT('',(-2.635E0,-3.3E0,-1.8865E1));
#6358=VERTEX_POINT('',#6357);
#6359=CARTESIAN_POINT('',(-2.635E0,6.465E0,-1.8865E1));
#6360=VERTEX_POINT('',#6359);
#6361=CARTESIAN_POINT('',(-2.635E0,6.965E0,-1.8365E1));
#6362=VERTEX_POINT('',#6361);
#6363=CARTESIAN_POINT('',(-2.635E0,6.965E0,-4.7E0));
#6364=CARTESIAN_POINT('',(-2.635E0,8.035E0,-4.7E0));
#6365=VERTEX_POINT('',#6363);
#6366=VERTEX_POINT('',#6364);
#6367=CARTESIAN_POINT('',(-1.565E0,6.965E0,-1.28E1));
#6368=CARTESIAN_POINT('',(-1.565E0,8.035E0,-1.28E1));
#6369=VERTEX_POINT('',#6367);
#6370=VERTEX_POINT('',#6368);
#6371=CARTESIAN_POINT('',(-2.635E0,6.965E0,-1.28E1));
#6372=CARTESIAN_POINT('',(-2.635E0,8.035E0,-1.28E1));
#6373=VERTEX_POINT('',#6371);
#6374=VERTEX_POINT('',#6372);
#6375=CARTESIAN_POINT('',(-1.565E0,8.035E0,-1.E1));
#6376=VERTEX_POINT('',#6375);
#6377=CARTESIAN_POINT('',(-1.565E0,6.965E0,-1.E1));
#6378=VERTEX_POINT('',#6377);
#6379=CARTESIAN_POINT('',(-2.635E0,8.035E0,-1.E1));
#6380=VERTEX_POINT('',#6379);
#6381=CARTESIAN_POINT('',(-2.635E0,6.965E0,-1.E1));
#6382=VERTEX_POINT('',#6381);
#6383=CARTESIAN_POINT('',(-5.765E0,8.035E0,-1.8365E1));
#6384=CARTESIAN_POINT('',(-5.765E0,6.465E0,-1.9935E1));
#6385=VERTEX_POINT('',#6383);
#6386=VERTEX_POINT('',#6384);
#6387=CARTESIAN_POINT('',(-5.765E0,-3.3E0,-1.9935E1));
#6388=VERTEX_POINT('',#6387);
#6389=CARTESIAN_POINT('',(-5.765E0,-3.3E0,-1.8865E1));
#6390=VERTEX_POINT('',#6389);
#6391=CARTESIAN_POINT('',(-5.765E0,6.465E0,-1.8865E1));
#6392=VERTEX_POINT('',#6391);
#6393=CARTESIAN_POINT('',(-5.765E0,6.965E0,-1.8365E1));
#6394=VERTEX_POINT('',#6393);
#6395=CARTESIAN_POINT('',(-5.765E0,6.965E0,-4.7E0));
#6396=CARTESIAN_POINT('',(-5.765E0,8.035E0,-4.7E0));
#6397=VERTEX_POINT('',#6395);
#6398=VERTEX_POINT('',#6396);
#6399=CARTESIAN_POINT('',(-6.835E0,8.035E0,-1.8365E1));
#6400=CARTESIAN_POINT('',(-6.835E0,6.465E0,-1.9935E1));
#6401=VERTEX_POINT('',#6399);
#6402=VERTEX_POINT('',#6400);
#6403=CARTESIAN_POINT('',(-6.835E0,-3.3E0,-1.9935E1));
#6404=VERTEX_POINT('',#6403);
#6405=CARTESIAN_POINT('',(-6.835E0,-3.3E0,-1.8865E1));
#6406=VERTEX_POINT('',#6405);
#6407=CARTESIAN_POINT('',(-6.835E0,6.465E0,-1.8865E1));
#6408=VERTEX_POINT('',#6407);
#6409=CARTESIAN_POINT('',(-6.835E0,6.965E0,-1.8365E1));
#6410=VERTEX_POINT('',#6409);
#6411=CARTESIAN_POINT('',(-6.835E0,6.965E0,-4.7E0));
#6412=CARTESIAN_POINT('',(-6.835E0,8.035E0,-4.7E0));
#6413=VERTEX_POINT('',#6411);
#6414=VERTEX_POINT('',#6412);
#6415=CARTESIAN_POINT('',(-5.765E0,6.965E0,-1.28E1));
#6416=CARTESIAN_POINT('',(-5.765E0,8.035E0,-1.28E1));
#6417=VERTEX_POINT('',#6415);
#6418=VERTEX_POINT('',#6416);
#6419=CARTESIAN_POINT('',(-6.835E0,6.965E0,-1.28E1));
#6420=CARTESIAN_POINT('',(-6.835E0,8.035E0,-1.28E1));
#6421=VERTEX_POINT('',#6419);
#6422=VERTEX_POINT('',#6420);
#6423=CARTESIAN_POINT('',(-5.765E0,8.035E0,-1.E1));
#6424=VERTEX_POINT('',#6423);
#6425=CARTESIAN_POINT('',(-5.765E0,6.965E0,-1.E1));
#6426=VERTEX_POINT('',#6425);
#6427=CARTESIAN_POINT('',(-6.835E0,8.035E0,-1.E1));
#6428=VERTEX_POINT('',#6427);
#6429=CARTESIAN_POINT('',(-6.835E0,6.965E0,-1.E1));
#6430=VERTEX_POINT('',#6429);
#6431=CARTESIAN_POINT('',(-9.965E0,8.035E0,-1.8365E1));
#6432=CARTESIAN_POINT('',(-9.965E0,6.465E0,-1.9935E1));
#6433=VERTEX_POINT('',#6431);
#6434=VERTEX_POINT('',#6432);
#6435=CARTESIAN_POINT('',(-9.965E0,-3.3E0,-1.9935E1));
#6436=VERTEX_POINT('',#6435);
#6437=CARTESIAN_POINT('',(-9.965E0,-3.3E0,-1.8865E1));
#6438=VERTEX_POINT('',#6437);
#6439=CARTESIAN_POINT('',(-9.965E0,6.465E0,-1.8865E1));
#6440=VERTEX_POINT('',#6439);
#6441=CARTESIAN_POINT('',(-9.965E0,6.965E0,-1.8365E1));
#6442=VERTEX_POINT('',#6441);
#6443=CARTESIAN_POINT('',(-9.965E0,6.965E0,-4.7E0));
#6444=CARTESIAN_POINT('',(-9.965E0,8.035E0,-4.7E0));
#6445=VERTEX_POINT('',#6443);
#6446=VERTEX_POINT('',#6444);
#6447=CARTESIAN_POINT('',(-1.1035E1,8.035E0,-1.8365E1));
#6448=CARTESIAN_POINT('',(-1.1035E1,6.465E0,-1.9935E1));
#6449=VERTEX_POINT('',#6447);
#6450=VERTEX_POINT('',#6448);
#6451=CARTESIAN_POINT('',(-1.1035E1,-3.3E0,-1.9935E1));
#6452=VERTEX_POINT('',#6451);
#6453=CARTESIAN_POINT('',(-1.1035E1,-3.3E0,-1.8865E1));
#6454=VERTEX_POINT('',#6453);
#6455=CARTESIAN_POINT('',(-1.1035E1,6.465E0,-1.8865E1));
#6456=VERTEX_POINT('',#6455);
#6457=CARTESIAN_POINT('',(-1.1035E1,6.965E0,-1.8365E1));
#6458=VERTEX_POINT('',#6457);
#6459=CARTESIAN_POINT('',(-1.1035E1,6.965E0,-4.7E0));
#6460=CARTESIAN_POINT('',(-1.1035E1,8.035E0,-4.7E0));
#6461=VERTEX_POINT('',#6459);
#6462=VERTEX_POINT('',#6460);
#6463=CARTESIAN_POINT('',(-9.965E0,6.965E0,-1.28E1));
#6464=CARTESIAN_POINT('',(-9.965E0,8.035E0,-1.28E1));
#6465=VERTEX_POINT('',#6463);
#6466=VERTEX_POINT('',#6464);
#6467=CARTESIAN_POINT('',(-1.1035E1,6.965E0,-1.28E1));
#6468=CARTESIAN_POINT('',(-1.1035E1,8.035E0,-1.28E1));
#6469=VERTEX_POINT('',#6467);
#6470=VERTEX_POINT('',#6468);
#6471=CARTESIAN_POINT('',(-9.965E0,8.035E0,-1.E1));
#6472=VERTEX_POINT('',#6471);
#6473=CARTESIAN_POINT('',(-9.965E0,6.965E0,-1.E1));
#6474=VERTEX_POINT('',#6473);
#6475=CARTESIAN_POINT('',(-1.1035E1,8.035E0,-1.E1));
#6476=VERTEX_POINT('',#6475);
#6477=CARTESIAN_POINT('',(-1.1035E1,6.965E0,-1.E1));
#6478=VERTEX_POINT('',#6477);
#6479=CARTESIAN_POINT('',(-1.4165E1,8.035E0,-1.8365E1));
#6480=CARTESIAN_POINT('',(-1.4165E1,6.465E0,-1.9935E1));
#6481=VERTEX_POINT('',#6479);
#6482=VERTEX_POINT('',#6480);
#6483=CARTESIAN_POINT('',(-1.4165E1,-3.3E0,-1.9935E1));
#6484=VERTEX_POINT('',#6483);
#6485=CARTESIAN_POINT('',(-1.4165E1,-3.3E0,-1.8865E1));
#6486=VERTEX_POINT('',#6485);
#6487=CARTESIAN_POINT('',(-1.4165E1,6.465E0,-1.8865E1));
#6488=VERTEX_POINT('',#6487);
#6489=CARTESIAN_POINT('',(-1.4165E1,6.965E0,-1.8365E1));
#6490=VERTEX_POINT('',#6489);
#6491=CARTESIAN_POINT('',(-1.4165E1,6.965E0,-4.7E0));
#6492=CARTESIAN_POINT('',(-1.4165E1,8.035E0,-4.7E0));
#6493=VERTEX_POINT('',#6491);
#6494=VERTEX_POINT('',#6492);
#6495=CARTESIAN_POINT('',(-1.5235E1,8.035E0,-1.8365E1));
#6496=CARTESIAN_POINT('',(-1.5235E1,6.465E0,-1.9935E1));
#6497=VERTEX_POINT('',#6495);
#6498=VERTEX_POINT('',#6496);
#6499=CARTESIAN_POINT('',(-1.5235E1,-3.3E0,-1.9935E1));
#6500=VERTEX_POINT('',#6499);
#6501=CARTESIAN_POINT('',(-1.5235E1,-3.3E0,-1.8865E1));
#6502=VERTEX_POINT('',#6501);
#6503=CARTESIAN_POINT('',(-1.5235E1,6.465E0,-1.8865E1));
#6504=VERTEX_POINT('',#6503);
#6505=CARTESIAN_POINT('',(-1.5235E1,6.965E0,-1.8365E1));
#6506=VERTEX_POINT('',#6505);
#6507=CARTESIAN_POINT('',(-1.5235E1,6.965E0,-4.7E0));
#6508=CARTESIAN_POINT('',(-1.5235E1,8.035E0,-4.7E0));
#6509=VERTEX_POINT('',#6507);
#6510=VERTEX_POINT('',#6508);
#6511=CARTESIAN_POINT('',(-1.4165E1,6.965E0,-1.28E1));
#6512=CARTESIAN_POINT('',(-1.4165E1,8.035E0,-1.28E1));
#6513=VERTEX_POINT('',#6511);
#6514=VERTEX_POINT('',#6512);
#6515=CARTESIAN_POINT('',(-1.5235E1,6.965E0,-1.28E1));
#6516=CARTESIAN_POINT('',(-1.5235E1,8.035E0,-1.28E1));
#6517=VERTEX_POINT('',#6515);
#6518=VERTEX_POINT('',#6516);
#6519=CARTESIAN_POINT('',(-1.4165E1,8.035E0,-1.E1));
#6520=VERTEX_POINT('',#6519);
#6521=CARTESIAN_POINT('',(-1.4165E1,6.965E0,-1.E1));
#6522=VERTEX_POINT('',#6521);
#6523=CARTESIAN_POINT('',(-1.5235E1,8.035E0,-1.E1));
#6524=VERTEX_POINT('',#6523);
#6525=CARTESIAN_POINT('',(-1.5235E1,6.965E0,-1.E1));
#6526=VERTEX_POINT('',#6525);
#6527=CARTESIAN_POINT('',(-1.8365E1,8.035E0,-1.8365E1));
#6528=CARTESIAN_POINT('',(-1.8365E1,6.465E0,-1.9935E1));
#6529=VERTEX_POINT('',#6527);
#6530=VERTEX_POINT('',#6528);
#6531=CARTESIAN_POINT('',(-1.8365E1,-3.3E0,-1.9935E1));
#6532=VERTEX_POINT('',#6531);
#6533=CARTESIAN_POINT('',(-1.8365E1,-3.3E0,-1.8865E1));
#6534=VERTEX_POINT('',#6533);
#6535=CARTESIAN_POINT('',(-1.8365E1,6.465E0,-1.8865E1));
#6536=VERTEX_POINT('',#6535);
#6537=CARTESIAN_POINT('',(-1.8365E1,6.965E0,-1.8365E1));
#6538=VERTEX_POINT('',#6537);
#6539=CARTESIAN_POINT('',(-1.8365E1,6.965E0,-4.7E0));
#6540=CARTESIAN_POINT('',(-1.8365E1,8.035E0,-4.7E0));
#6541=VERTEX_POINT('',#6539);
#6542=VERTEX_POINT('',#6540);
#6543=CARTESIAN_POINT('',(-1.9435E1,8.035E0,-1.8365E1));
#6544=CARTESIAN_POINT('',(-1.9435E1,6.465E0,-1.9935E1));
#6545=VERTEX_POINT('',#6543);
#6546=VERTEX_POINT('',#6544);
#6547=CARTESIAN_POINT('',(-1.9435E1,-3.3E0,-1.9935E1));
#6548=VERTEX_POINT('',#6547);
#6549=CARTESIAN_POINT('',(-1.9435E1,-3.3E0,-1.8865E1));
#6550=VERTEX_POINT('',#6549);
#6551=CARTESIAN_POINT('',(-1.9435E1,6.465E0,-1.8865E1));
#6552=VERTEX_POINT('',#6551);
#6553=CARTESIAN_POINT('',(-1.9435E1,6.965E0,-1.8365E1));
#6554=VERTEX_POINT('',#6553);
#6555=CARTESIAN_POINT('',(-1.9435E1,6.965E0,-4.7E0));
#6556=CARTESIAN_POINT('',(-1.9435E1,8.035E0,-4.7E0));
#6557=VERTEX_POINT('',#6555);
#6558=VERTEX_POINT('',#6556);
#6559=CARTESIAN_POINT('',(-1.8365E1,6.965E0,-1.28E1));
#6560=CARTESIAN_POINT('',(-1.8365E1,8.035E0,-1.28E1));
#6561=VERTEX_POINT('',#6559);
#6562=VERTEX_POINT('',#6560);
#6563=CARTESIAN_POINT('',(-1.9435E1,6.965E0,-1.28E1));
#6564=CARTESIAN_POINT('',(-1.9435E1,8.035E0,-1.28E1));
#6565=VERTEX_POINT('',#6563);
#6566=VERTEX_POINT('',#6564);
#6567=CARTESIAN_POINT('',(-1.8365E1,8.035E0,-1.E1));
#6568=VERTEX_POINT('',#6567);
#6569=CARTESIAN_POINT('',(-1.8365E1,6.965E0,-1.E1));
#6570=VERTEX_POINT('',#6569);
#6571=CARTESIAN_POINT('',(-1.9435E1,8.035E0,-1.E1));
#6572=VERTEX_POINT('',#6571);
#6573=CARTESIAN_POINT('',(-1.9435E1,6.965E0,-1.E1));
#6574=VERTEX_POINT('',#6573);
#6575=CARTESIAN_POINT('',(-2.2565E1,8.035E0,-1.8365E1));
#6576=CARTESIAN_POINT('',(-2.2565E1,6.465E0,-1.9935E1));
#6577=VERTEX_POINT('',#6575);
#6578=VERTEX_POINT('',#6576);
#6579=CARTESIAN_POINT('',(-2.2565E1,-3.3E0,-1.9935E1));
#6580=VERTEX_POINT('',#6579);
#6581=CARTESIAN_POINT('',(-2.2565E1,-3.3E0,-1.8865E1));
#6582=VERTEX_POINT('',#6581);
#6583=CARTESIAN_POINT('',(-2.2565E1,6.465E0,-1.8865E1));
#6584=VERTEX_POINT('',#6583);
#6585=CARTESIAN_POINT('',(-2.2565E1,6.965E0,-1.8365E1));
#6586=VERTEX_POINT('',#6585);
#6587=CARTESIAN_POINT('',(-2.2565E1,6.965E0,-4.7E0));
#6588=CARTESIAN_POINT('',(-2.2565E1,8.035E0,-4.7E0));
#6589=VERTEX_POINT('',#6587);
#6590=VERTEX_POINT('',#6588);
#6591=CARTESIAN_POINT('',(-2.3635E1,8.035E0,-1.8365E1));
#6592=CARTESIAN_POINT('',(-2.3635E1,6.465E0,-1.9935E1));
#6593=VERTEX_POINT('',#6591);
#6594=VERTEX_POINT('',#6592);
#6595=CARTESIAN_POINT('',(-2.3635E1,-3.3E0,-1.9935E1));
#6596=VERTEX_POINT('',#6595);
#6597=CARTESIAN_POINT('',(-2.3635E1,-3.3E0,-1.8865E1));
#6598=VERTEX_POINT('',#6597);
#6599=CARTESIAN_POINT('',(-2.3635E1,6.465E0,-1.8865E1));
#6600=VERTEX_POINT('',#6599);
#6601=CARTESIAN_POINT('',(-2.3635E1,6.965E0,-1.8365E1));
#6602=VERTEX_POINT('',#6601);
#6603=CARTESIAN_POINT('',(-2.3635E1,6.965E0,-4.7E0));
#6604=CARTESIAN_POINT('',(-2.3635E1,8.035E0,-4.7E0));
#6605=VERTEX_POINT('',#6603);
#6606=VERTEX_POINT('',#6604);
#6607=CARTESIAN_POINT('',(-2.2565E1,6.965E0,-1.28E1));
#6608=CARTESIAN_POINT('',(-2.2565E1,8.035E0,-1.28E1));
#6609=VERTEX_POINT('',#6607);
#6610=VERTEX_POINT('',#6608);
#6611=CARTESIAN_POINT('',(-2.3635E1,6.965E0,-1.28E1));
#6612=CARTESIAN_POINT('',(-2.3635E1,8.035E0,-1.28E1));
#6613=VERTEX_POINT('',#6611);
#6614=VERTEX_POINT('',#6612);
#6615=CARTESIAN_POINT('',(-2.2565E1,6.965E0,-1.E1));
#6616=CARTESIAN_POINT('',(-2.2565E1,8.035E0,-1.E1));
#6617=VERTEX_POINT('',#6615);
#6618=VERTEX_POINT('',#6616);
#6619=CARTESIAN_POINT('',(-2.3635E1,6.965E0,-1.E1));
#6620=CARTESIAN_POINT('',(-2.3635E1,8.035E0,-1.E1));
#6621=VERTEX_POINT('',#6619);
#6622=VERTEX_POINT('',#6620);
#6623=CARTESIAN_POINT('',(-1.565E0,3.835E0,-1.3065E1));
#6624=CARTESIAN_POINT('',(-1.565E0,2.465E0,-1.4435E1));
#6625=VERTEX_POINT('',#6623);
#6626=VERTEX_POINT('',#6624);
#6627=CARTESIAN_POINT('',(-1.565E0,-3.3E0,-1.4435E1));
#6628=VERTEX_POINT('',#6627);
#6629=CARTESIAN_POINT('',(-1.565E0,-3.3E0,-1.3365E1));
#6630=VERTEX_POINT('',#6629);
#6631=CARTESIAN_POINT('',(-1.565E0,2.465E0,-1.3365E1));
#6632=VERTEX_POINT('',#6631);
#6633=CARTESIAN_POINT('',(-1.565E0,2.765E0,-1.3065E1));
#6634=VERTEX_POINT('',#6633);
#6635=CARTESIAN_POINT('',(-1.565E0,2.765E0,-4.7E0));
#6636=CARTESIAN_POINT('',(-1.565E0,3.835E0,-4.7E0));
#6637=VERTEX_POINT('',#6635);
#6638=VERTEX_POINT('',#6636);
#6639=CARTESIAN_POINT('',(-2.635E0,3.835E0,-1.3065E1));
#6640=CARTESIAN_POINT('',(-2.635E0,2.465E0,-1.4435E1));
#6641=VERTEX_POINT('',#6639);
#6642=VERTEX_POINT('',#6640);
#6643=CARTESIAN_POINT('',(-2.635E0,-3.3E0,-1.4435E1));
#6644=VERTEX_POINT('',#6643);
#6645=CARTESIAN_POINT('',(-2.635E0,-3.3E0,-1.3365E1));
#6646=VERTEX_POINT('',#6645);
#6647=CARTESIAN_POINT('',(-2.635E0,2.465E0,-1.3365E1));
#6648=VERTEX_POINT('',#6647);
#6649=CARTESIAN_POINT('',(-2.635E0,2.765E0,-1.3065E1));
#6650=VERTEX_POINT('',#6649);
#6651=CARTESIAN_POINT('',(-2.635E0,2.765E0,-4.7E0));
#6652=CARTESIAN_POINT('',(-2.635E0,3.835E0,-4.7E0));
#6653=VERTEX_POINT('',#6651);
#6654=VERTEX_POINT('',#6652);
#6655=CARTESIAN_POINT('',(-1.565E0,2.765E0,-1.28E1));
#6656=CARTESIAN_POINT('',(-1.565E0,3.835E0,-1.28E1));
#6657=VERTEX_POINT('',#6655);
#6658=VERTEX_POINT('',#6656);
#6659=CARTESIAN_POINT('',(-2.635E0,2.765E0,-1.28E1));
#6660=CARTESIAN_POINT('',(-2.635E0,3.835E0,-1.28E1));
#6661=VERTEX_POINT('',#6659);
#6662=VERTEX_POINT('',#6660);
#6663=CARTESIAN_POINT('',(-1.565E0,3.835E0,-1.E1));
#6664=VERTEX_POINT('',#6663);
#6665=CARTESIAN_POINT('',(-1.565E0,2.765E0,-1.E1));
#6666=VERTEX_POINT('',#6665);
#6667=CARTESIAN_POINT('',(-2.635E0,3.835E0,-1.E1));
#6668=VERTEX_POINT('',#6667);
#6669=CARTESIAN_POINT('',(-2.635E0,2.765E0,-1.E1));
#6670=VERTEX_POINT('',#6669);
#6671=CARTESIAN_POINT('',(-5.765E0,3.835E0,-1.3065E1));
#6672=CARTESIAN_POINT('',(-5.765E0,2.465E0,-1.4435E1));
#6673=VERTEX_POINT('',#6671);
#6674=VERTEX_POINT('',#6672);
#6675=CARTESIAN_POINT('',(-5.765E0,-3.3E0,-1.4435E1));
#6676=VERTEX_POINT('',#6675);
#6677=CARTESIAN_POINT('',(-5.765E0,-3.3E0,-1.3365E1));
#6678=VERTEX_POINT('',#6677);
#6679=CARTESIAN_POINT('',(-5.765E0,2.465E0,-1.3365E1));
#6680=VERTEX_POINT('',#6679);
#6681=CARTESIAN_POINT('',(-5.765E0,2.765E0,-1.3065E1));
#6682=VERTEX_POINT('',#6681);
#6683=CARTESIAN_POINT('',(-5.765E0,2.765E0,-4.7E0));
#6684=CARTESIAN_POINT('',(-5.765E0,3.835E0,-4.7E0));
#6685=VERTEX_POINT('',#6683);
#6686=VERTEX_POINT('',#6684);
#6687=CARTESIAN_POINT('',(-6.835E0,3.835E0,-1.3065E1));
#6688=CARTESIAN_POINT('',(-6.835E0,2.465E0,-1.4435E1));
#6689=VERTEX_POINT('',#6687);
#6690=VERTEX_POINT('',#6688);
#6691=CARTESIAN_POINT('',(-6.835E0,-3.3E0,-1.4435E1));
#6692=VERTEX_POINT('',#6691);
#6693=CARTESIAN_POINT('',(-6.835E0,-3.3E0,-1.3365E1));
#6694=VERTEX_POINT('',#6693);
#6695=CARTESIAN_POINT('',(-6.835E0,2.465E0,-1.3365E1));
#6696=VERTEX_POINT('',#6695);
#6697=CARTESIAN_POINT('',(-6.835E0,2.765E0,-1.3065E1));
#6698=VERTEX_POINT('',#6697);
#6699=CARTESIAN_POINT('',(-6.835E0,2.765E0,-4.7E0));
#6700=CARTESIAN_POINT('',(-6.835E0,3.835E0,-4.7E0));
#6701=VERTEX_POINT('',#6699);
#6702=VERTEX_POINT('',#6700);
#6703=CARTESIAN_POINT('',(-5.765E0,2.765E0,-1.28E1));
#6704=CARTESIAN_POINT('',(-5.765E0,3.835E0,-1.28E1));
#6705=VERTEX_POINT('',#6703);
#6706=VERTEX_POINT('',#6704);
#6707=CARTESIAN_POINT('',(-6.835E0,2.765E0,-1.28E1));
#6708=CARTESIAN_POINT('',(-6.835E0,3.835E0,-1.28E1));
#6709=VERTEX_POINT('',#6707);
#6710=VERTEX_POINT('',#6708);
#6711=CARTESIAN_POINT('',(-5.765E0,3.835E0,-1.E1));
#6712=VERTEX_POINT('',#6711);
#6713=CARTESIAN_POINT('',(-5.765E0,2.765E0,-1.E1));
#6714=VERTEX_POINT('',#6713);
#6715=CARTESIAN_POINT('',(-6.835E0,3.835E0,-1.E1));
#6716=VERTEX_POINT('',#6715);
#6717=CARTESIAN_POINT('',(-6.835E0,2.765E0,-1.E1));
#6718=VERTEX_POINT('',#6717);
#6719=CARTESIAN_POINT('',(-9.965E0,3.835E0,-1.3065E1));
#6720=CARTESIAN_POINT('',(-9.965E0,2.465E0,-1.4435E1));
#6721=VERTEX_POINT('',#6719);
#6722=VERTEX_POINT('',#6720);
#6723=CARTESIAN_POINT('',(-9.965E0,-3.3E0,-1.4435E1));
#6724=VERTEX_POINT('',#6723);
#6725=CARTESIAN_POINT('',(-9.965E0,-3.3E0,-1.3365E1));
#6726=VERTEX_POINT('',#6725);
#6727=CARTESIAN_POINT('',(-9.965E0,2.465E0,-1.3365E1));
#6728=VERTEX_POINT('',#6727);
#6729=CARTESIAN_POINT('',(-9.965E0,2.765E0,-1.3065E1));
#6730=VERTEX_POINT('',#6729);
#6731=CARTESIAN_POINT('',(-9.965E0,2.765E0,-4.7E0));
#6732=CARTESIAN_POINT('',(-9.965E0,3.835E0,-4.7E0));
#6733=VERTEX_POINT('',#6731);
#6734=VERTEX_POINT('',#6732);
#6735=CARTESIAN_POINT('',(-1.1035E1,3.835E0,-1.3065E1));
#6736=CARTESIAN_POINT('',(-1.1035E1,2.465E0,-1.4435E1));
#6737=VERTEX_POINT('',#6735);
#6738=VERTEX_POINT('',#6736);
#6739=CARTESIAN_POINT('',(-1.1035E1,-3.3E0,-1.4435E1));
#6740=VERTEX_POINT('',#6739);
#6741=CARTESIAN_POINT('',(-1.1035E1,-3.3E0,-1.3365E1));
#6742=VERTEX_POINT('',#6741);
#6743=CARTESIAN_POINT('',(-1.1035E1,2.465E0,-1.3365E1));
#6744=VERTEX_POINT('',#6743);
#6745=CARTESIAN_POINT('',(-1.1035E1,2.765E0,-1.3065E1));
#6746=VERTEX_POINT('',#6745);
#6747=CARTESIAN_POINT('',(-1.1035E1,2.765E0,-4.7E0));
#6748=CARTESIAN_POINT('',(-1.1035E1,3.835E0,-4.7E0));
#6749=VERTEX_POINT('',#6747);
#6750=VERTEX_POINT('',#6748);
#6751=CARTESIAN_POINT('',(-9.965E0,2.765E0,-1.28E1));
#6752=CARTESIAN_POINT('',(-9.965E0,3.835E0,-1.28E1));
#6753=VERTEX_POINT('',#6751);
#6754=VERTEX_POINT('',#6752);
#6755=CARTESIAN_POINT('',(-1.1035E1,2.765E0,-1.28E1));
#6756=CARTESIAN_POINT('',(-1.1035E1,3.835E0,-1.28E1));
#6757=VERTEX_POINT('',#6755);
#6758=VERTEX_POINT('',#6756);
#6759=CARTESIAN_POINT('',(-9.965E0,3.835E0,-1.E1));
#6760=VERTEX_POINT('',#6759);
#6761=CARTESIAN_POINT('',(-9.965E0,2.765E0,-1.E1));
#6762=VERTEX_POINT('',#6761);
#6763=CARTESIAN_POINT('',(-1.1035E1,3.835E0,-1.E1));
#6764=VERTEX_POINT('',#6763);
#6765=CARTESIAN_POINT('',(-1.1035E1,2.765E0,-1.E1));
#6766=VERTEX_POINT('',#6765);
#6767=CARTESIAN_POINT('',(-1.4165E1,3.835E0,-1.3065E1));
#6768=CARTESIAN_POINT('',(-1.4165E1,2.465E0,-1.4435E1));
#6769=VERTEX_POINT('',#6767);
#6770=VERTEX_POINT('',#6768);
#6771=CARTESIAN_POINT('',(-1.4165E1,-3.3E0,-1.4435E1));
#6772=VERTEX_POINT('',#6771);
#6773=CARTESIAN_POINT('',(-1.4165E1,-3.3E0,-1.3365E1));
#6774=VERTEX_POINT('',#6773);
#6775=CARTESIAN_POINT('',(-1.4165E1,2.465E0,-1.3365E1));
#6776=VERTEX_POINT('',#6775);
#6777=CARTESIAN_POINT('',(-1.4165E1,2.765E0,-1.3065E1));
#6778=VERTEX_POINT('',#6777);
#6779=CARTESIAN_POINT('',(-1.4165E1,2.765E0,-4.7E0));
#6780=CARTESIAN_POINT('',(-1.4165E1,3.835E0,-4.7E0));
#6781=VERTEX_POINT('',#6779);
#6782=VERTEX_POINT('',#6780);
#6783=CARTESIAN_POINT('',(-1.5235E1,3.835E0,-1.3065E1));
#6784=CARTESIAN_POINT('',(-1.5235E1,2.465E0,-1.4435E1));
#6785=VERTEX_POINT('',#6783);
#6786=VERTEX_POINT('',#6784);
#6787=CARTESIAN_POINT('',(-1.5235E1,-3.3E0,-1.4435E1));
#6788=VERTEX_POINT('',#6787);
#6789=CARTESIAN_POINT('',(-1.5235E1,-3.3E0,-1.3365E1));
#6790=VERTEX_POINT('',#6789);
#6791=CARTESIAN_POINT('',(-1.5235E1,2.465E0,-1.3365E1));
#6792=VERTEX_POINT('',#6791);
#6793=CARTESIAN_POINT('',(-1.5235E1,2.765E0,-1.3065E1));
#6794=VERTEX_POINT('',#6793);
#6795=CARTESIAN_POINT('',(-1.5235E1,2.765E0,-4.7E0));
#6796=CARTESIAN_POINT('',(-1.5235E1,3.835E0,-4.7E0));
#6797=VERTEX_POINT('',#6795);
#6798=VERTEX_POINT('',#6796);
#6799=CARTESIAN_POINT('',(-1.4165E1,2.765E0,-1.28E1));
#6800=CARTESIAN_POINT('',(-1.4165E1,3.835E0,-1.28E1));
#6801=VERTEX_POINT('',#6799);
#6802=VERTEX_POINT('',#6800);
#6803=CARTESIAN_POINT('',(-1.5235E1,2.765E0,-1.28E1));
#6804=CARTESIAN_POINT('',(-1.5235E1,3.835E0,-1.28E1));
#6805=VERTEX_POINT('',#6803);
#6806=VERTEX_POINT('',#6804);
#6807=CARTESIAN_POINT('',(-1.4165E1,3.835E0,-1.E1));
#6808=VERTEX_POINT('',#6807);
#6809=CARTESIAN_POINT('',(-1.4165E1,2.765E0,-1.E1));
#6810=VERTEX_POINT('',#6809);
#6811=CARTESIAN_POINT('',(-1.5235E1,3.835E0,-1.E1));
#6812=VERTEX_POINT('',#6811);
#6813=CARTESIAN_POINT('',(-1.5235E1,2.765E0,-1.E1));
#6814=VERTEX_POINT('',#6813);
#6815=CARTESIAN_POINT('',(-1.8365E1,3.835E0,-1.3065E1));
#6816=CARTESIAN_POINT('',(-1.8365E1,2.465E0,-1.4435E1));
#6817=VERTEX_POINT('',#6815);
#6818=VERTEX_POINT('',#6816);
#6819=CARTESIAN_POINT('',(-1.8365E1,-3.3E0,-1.4435E1));
#6820=VERTEX_POINT('',#6819);
#6821=CARTESIAN_POINT('',(-1.8365E1,-3.3E0,-1.3365E1));
#6822=VERTEX_POINT('',#6821);
#6823=CARTESIAN_POINT('',(-1.8365E1,2.465E0,-1.3365E1));
#6824=VERTEX_POINT('',#6823);
#6825=CARTESIAN_POINT('',(-1.8365E1,2.765E0,-1.3065E1));
#6826=VERTEX_POINT('',#6825);
#6827=CARTESIAN_POINT('',(-1.8365E1,2.765E0,-4.7E0));
#6828=CARTESIAN_POINT('',(-1.8365E1,3.835E0,-4.7E0));
#6829=VERTEX_POINT('',#6827);
#6830=VERTEX_POINT('',#6828);
#6831=CARTESIAN_POINT('',(-1.9435E1,3.835E0,-1.3065E1));
#6832=CARTESIAN_POINT('',(-1.9435E1,2.465E0,-1.4435E1));
#6833=VERTEX_POINT('',#6831);
#6834=VERTEX_POINT('',#6832);
#6835=CARTESIAN_POINT('',(-1.9435E1,-3.3E0,-1.4435E1));
#6836=VERTEX_POINT('',#6835);
#6837=CARTESIAN_POINT('',(-1.9435E1,-3.3E0,-1.3365E1));
#6838=VERTEX_POINT('',#6837);
#6839=CARTESIAN_POINT('',(-1.9435E1,2.465E0,-1.3365E1));
#6840=VERTEX_POINT('',#6839);
#6841=CARTESIAN_POINT('',(-1.9435E1,2.765E0,-1.3065E1));
#6842=VERTEX_POINT('',#6841);
#6843=CARTESIAN_POINT('',(-1.9435E1,2.765E0,-4.7E0));
#6844=CARTESIAN_POINT('',(-1.9435E1,3.835E0,-4.7E0));
#6845=VERTEX_POINT('',#6843);
#6846=VERTEX_POINT('',#6844);
#6847=CARTESIAN_POINT('',(-1.8365E1,2.765E0,-1.28E1));
#6848=CARTESIAN_POINT('',(-1.8365E1,3.835E0,-1.28E1));
#6849=VERTEX_POINT('',#6847);
#6850=VERTEX_POINT('',#6848);
#6851=CARTESIAN_POINT('',(-1.9435E1,2.765E0,-1.28E1));
#6852=CARTESIAN_POINT('',(-1.9435E1,3.835E0,-1.28E1));
#6853=VERTEX_POINT('',#6851);
#6854=VERTEX_POINT('',#6852);
#6855=CARTESIAN_POINT('',(-1.8365E1,3.835E0,-1.E1));
#6856=VERTEX_POINT('',#6855);
#6857=CARTESIAN_POINT('',(-1.8365E1,2.765E0,-1.E1));
#6858=VERTEX_POINT('',#6857);
#6859=CARTESIAN_POINT('',(-1.9435E1,3.835E0,-1.E1));
#6860=VERTEX_POINT('',#6859);
#6861=CARTESIAN_POINT('',(-1.9435E1,2.765E0,-1.E1));
#6862=VERTEX_POINT('',#6861);
#6863=CARTESIAN_POINT('',(-2.2565E1,3.835E0,-1.3065E1));
#6864=CARTESIAN_POINT('',(-2.2565E1,2.465E0,-1.4435E1));
#6865=VERTEX_POINT('',#6863);
#6866=VERTEX_POINT('',#6864);
#6867=CARTESIAN_POINT('',(-2.2565E1,-3.3E0,-1.4435E1));
#6868=VERTEX_POINT('',#6867);
#6869=CARTESIAN_POINT('',(-2.2565E1,-3.3E0,-1.3365E1));
#6870=VERTEX_POINT('',#6869);
#6871=CARTESIAN_POINT('',(-2.2565E1,2.465E0,-1.3365E1));
#6872=VERTEX_POINT('',#6871);
#6873=CARTESIAN_POINT('',(-2.2565E1,2.765E0,-1.3065E1));
#6874=VERTEX_POINT('',#6873);
#6875=CARTESIAN_POINT('',(-2.2565E1,2.765E0,-4.7E0));
#6876=CARTESIAN_POINT('',(-2.2565E1,3.835E0,-4.7E0));
#6877=VERTEX_POINT('',#6875);
#6878=VERTEX_POINT('',#6876);
#6879=CARTESIAN_POINT('',(-2.3635E1,3.835E0,-1.3065E1));
#6880=CARTESIAN_POINT('',(-2.3635E1,2.465E0,-1.4435E1));
#6881=VERTEX_POINT('',#6879);
#6882=VERTEX_POINT('',#6880);
#6883=CARTESIAN_POINT('',(-2.3635E1,-3.3E0,-1.4435E1));
#6884=VERTEX_POINT('',#6883);
#6885=CARTESIAN_POINT('',(-2.3635E1,-3.3E0,-1.3365E1));
#6886=VERTEX_POINT('',#6885);
#6887=CARTESIAN_POINT('',(-2.3635E1,2.465E0,-1.3365E1));
#6888=VERTEX_POINT('',#6887);
#6889=CARTESIAN_POINT('',(-2.3635E1,2.765E0,-1.3065E1));
#6890=VERTEX_POINT('',#6889);
#6891=CARTESIAN_POINT('',(-2.3635E1,2.765E0,-4.7E0));
#6892=CARTESIAN_POINT('',(-2.3635E1,3.835E0,-4.7E0));
#6893=VERTEX_POINT('',#6891);
#6894=VERTEX_POINT('',#6892);
#6895=CARTESIAN_POINT('',(-2.2565E1,2.765E0,-1.28E1));
#6896=CARTESIAN_POINT('',(-2.2565E1,3.835E0,-1.28E1));
#6897=VERTEX_POINT('',#6895);
#6898=VERTEX_POINT('',#6896);
#6899=CARTESIAN_POINT('',(-2.3635E1,2.765E0,-1.28E1));
#6900=CARTESIAN_POINT('',(-2.3635E1,3.835E0,-1.28E1));
#6901=VERTEX_POINT('',#6899);
#6902=VERTEX_POINT('',#6900);
#6903=CARTESIAN_POINT('',(-2.2565E1,2.765E0,-1.E1));
#6904=CARTESIAN_POINT('',(-2.2565E1,3.835E0,-1.E1));
#6905=VERTEX_POINT('',#6903);
#6906=VERTEX_POINT('',#6904);
#6907=CARTESIAN_POINT('',(-2.3635E1,2.765E0,-1.E1));
#6908=CARTESIAN_POINT('',(-2.3635E1,3.835E0,-1.E1));
#6909=VERTEX_POINT('',#6907);
#6910=VERTEX_POINT('',#6908);
#6911=CARTESIAN_POINT('',(-4.E0,4.9E0,-1.E1));
#6912=CARTESIAN_POINT('',(-4.E0,2.1E0,-1.E1));
#6913=VERTEX_POINT('',#6911);
#6914=VERTEX_POINT('',#6912);
#6915=CARTESIAN_POINT('',(-3.2E0,1.3E0,-1.E1));
#6916=VERTEX_POINT('',#6915);
#6917=CARTESIAN_POINT('',(-1.E0,1.3E0,-1.E1));
#6918=VERTEX_POINT('',#6917);
#6919=CARTESIAN_POINT('',(-2.E-1,2.1E0,-1.E1));
#6920=VERTEX_POINT('',#6919);
#6921=CARTESIAN_POINT('',(-2.E-1,4.9E0,-1.E1));
#6922=VERTEX_POINT('',#6921);
#6923=CARTESIAN_POINT('',(-4.E0,9.1E0,-1.E1));
#6924=CARTESIAN_POINT('',(-4.E0,5.5E0,-1.E1));
#6925=VERTEX_POINT('',#6923);
#6926=VERTEX_POINT('',#6924);
#6927=CARTESIAN_POINT('',(-2.E-1,5.5E0,-1.E1));
#6928=VERTEX_POINT('',#6927);
#6929=CARTESIAN_POINT('',(-2.E-1,9.1E0,-1.E1));
#6930=VERTEX_POINT('',#6929);
#6931=CARTESIAN_POINT('',(2.E-1,4.9E0,-1.E1));
#6932=CARTESIAN_POINT('',(2.E-1,1.9E0,-1.E1));
#6933=VERTEX_POINT('',#6931);
#6934=VERTEX_POINT('',#6932);
#6935=CARTESIAN_POINT('',(1.E0,1.1E0,-1.E1));
#6936=VERTEX_POINT('',#6935);
#6937=CARTESIAN_POINT('',(3.2E0,1.1E0,-1.E1));
#6938=VERTEX_POINT('',#6937);
#6939=CARTESIAN_POINT('',(4.E0,1.9E0,-1.E1));
#6940=VERTEX_POINT('',#6939);
#6941=CARTESIAN_POINT('',(4.E0,4.9E0,-1.E1));
#6942=VERTEX_POINT('',#6941);
#6943=CARTESIAN_POINT('',(2.E-1,9.1E0,-1.E1));
#6944=CARTESIAN_POINT('',(2.E-1,5.5E0,-1.E1));
#6945=VERTEX_POINT('',#6943);
#6946=VERTEX_POINT('',#6944);
#6947=CARTESIAN_POINT('',(4.E0,5.5E0,-1.E1));
#6948=VERTEX_POINT('',#6947);
#6949=CARTESIAN_POINT('',(4.E0,9.1E0,-1.E1));
#6950=VERTEX_POINT('',#6949);
#6951=CARTESIAN_POINT('',(-4.E0,4.9E0,0.E0));
#6952=CARTESIAN_POINT('',(-4.E0,2.1E0,0.E0));
#6953=VERTEX_POINT('',#6951);
#6954=VERTEX_POINT('',#6952);
#6955=CARTESIAN_POINT('',(-3.2E0,1.3E0,0.E0));
#6956=VERTEX_POINT('',#6955);
#6957=CARTESIAN_POINT('',(-1.E0,1.3E0,0.E0));
#6958=VERTEX_POINT('',#6957);
#6959=CARTESIAN_POINT('',(-2.E-1,2.1E0,0.E0));
#6960=VERTEX_POINT('',#6959);
#6961=CARTESIAN_POINT('',(-2.E-1,4.9E0,0.E0));
#6962=VERTEX_POINT('',#6961);
#6963=CARTESIAN_POINT('',(-4.E0,9.1E0,0.E0));
#6964=CARTESIAN_POINT('',(-4.E0,5.5E0,0.E0));
#6965=VERTEX_POINT('',#6963);
#6966=VERTEX_POINT('',#6964);
#6967=CARTESIAN_POINT('',(-2.E-1,5.5E0,0.E0));
#6968=VERTEX_POINT('',#6967);
#6969=CARTESIAN_POINT('',(-2.E-1,9.1E0,0.E0));
#6970=VERTEX_POINT('',#6969);
#6971=CARTESIAN_POINT('',(2.E-1,4.9E0,0.E0));
#6972=CARTESIAN_POINT('',(2.E-1,1.9E0,0.E0));
#6973=VERTEX_POINT('',#6971);
#6974=VERTEX_POINT('',#6972);
#6975=CARTESIAN_POINT('',(1.E0,1.1E0,0.E0));
#6976=VERTEX_POINT('',#6975);
#6977=CARTESIAN_POINT('',(3.2E0,1.1E0,0.E0));
#6978=VERTEX_POINT('',#6977);
#6979=CARTESIAN_POINT('',(4.E0,1.9E0,0.E0));
#6980=VERTEX_POINT('',#6979);
#6981=CARTESIAN_POINT('',(4.E0,4.9E0,0.E0));
#6982=VERTEX_POINT('',#6981);
#6983=CARTESIAN_POINT('',(2.E-1,9.1E0,0.E0));
#6984=CARTESIAN_POINT('',(2.E-1,5.5E0,0.E0));
#6985=VERTEX_POINT('',#6983);
#6986=VERTEX_POINT('',#6984);
#6987=CARTESIAN_POINT('',(4.E0,5.5E0,0.E0));
#6988=VERTEX_POINT('',#6987);
#6989=CARTESIAN_POINT('',(4.E0,9.1E0,0.E0));
#6990=VERTEX_POINT('',#6989);
#6991=CARTESIAN_POINT('',(-1.24E1,4.9E0,-1.E1));
#6992=CARTESIAN_POINT('',(-1.24E1,1.3E0,-1.E1));
#6993=VERTEX_POINT('',#6991);
#6994=VERTEX_POINT('',#6992);
#6995=CARTESIAN_POINT('',(-8.6E0,1.3E0,-1.E1));
#6996=VERTEX_POINT('',#6995);
#6997=CARTESIAN_POINT('',(-8.6E0,4.9E0,-1.E1));
#6998=VERTEX_POINT('',#6997);
#6999=CARTESIAN_POINT('',(-1.24E1,9.1E0,-1.E1));
#7000=CARTESIAN_POINT('',(-1.24E1,6.3E0,-1.E1));
#7001=VERTEX_POINT('',#6999);
#7002=VERTEX_POINT('',#7000);
#7003=CARTESIAN_POINT('',(-1.16E1,5.5E0,-1.E1));
#7004=VERTEX_POINT('',#7003);
#7005=CARTESIAN_POINT('',(-9.4E0,5.5E0,-1.E1));
#7006=VERTEX_POINT('',#7005);
#7007=CARTESIAN_POINT('',(-8.6E0,6.3E0,-1.E1));
#7008=VERTEX_POINT('',#7007);
#7009=CARTESIAN_POINT('',(-8.6E0,9.1E0,-1.E1));
#7010=VERTEX_POINT('',#7009);
#7011=CARTESIAN_POINT('',(-8.2E0,4.9E0,-1.E1));
#7012=CARTESIAN_POINT('',(-8.2E0,1.3E0,-1.E1));
#7013=VERTEX_POINT('',#7011);
#7014=VERTEX_POINT('',#7012);
#7015=CARTESIAN_POINT('',(-4.4E0,1.3E0,-1.E1));
#7016=VERTEX_POINT('',#7015);
#7017=CARTESIAN_POINT('',(-4.4E0,4.9E0,-1.E1));
#7018=VERTEX_POINT('',#7017);
#7019=CARTESIAN_POINT('',(-8.2E0,9.1E0,-1.E1));
#7020=CARTESIAN_POINT('',(-8.2E0,6.3E0,-1.E1));
#7021=VERTEX_POINT('',#7019);
#7022=VERTEX_POINT('',#7020);
#7023=CARTESIAN_POINT('',(-7.4E0,5.5E0,-1.E1));
#7024=VERTEX_POINT('',#7023);
#7025=CARTESIAN_POINT('',(-5.2E0,5.5E0,-1.E1));
#7026=VERTEX_POINT('',#7025);
#7027=CARTESIAN_POINT('',(-4.4E0,6.3E0,-1.E1));
#7028=VERTEX_POINT('',#7027);
#7029=CARTESIAN_POINT('',(-4.4E0,9.1E0,-1.E1));
#7030=VERTEX_POINT('',#7029);
#7031=CARTESIAN_POINT('',(-1.24E1,4.9E0,0.E0));
#7032=CARTESIAN_POINT('',(-1.24E1,1.3E0,0.E0));
#7033=VERTEX_POINT('',#7031);
#7034=VERTEX_POINT('',#7032);
#7035=CARTESIAN_POINT('',(-8.6E0,1.3E0,0.E0));
#7036=VERTEX_POINT('',#7035);
#7037=CARTESIAN_POINT('',(-8.6E0,4.9E0,0.E0));
#7038=VERTEX_POINT('',#7037);
#7039=CARTESIAN_POINT('',(-1.24E1,9.1E0,0.E0));
#7040=CARTESIAN_POINT('',(-1.24E1,6.3E0,0.E0));
#7041=VERTEX_POINT('',#7039);
#7042=VERTEX_POINT('',#7040);
#7043=CARTESIAN_POINT('',(-1.16E1,5.5E0,0.E0));
#7044=VERTEX_POINT('',#7043);
#7045=CARTESIAN_POINT('',(-9.4E0,5.5E0,0.E0));
#7046=VERTEX_POINT('',#7045);
#7047=CARTESIAN_POINT('',(-8.6E0,6.3E0,0.E0));
#7048=VERTEX_POINT('',#7047);
#7049=CARTESIAN_POINT('',(-8.6E0,9.1E0,0.E0));
#7050=VERTEX_POINT('',#7049);
#7051=CARTESIAN_POINT('',(-8.2E0,4.9E0,0.E0));
#7052=CARTESIAN_POINT('',(-8.2E0,1.3E0,0.E0));
#7053=VERTEX_POINT('',#7051);
#7054=VERTEX_POINT('',#7052);
#7055=CARTESIAN_POINT('',(-4.4E0,1.3E0,0.E0));
#7056=VERTEX_POINT('',#7055);
#7057=CARTESIAN_POINT('',(-4.4E0,4.9E0,0.E0));
#7058=VERTEX_POINT('',#7057);
#7059=CARTESIAN_POINT('',(-8.2E0,9.1E0,0.E0));
#7060=CARTESIAN_POINT('',(-8.2E0,6.3E0,0.E0));
#7061=VERTEX_POINT('',#7059);
#7062=VERTEX_POINT('',#7060);
#7063=CARTESIAN_POINT('',(-7.4E0,5.5E0,0.E0));
#7064=VERTEX_POINT('',#7063);
#7065=CARTESIAN_POINT('',(-5.2E0,5.5E0,0.E0));
#7066=VERTEX_POINT('',#7065);
#7067=CARTESIAN_POINT('',(-4.4E0,6.3E0,0.E0));
#7068=VERTEX_POINT('',#7067);
#7069=CARTESIAN_POINT('',(-4.4E0,9.1E0,0.E0));
#7070=VERTEX_POINT('',#7069);
#7071=CARTESIAN_POINT('',(-2.08E1,4.9E0,-1.E1));
#7072=CARTESIAN_POINT('',(-2.08E1,2.1E0,-1.E1));
#7073=VERTEX_POINT('',#7071);
#7074=VERTEX_POINT('',#7072);
#7075=CARTESIAN_POINT('',(-2.E1,1.3E0,-1.E1));
#7076=VERTEX_POINT('',#7075);
#7077=CARTESIAN_POINT('',(-1.78E1,1.3E0,-1.E1));
#7078=VERTEX_POINT('',#7077);
#7079=CARTESIAN_POINT('',(-1.7E1,2.1E0,-1.E1));
#7080=VERTEX_POINT('',#7079);
#7081=CARTESIAN_POINT('',(-1.7E1,4.9E0,-1.E1));
#7082=VERTEX_POINT('',#7081);
#7083=CARTESIAN_POINT('',(-2.08E1,9.1E0,-1.E1));
#7084=CARTESIAN_POINT('',(-2.08E1,5.5E0,-1.E1));
#7085=VERTEX_POINT('',#7083);
#7086=VERTEX_POINT('',#7084);
#7087=CARTESIAN_POINT('',(-1.7E1,5.5E0,-1.E1));
#7088=VERTEX_POINT('',#7087);
#7089=CARTESIAN_POINT('',(-1.7E1,9.1E0,-1.E1));
#7090=VERTEX_POINT('',#7089);
#7091=CARTESIAN_POINT('',(-1.66E1,4.9E0,-1.E1));
#7092=CARTESIAN_POINT('',(-1.66E1,1.9E0,-1.E1));
#7093=VERTEX_POINT('',#7091);
#7094=VERTEX_POINT('',#7092);
#7095=CARTESIAN_POINT('',(-1.58E1,1.1E0,-1.E1));
#7096=VERTEX_POINT('',#7095);
#7097=CARTESIAN_POINT('',(-1.36E1,1.1E0,-1.E1));
#7098=VERTEX_POINT('',#7097);
#7099=CARTESIAN_POINT('',(-1.28E1,1.9E0,-1.E1));
#7100=VERTEX_POINT('',#7099);
#7101=CARTESIAN_POINT('',(-1.28E1,4.9E0,-1.E1));
#7102=VERTEX_POINT('',#7101);
#7103=CARTESIAN_POINT('',(-1.66E1,9.1E0,-1.E1));
#7104=CARTESIAN_POINT('',(-1.66E1,5.5E0,-1.E1));
#7105=VERTEX_POINT('',#7103);
#7106=VERTEX_POINT('',#7104);
#7107=CARTESIAN_POINT('',(-1.28E1,5.5E0,-1.E1));
#7108=VERTEX_POINT('',#7107);
#7109=CARTESIAN_POINT('',(-1.28E1,9.1E0,-1.E1));
#7110=VERTEX_POINT('',#7109);
#7111=CARTESIAN_POINT('',(-2.08E1,4.9E0,0.E0));
#7112=CARTESIAN_POINT('',(-2.08E1,2.1E0,0.E0));
#7113=VERTEX_POINT('',#7111);
#7114=VERTEX_POINT('',#7112);
#7115=CARTESIAN_POINT('',(-2.E1,1.3E0,0.E0));
#7116=VERTEX_POINT('',#7115);
#7117=CARTESIAN_POINT('',(-1.78E1,1.3E0,0.E0));
#7118=VERTEX_POINT('',#7117);
#7119=CARTESIAN_POINT('',(-1.7E1,2.1E0,0.E0));
#7120=VERTEX_POINT('',#7119);
#7121=CARTESIAN_POINT('',(-1.7E1,4.9E0,0.E0));
#7122=VERTEX_POINT('',#7121);
#7123=CARTESIAN_POINT('',(-2.08E1,9.1E0,0.E0));
#7124=CARTESIAN_POINT('',(-2.08E1,5.5E0,0.E0));
#7125=VERTEX_POINT('',#7123);
#7126=VERTEX_POINT('',#7124);
#7127=CARTESIAN_POINT('',(-1.7E1,5.5E0,0.E0));
#7128=VERTEX_POINT('',#7127);
#7129=CARTESIAN_POINT('',(-1.7E1,9.1E0,0.E0));
#7130=VERTEX_POINT('',#7129);
#7131=CARTESIAN_POINT('',(-1.66E1,4.9E0,0.E0));
#7132=CARTESIAN_POINT('',(-1.66E1,1.9E0,0.E0));
#7133=VERTEX_POINT('',#7131);
#7134=VERTEX_POINT('',#7132);
#7135=CARTESIAN_POINT('',(-1.58E1,1.1E0,0.E0));
#7136=VERTEX_POINT('',#7135);
#7137=CARTESIAN_POINT('',(-1.36E1,1.1E0,0.E0));
#7138=VERTEX_POINT('',#7137);
#7139=CARTESIAN_POINT('',(-1.28E1,1.9E0,0.E0));
#7140=VERTEX_POINT('',#7139);
#7141=CARTESIAN_POINT('',(-1.28E1,4.9E0,0.E0));
#7142=VERTEX_POINT('',#7141);
#7143=CARTESIAN_POINT('',(-1.66E1,9.1E0,0.E0));
#7144=CARTESIAN_POINT('',(-1.66E1,5.5E0,0.E0));
#7145=VERTEX_POINT('',#7143);
#7146=VERTEX_POINT('',#7144);
#7147=CARTESIAN_POINT('',(-1.28E1,5.5E0,0.E0));
#7148=VERTEX_POINT('',#7147);
#7149=CARTESIAN_POINT('',(-1.28E1,9.1E0,0.E0));
#7150=VERTEX_POINT('',#7149);
#7151=CARTESIAN_POINT('',(0.E0,0.E0,0.E0));
#7152=DIRECTION('',(0.E0,0.E0,-1.E0));
#7153=DIRECTION('',(-1.E0,0.E0,0.E0));
#7154=AXIS2_PLACEMENT_3D('',#7151,#7152,#7153);
#7155=PLANE('',#7154);
#7157=ORIENTED_EDGE('',*,*,#7156,.F.);
#7159=ORIENTED_EDGE('',*,*,#7158,.T.);
#7161=ORIENTED_EDGE('',*,*,#7160,.F.);
#7163=ORIENTED_EDGE('',*,*,#7162,.T.);
#7165=ORIENTED_EDGE('',*,*,#7164,.F.);
#7167=ORIENTED_EDGE('',*,*,#7166,.T.);
#7169=ORIENTED_EDGE('',*,*,#7168,.T.);
#7171=ORIENTED_EDGE('',*,*,#7170,.T.);
#7173=ORIENTED_EDGE('',*,*,#7172,.F.);
#7175=ORIENTED_EDGE('',*,*,#7174,.T.);
#7177=ORIENTED_EDGE('',*,*,#7176,.T.);
#7179=ORIENTED_EDGE('',*,*,#7178,.T.);
#7180=EDGE_LOOP('',(#7157,#7159,#7161,#7163,#7165,#7167,#7169,#7171,#7173,#7175,
#7177,#7179));
#7181=FACE_OUTER_BOUND('',#7180,.F.);
#7183=ORIENTED_EDGE('',*,*,#7182,.T.);
#7185=ORIENTED_EDGE('',*,*,#7184,.T.);
#7187=ORIENTED_EDGE('',*,*,#7186,.T.);
#7189=ORIENTED_EDGE('',*,*,#7188,.T.);
#7191=ORIENTED_EDGE('',*,*,#7190,.T.);
#7193=ORIENTED_EDGE('',*,*,#7192,.T.);
#7194=EDGE_LOOP('',(#7183,#7185,#7187,#7189,#7191,#7193));
#7195=FACE_BOUND('',#7194,.F.);
#7197=ORIENTED_EDGE('',*,*,#7196,.T.);
#7199=ORIENTED_EDGE('',*,*,#7198,.T.);
#7201=ORIENTED_EDGE('',*,*,#7200,.T.);
#7203=ORIENTED_EDGE('',*,*,#7202,.T.);
#7204=EDGE_LOOP('',(#7197,#7199,#7201,#7203));
#7205=FACE_BOUND('',#7204,.F.);
#7207=ORIENTED_EDGE('',*,*,#7206,.T.);
#7209=ORIENTED_EDGE('',*,*,#7208,.T.);
#7211=ORIENTED_EDGE('',*,*,#7210,.T.);
#7213=ORIENTED_EDGE('',*,*,#7212,.T.);
#7215=ORIENTED_EDGE('',*,*,#7214,.T.);
#7217=ORIENTED_EDGE('',*,*,#7216,.T.);
#7218=EDGE_LOOP('',(#7207,#7209,#7211,#7213,#7215,#7217));
#7219=FACE_BOUND('',#7218,.F.);
#7221=ORIENTED_EDGE('',*,*,#7220,.T.);
#7223=ORIENTED_EDGE('',*,*,#7222,.T.);
#7225=ORIENTED_EDGE('',*,*,#7224,.T.);
#7227=ORIENTED_EDGE('',*,*,#7226,.T.);
#7229=ORIENTED_EDGE('',*,*,#7228,.T.);
#7231=ORIENTED_EDGE('',*,*,#7230,.T.);
#7232=EDGE_LOOP('',(#7221,#7223,#7225,#7227,#7229,#7231));
#7233=FACE_BOUND('',#7232,.F.);
#7235=ORIENTED_EDGE('',*,*,#7234,.T.);
#7237=ORIENTED_EDGE('',*,*,#7236,.T.);
#7239=ORIENTED_EDGE('',*,*,#7238,.T.);
#7241=ORIENTED_EDGE('',*,*,#7240,.T.);
#7242=EDGE_LOOP('',(#7235,#7237,#7239,#7241));
#7243=FACE_BOUND('',#7242,.F.);
#7245=ORIENTED_EDGE('',*,*,#7244,.T.);
#7247=ORIENTED_EDGE('',*,*,#7246,.T.);
#7249=ORIENTED_EDGE('',*,*,#7248,.T.);
#7251=ORIENTED_EDGE('',*,*,#7250,.T.);
#7253=ORIENTED_EDGE('',*,*,#7252,.T.);
#7255=ORIENTED_EDGE('',*,*,#7254,.T.);
#7256=EDGE_LOOP('',(#7245,#7247,#7249,#7251,#7253,#7255));
#7257=FACE_BOUND('',#7256,.F.);
#7259=ORIENTED_EDGE('',*,*,#7258,.T.);
#7261=ORIENTED_EDGE('',*,*,#7260,.T.);
#7263=ORIENTED_EDGE('',*,*,#7262,.T.);
#7265=ORIENTED_EDGE('',*,*,#7264,.T.);
#7266=EDGE_LOOP('',(#7259,#7261,#7263,#7265));
#7267=FACE_BOUND('',#7266,.F.);
#7269=ORIENTED_EDGE('',*,*,#7268,.T.);
#7271=ORIENTED_EDGE('',*,*,#7270,.T.);
#7273=ORIENTED_EDGE('',*,*,#7272,.T.);
#7275=ORIENTED_EDGE('',*,*,#7274,.T.);
#7277=ORIENTED_EDGE('',*,*,#7276,.T.);
#7279=ORIENTED_EDGE('',*,*,#7278,.T.);
#7280=EDGE_LOOP('',(#7269,#7271,#7273,#7275,#7277,#7279));
#7281=FACE_BOUND('',#7280,.F.);
#7283=ORIENTED_EDGE('',*,*,#7282,.T.);
#7285=ORIENTED_EDGE('',*,*,#7284,.T.);
#7287=ORIENTED_EDGE('',*,*,#7286,.T.);
#7289=ORIENTED_EDGE('',*,*,#7288,.T.);
#7290=EDGE_LOOP('',(#7283,#7285,#7287,#7289));
#7291=FACE_BOUND('',#7290,.F.);
#7293=ORIENTED_EDGE('',*,*,#7292,.T.);
#7295=ORIENTED_EDGE('',*,*,#7294,.T.);
#7297=ORIENTED_EDGE('',*,*,#7296,.T.);
#7299=ORIENTED_EDGE('',*,*,#7298,.T.);
#7301=ORIENTED_EDGE('',*,*,#7300,.T.);
#7303=ORIENTED_EDGE('',*,*,#7302,.T.);
#7304=EDGE_LOOP('',(#7293,#7295,#7297,#7299,#7301,#7303));
#7305=FACE_BOUND('',#7304,.F.);
#7307=ORIENTED_EDGE('',*,*,#7306,.T.);
#7309=ORIENTED_EDGE('',*,*,#7308,.T.);
#7311=ORIENTED_EDGE('',*,*,#7310,.T.);
#7313=ORIENTED_EDGE('',*,*,#7312,.T.);
#7314=EDGE_LOOP('',(#7307,#7309,#7311,#7313));
#7315=FACE_BOUND('',#7314,.F.);
#7317=ORIENTED_EDGE('',*,*,#7316,.T.);
#7319=ORIENTED_EDGE('',*,*,#7318,.T.);
#7321=ORIENTED_EDGE('',*,*,#7320,.T.);
#7323=ORIENTED_EDGE('',*,*,#7322,.T.);
#7325=ORIENTED_EDGE('',*,*,#7324,.T.);
#7327=ORIENTED_EDGE('',*,*,#7326,.T.);
#7328=EDGE_LOOP('',(#7317,#7319,#7321,#7323,#7325,#7327));
#7329=FACE_BOUND('',#7328,.F.);
#7331=ORIENTED_EDGE('',*,*,#7330,.T.);
#7333=ORIENTED_EDGE('',*,*,#7332,.T.);
#7335=ORIENTED_EDGE('',*,*,#7334,.T.);
#7337=ORIENTED_EDGE('',*,*,#7336,.T.);
#7338=EDGE_LOOP('',(#7331,#7333,#7335,#7337));
#7339=FACE_BOUND('',#7338,.F.);
#7341=ORIENTED_EDGE('',*,*,#7340,.T.);
#7343=ORIENTED_EDGE('',*,*,#7342,.T.);
#7345=ORIENTED_EDGE('',*,*,#7344,.T.);
#7347=ORIENTED_EDGE('',*,*,#7346,.T.);
#7349=ORIENTED_EDGE('',*,*,#7348,.T.);
#7351=ORIENTED_EDGE('',*,*,#7350,.T.);
#7352=EDGE_LOOP('',(#7341,#7343,#7345,#7347,#7349,#7351));
#7353=FACE_BOUND('',#7352,.F.);
#7355=ORIENTED_EDGE('',*,*,#7354,.T.);
#7357=ORIENTED_EDGE('',*,*,#7356,.T.);
#7359=ORIENTED_EDGE('',*,*,#7358,.T.);
#7361=ORIENTED_EDGE('',*,*,#7360,.T.);
#7362=EDGE_LOOP('',(#7355,#7357,#7359,#7361));
#7363=FACE_BOUND('',#7362,.F.);
#7365=ORIENTED_EDGE('',*,*,#7364,.T.);
#7367=ORIENTED_EDGE('',*,*,#7366,.T.);
#7369=ORIENTED_EDGE('',*,*,#7368,.T.);
#7371=ORIENTED_EDGE('',*,*,#7370,.T.);
#7372=EDGE_LOOP('',(#7365,#7367,#7369,#7371));
#7373=FACE_BOUND('',#7372,.F.);
#7375=ORIENTED_EDGE('',*,*,#7374,.T.);
#7377=ORIENTED_EDGE('',*,*,#7376,.T.);
#7379=ORIENTED_EDGE('',*,*,#7378,.T.);
#7381=ORIENTED_EDGE('',*,*,#7380,.T.);
#7383=ORIENTED_EDGE('',*,*,#7382,.T.);
#7385=ORIENTED_EDGE('',*,*,#7384,.T.);
#7386=EDGE_LOOP('',(#7375,#7377,#7379,#7381,#7383,#7385));
#7387=FACE_BOUND('',#7386,.F.);
#7389=ORIENTED_EDGE('',*,*,#7388,.T.);
#7391=ORIENTED_EDGE('',*,*,#7390,.T.);
#7393=ORIENTED_EDGE('',*,*,#7392,.T.);
#7395=ORIENTED_EDGE('',*,*,#7394,.T.);
#7396=EDGE_LOOP('',(#7389,#7391,#7393,#7395));
#7397=FACE_BOUND('',#7396,.F.);
#7399=ORIENTED_EDGE('',*,*,#7398,.T.);
#7401=ORIENTED_EDGE('',*,*,#7400,.T.);
#7403=ORIENTED_EDGE('',*,*,#7402,.T.);
#7405=ORIENTED_EDGE('',*,*,#7404,.T.);
#7407=ORIENTED_EDGE('',*,*,#7406,.T.);
#7409=ORIENTED_EDGE('',*,*,#7408,.T.);
#7410=EDGE_LOOP('',(#7399,#7401,#7403,#7405,#7407,#7409));
#7411=FACE_BOUND('',#7410,.F.);
#7413=ORIENTED_EDGE('',*,*,#7412,.T.);
#7415=ORIENTED_EDGE('',*,*,#7414,.T.);
#7417=ORIENTED_EDGE('',*,*,#7416,.T.);
#7419=ORIENTED_EDGE('',*,*,#7418,.T.);
#7420=EDGE_LOOP('',(#7413,#7415,#7417,#7419));
#7421=FACE_BOUND('',#7420,.F.);
#7423=ORIENTED_EDGE('',*,*,#7422,.T.);
#7425=ORIENTED_EDGE('',*,*,#7424,.T.);
#7427=ORIENTED_EDGE('',*,*,#7426,.T.);
#7429=ORIENTED_EDGE('',*,*,#7428,.T.);
#7431=ORIENTED_EDGE('',*,*,#7430,.T.);
#7433=ORIENTED_EDGE('',*,*,#7432,.T.);
#7434=EDGE_LOOP('',(#7423,#7425,#7427,#7429,#7431,#7433));
#7435=FACE_BOUND('',#7434,.F.);
#7437=ORIENTED_EDGE('',*,*,#7436,.T.);
#7439=ORIENTED_EDGE('',*,*,#7438,.T.);
#7441=ORIENTED_EDGE('',*,*,#7440,.T.);
#7443=ORIENTED_EDGE('',*,*,#7442,.T.);
#7444=EDGE_LOOP('',(#7437,#7439,#7441,#7443));
#7445=FACE_BOUND('',#7444,.F.);
#7447=ORIENTED_EDGE('',*,*,#7446,.T.);
#7449=ORIENTED_EDGE('',*,*,#7448,.T.);
#7451=ORIENTED_EDGE('',*,*,#7450,.T.);
#7453=ORIENTED_EDGE('',*,*,#7452,.T.);
#7455=ORIENTED_EDGE('',*,*,#7454,.T.);
#7457=ORIENTED_EDGE('',*,*,#7456,.T.);
#7458=EDGE_LOOP('',(#7447,#7449,#7451,#7453,#7455,#7457));
#7459=FACE_BOUND('',#7458,.F.);
#7461=ORIENTED_EDGE('',*,*,#7460,.T.);
#7463=ORIENTED_EDGE('',*,*,#7462,.T.);
#7465=ORIENTED_EDGE('',*,*,#7464,.T.);
#7467=ORIENTED_EDGE('',*,*,#7466,.T.);
#7468=EDGE_LOOP('',(#7461,#7463,#7465,#7467));
#7469=FACE_BOUND('',#7468,.F.);
#7470=ADVANCED_FACE('',(#7181,#7195,#7205,#7219,#7233,#7243,#7257,#7267,#7281,
#7291,#7305,#7315,#7329,#7339,#7353,#7363,#7373,#7387,#7397,#7411,#7421,#7435,
#7445,#7459,#7469),#7155,.F.);
#7471=CARTESIAN_POINT('',(2.12E1,4.9E0,0.E0));
#7472=DIRECTION('',(-1.E0,0.E0,0.E0));
#7473=DIRECTION('',(0.E0,-1.E0,0.E0));
#7474=AXIS2_PLACEMENT_3D('',#7471,#7472,#7473);
#7475=PLANE('',#7474);
#7476=ORIENTED_EDGE('',*,*,#7460,.F.);
#7478=ORIENTED_EDGE('',*,*,#7477,.T.);
#7480=ORIENTED_EDGE('',*,*,#7479,.T.);
#7482=ORIENTED_EDGE('',*,*,#7481,.F.);
#7483=EDGE_LOOP('',(#7476,#7478,#7480,#7482));
#7484=FACE_OUTER_BOUND('',#7483,.F.);
#7485=ADVANCED_FACE('',(#7484),#7475,.F.);
#7486=CARTESIAN_POINT('',(2.5E1,4.9E0,0.E0));
#7487=DIRECTION('',(0.E0,1.E0,0.E0));
#7488=DIRECTION('',(-1.E0,0.E0,0.E0));
#7489=AXIS2_PLACEMENT_3D('',#7486,#7487,#7488);
#7490=PLANE('',#7489);
#7491=ORIENTED_EDGE('',*,*,#7466,.F.);
#7493=ORIENTED_EDGE('',*,*,#7492,.T.);
#7495=ORIENTED_EDGE('',*,*,#7494,.T.);
#7496=ORIENTED_EDGE('',*,*,#7477,.F.);
#7497=EDGE_LOOP('',(#7491,#7493,#7495,#7496));
#7498=FACE_OUTER_BOUND('',#7497,.F.);
#7499=ADVANCED_FACE('',(#7498),#7490,.F.);
#7500=CARTESIAN_POINT('',(2.5E1,1.3E0,0.E0));
#7501=DIRECTION('',(1.E0,0.E0,0.E0));
#7502=DIRECTION('',(0.E0,1.E0,0.E0));
#7503=AXIS2_PLACEMENT_3D('',#7500,#7501,#7502);
#7504=PLANE('',#7503);
#7505=ORIENTED_EDGE('',*,*,#7464,.F.);
#7507=ORIENTED_EDGE('',*,*,#7506,.T.);
#7509=ORIENTED_EDGE('',*,*,#7508,.T.);
#7510=ORIENTED_EDGE('',*,*,#7492,.F.);
#7511=EDGE_LOOP('',(#7505,#7507,#7509,#7510));
#7512=FACE_OUTER_BOUND('',#7511,.F.);
#7513=ADVANCED_FACE('',(#7512),#7504,.F.);
#7514=CARTESIAN_POINT('',(2.12E1,1.3E0,0.E0));
#7515=DIRECTION('',(0.E0,-1.E0,0.E0));
#7516=DIRECTION('',(1.E0,0.E0,0.E0));
#7517=AXIS2_PLACEMENT_3D('',#7514,#7515,#7516);
#7518=PLANE('',#7517);
#7519=ORIENTED_EDGE('',*,*,#7462,.F.);
#7520=ORIENTED_EDGE('',*,*,#7481,.T.);
#7522=ORIENTED_EDGE('',*,*,#7521,.T.);
#7523=ORIENTED_EDGE('',*,*,#7506,.F.);
#7524=EDGE_LOOP('',(#7519,#7520,#7522,#7523));
#7525=FACE_OUTER_BOUND('',#7524,.F.);
#7526=ADVANCED_FACE('',(#7525),#7518,.F.);
#7527=CARTESIAN_POINT('',(0.E0,0.E0,-1.E1));
#7528=DIRECTION('',(0.E0,0.E0,1.E0));
#7529=DIRECTION('',(1.E0,0.E0,0.E0));
#7530=AXIS2_PLACEMENT_3D('',#7527,#7528,#7529);
#7531=PLANE('',#7530);
#7532=ORIENTED_EDGE('',*,*,#7479,.F.);
#7533=ORIENTED_EDGE('',*,*,#7494,.F.);
#7534=ORIENTED_EDGE('',*,*,#7508,.F.);
#7535=ORIENTED_EDGE('',*,*,#7521,.F.);
#7536=EDGE_LOOP('',(#7532,#7533,#7534,#7535));
#7537=FACE_OUTER_BOUND('',#7536,.F.);
#7539=ORIENTED_EDGE('',*,*,#7538,.T.);
#7541=ORIENTED_EDGE('',*,*,#7540,.T.);
#7543=ORIENTED_EDGE('',*,*,#7542,.F.);
#7545=ORIENTED_EDGE('',*,*,#7544,.F.);
#7546=EDGE_LOOP('',(#7539,#7541,#7543,#7545));
#7547=FACE_BOUND('',#7546,.F.);
#7548=ADVANCED_FACE('',(#7537,#7547),#7531,.T.);
#7549=CARTESIAN_POINT('',(0.E0,0.E0,-1.E1));
#7550=DIRECTION('',(0.E0,0.E0,1.E0));
#7551=DIRECTION('',(1.E0,0.E0,0.E0));
#7552=AXIS2_PLACEMENT_3D('',#7549,#7550,#7551);
#7553=PLANE('',#7552);
#7555=ORIENTED_EDGE('',*,*,#7554,.F.);
#7557=ORIENTED_EDGE('',*,*,#7556,.F.);
#7559=ORIENTED_EDGE('',*,*,#7558,.F.);
#7561=ORIENTED_EDGE('',*,*,#7560,.F.);
#7563=ORIENTED_EDGE('',*,*,#7562,.F.);
#7565=ORIENTED_EDGE('',*,*,#7564,.F.);
#7566=EDGE_LOOP('',(#7555,#7557,#7559,#7561,#7563,#7565));
#7567=FACE_OUTER_BOUND('',#7566,.F.);
#7569=ORIENTED_EDGE('',*,*,#7568,.T.);
#7571=ORIENTED_EDGE('',*,*,#7570,.T.);
#7573=ORIENTED_EDGE('',*,*,#7572,.F.);
#7575=ORIENTED_EDGE('',*,*,#7574,.F.);
#7576=EDGE_LOOP('',(#7569,#7571,#7573,#7575));
#7577=FACE_BOUND('',#7576,.F.);
#7578=ADVANCED_FACE('',(#7567,#7577),#7553,.T.);
#7579=CARTESIAN_POINT('',(2.12E1,9.1E0,0.E0));
#7580=DIRECTION('',(-1.E0,0.E0,0.E0));
#7581=DIRECTION('',(0.E0,-1.E0,0.E0));
#7582=AXIS2_PLACEMENT_3D('',#7579,#7580,#7581);
#7583=PLANE('',#7582);
#7584=ORIENTED_EDGE('',*,*,#7182,.F.);
#7586=ORIENTED_EDGE('',*,*,#7585,.T.);
#7587=ORIENTED_EDGE('',*,*,#7554,.T.);
#7589=ORIENTED_EDGE('',*,*,#7588,.F.);
#7590=EDGE_LOOP('',(#7584,#7586,#7587,#7589));
#7591=FACE_OUTER_BOUND('',#7590,.F.);
#7592=ADVANCED_FACE('',(#7591),#7583,.F.);
#7593=CARTESIAN_POINT('',(2.5E1,9.1E0,0.E0));
#7594=DIRECTION('',(0.E0,1.E0,0.E0));
#7595=DIRECTION('',(-1.E0,0.E0,0.E0));
#7596=AXIS2_PLACEMENT_3D('',#7593,#7594,#7595);
#7597=PLANE('',#7596);
#7598=ORIENTED_EDGE('',*,*,#7192,.F.);
#7600=ORIENTED_EDGE('',*,*,#7599,.T.);
#7601=ORIENTED_EDGE('',*,*,#7556,.T.);
#7602=ORIENTED_EDGE('',*,*,#7585,.F.);
#7603=EDGE_LOOP('',(#7598,#7600,#7601,#7602));
#7604=FACE_OUTER_BOUND('',#7603,.F.);
#7605=ADVANCED_FACE('',(#7604),#7597,.F.);
#7606=CARTESIAN_POINT('',(2.5E1,6.3E0,0.E0));
#7607=DIRECTION('',(1.E0,0.E0,0.E0));
#7608=DIRECTION('',(0.E0,1.E0,0.E0));
#7609=AXIS2_PLACEMENT_3D('',#7606,#7607,#7608);
#7610=PLANE('',#7609);
#7611=ORIENTED_EDGE('',*,*,#7190,.F.);
#7613=ORIENTED_EDGE('',*,*,#7612,.T.);
#7614=ORIENTED_EDGE('',*,*,#7558,.T.);
#7615=ORIENTED_EDGE('',*,*,#7599,.F.);
#7616=EDGE_LOOP('',(#7611,#7613,#7614,#7615));
#7617=FACE_OUTER_BOUND('',#7616,.F.);
#7618=ADVANCED_FACE('',(#7617),#7610,.F.);
#7619=CARTESIAN_POINT('',(2.42E1,5.5E0,0.E0));
#7620=DIRECTION('',(7.071067811865E-1,-7.071067811865E-1,0.E0));
#7621=DIRECTION('',(7.071067811865E-1,7.071067811865E-1,0.E0));
#7622=AXIS2_PLACEMENT_3D('',#7619,#7620,#7621);
#7623=PLANE('',#7622);
#7624=ORIENTED_EDGE('',*,*,#7188,.F.);
#7626=ORIENTED_EDGE('',*,*,#7625,.T.);
#7627=ORIENTED_EDGE('',*,*,#7560,.T.);
#7628=ORIENTED_EDGE('',*,*,#7612,.F.);
#7629=EDGE_LOOP('',(#7624,#7626,#7627,#7628));
#7630=FACE_OUTER_BOUND('',#7629,.F.);
#7631=ADVANCED_FACE('',(#7630),#7623,.F.);
#7632=CARTESIAN_POINT('',(2.2E1,5.5E0,0.E0));
#7633=DIRECTION('',(0.E0,-1.E0,0.E0));
#7634=DIRECTION('',(1.E0,0.E0,0.E0));
#7635=AXIS2_PLACEMENT_3D('',#7632,#7633,#7634);
#7636=PLANE('',#7635);
#7637=ORIENTED_EDGE('',*,*,#7186,.F.);
#7639=ORIENTED_EDGE('',*,*,#7638,.T.);
#7640=ORIENTED_EDGE('',*,*,#7562,.T.);
#7641=ORIENTED_EDGE('',*,*,#7625,.F.);
#7642=EDGE_LOOP('',(#7637,#7639,#7640,#7641));
#7643=FACE_OUTER_BOUND('',#7642,.F.);
#7644=ADVANCED_FACE('',(#7643),#7636,.F.);
#7645=CARTESIAN_POINT('',(2.12E1,6.3E0,0.E0));
#7646=DIRECTION('',(-7.071067811865E-1,-7.071067811865E-1,0.E0));
#7647=DIRECTION('',(7.071067811865E-1,-7.071067811865E-1,0.E0));
#7648=AXIS2_PLACEMENT_3D('',#7645,#7646,#7647);
#7649=PLANE('',#7648);
#7650=ORIENTED_EDGE('',*,*,#7184,.F.);
#7651=ORIENTED_EDGE('',*,*,#7588,.T.);
#7652=ORIENTED_EDGE('',*,*,#7564,.T.);
#7653=ORIENTED_EDGE('',*,*,#7638,.F.);
#7654=EDGE_LOOP('',(#7650,#7651,#7652,#7653));
#7655=FACE_OUTER_BOUND('',#7654,.F.);
#7656=ADVANCED_FACE('',(#7655),#7649,.F.);
#7657=CARTESIAN_POINT('',(2.3635E1,1.E1,0.E0));
#7658=DIRECTION('',(-1.E0,0.E0,0.E0));
#7659=DIRECTION('',(0.E0,0.E0,1.E0));
#7660=AXIS2_PLACEMENT_3D('',#7657,#7658,#7659);
#7661=PLANE('',#7660);
#7663=ORIENTED_EDGE('',*,*,#7662,.T.);
#7665=ORIENTED_EDGE('',*,*,#7664,.T.);
#7667=ORIENTED_EDGE('',*,*,#7666,.T.);
#7669=ORIENTED_EDGE('',*,*,#7668,.T.);
#7671=ORIENTED_EDGE('',*,*,#7670,.T.);
#7673=ORIENTED_EDGE('',*,*,#7672,.T.);
#7675=ORIENTED_EDGE('',*,*,#7674,.T.);
#7677=ORIENTED_EDGE('',*,*,#7676,.T.);
#7678=EDGE_LOOP('',(#7663,#7665,#7667,#7669,#7671,#7673,#7675,#7677));
#7679=FACE_OUTER_BOUND('',#7678,.F.);
#7680=ADVANCED_FACE('',(#7679),#7661,.F.);
#7681=CARTESIAN_POINT('',(2.3635E1,1.E1,0.E0));
#7682=DIRECTION('',(-1.E0,0.E0,0.E0));
#7683=DIRECTION('',(0.E0,0.E0,1.E0));
#7684=AXIS2_PLACEMENT_3D('',#7681,#7682,#7683);
#7685=PLANE('',#7684);
#7686=ORIENTED_EDGE('',*,*,#7568,.F.);
#7688=ORIENTED_EDGE('',*,*,#7687,.T.);
#7690=ORIENTED_EDGE('',*,*,#7689,.T.);
#7692=ORIENTED_EDGE('',*,*,#7691,.T.);
#7693=EDGE_LOOP('',(#7686,#7688,#7690,#7692));
#7694=FACE_OUTER_BOUND('',#7693,.F.);
#7695=ADVANCED_FACE('',(#7694),#7685,.F.);
#7696=CARTESIAN_POINT('',(0.E0,0.E0,-1.28E1));
#7697=DIRECTION('',(0.E0,0.E0,-1.E0));
#7698=DIRECTION('',(-1.E0,0.E0,0.E0));
#7699=AXIS2_PLACEMENT_3D('',#7696,#7697,#7698);
#7700=PLANE('',#7699);
#7702=ORIENTED_EDGE('',*,*,#7701,.T.);
#7704=ORIENTED_EDGE('',*,*,#7703,.T.);
#7706=ORIENTED_EDGE('',*,*,#7705,.F.);
#7708=ORIENTED_EDGE('',*,*,#7707,.T.);
#7710=ORIENTED_EDGE('',*,*,#7709,.T.);
#7712=ORIENTED_EDGE('',*,*,#7711,.F.);
#7714=ORIENTED_EDGE('',*,*,#7713,.F.);
#7716=ORIENTED_EDGE('',*,*,#7715,.F.);
#7718=ORIENTED_EDGE('',*,*,#7717,.F.);
#7720=ORIENTED_EDGE('',*,*,#7719,.F.);
#7721=EDGE_LOOP('',(#7702,#7704,#7706,#7708,#7710,#7712,#7714,#7716,#7718,
#7720));
#7722=FACE_OUTER_BOUND('',#7721,.F.);
#7723=ORIENTED_EDGE('',*,*,#7662,.F.);
#7725=ORIENTED_EDGE('',*,*,#7724,.T.);
#7727=ORIENTED_EDGE('',*,*,#7726,.T.);
#7729=ORIENTED_EDGE('',*,*,#7728,.F.);
#7730=EDGE_LOOP('',(#7723,#7725,#7727,#7729));
#7731=FACE_BOUND('',#7730,.F.);
#7733=ORIENTED_EDGE('',*,*,#7732,.F.);
#7735=ORIENTED_EDGE('',*,*,#7734,.T.);
#7737=ORIENTED_EDGE('',*,*,#7736,.T.);
#7739=ORIENTED_EDGE('',*,*,#7738,.F.);
#7740=EDGE_LOOP('',(#7733,#7735,#7737,#7739));
#7741=FACE_BOUND('',#7740,.F.);
#7743=ORIENTED_EDGE('',*,*,#7742,.F.);
#7745=ORIENTED_EDGE('',*,*,#7744,.T.);
#7747=ORIENTED_EDGE('',*,*,#7746,.T.);
#7749=ORIENTED_EDGE('',*,*,#7748,.F.);
#7750=EDGE_LOOP('',(#7743,#7745,#7747,#7749));
#7751=FACE_BOUND('',#7750,.F.);
#7753=ORIENTED_EDGE('',*,*,#7752,.F.);
#7755=ORIENTED_EDGE('',*,*,#7754,.T.);
#7757=ORIENTED_EDGE('',*,*,#7756,.T.);
#7759=ORIENTED_EDGE('',*,*,#7758,.F.);
#7760=EDGE_LOOP('',(#7753,#7755,#7757,#7759));
#7761=FACE_BOUND('',#7760,.F.);
#7763=ORIENTED_EDGE('',*,*,#7762,.F.);
#7765=ORIENTED_EDGE('',*,*,#7764,.T.);
#7767=ORIENTED_EDGE('',*,*,#7766,.T.);
#7769=ORIENTED_EDGE('',*,*,#7768,.F.);
#7770=EDGE_LOOP('',(#7763,#7765,#7767,#7769));
#7771=FACE_BOUND('',#7770,.F.);
#7773=ORIENTED_EDGE('',*,*,#7772,.F.);
#7775=ORIENTED_EDGE('',*,*,#7774,.T.);
#7777=ORIENTED_EDGE('',*,*,#7776,.T.);
#7779=ORIENTED_EDGE('',*,*,#7778,.F.);
#7780=EDGE_LOOP('',(#7773,#7775,#7777,#7779));
#7781=FACE_BOUND('',#7780,.F.);
#7783=ORIENTED_EDGE('',*,*,#7782,.F.);
#7785=ORIENTED_EDGE('',*,*,#7784,.T.);
#7787=ORIENTED_EDGE('',*,*,#7786,.T.);
#7789=ORIENTED_EDGE('',*,*,#7788,.F.);
#7790=EDGE_LOOP('',(#7783,#7785,#7787,#7789));
#7791=FACE_BOUND('',#7790,.F.);
#7793=ORIENTED_EDGE('',*,*,#7792,.F.);
#7795=ORIENTED_EDGE('',*,*,#7794,.T.);
#7797=ORIENTED_EDGE('',*,*,#7796,.T.);
#7799=ORIENTED_EDGE('',*,*,#7798,.F.);
#7800=EDGE_LOOP('',(#7793,#7795,#7797,#7799));
#7801=FACE_BOUND('',#7800,.F.);
#7803=ORIENTED_EDGE('',*,*,#7802,.F.);
#7805=ORIENTED_EDGE('',*,*,#7804,.T.);
#7807=ORIENTED_EDGE('',*,*,#7806,.T.);
#7809=ORIENTED_EDGE('',*,*,#7808,.F.);
#7810=EDGE_LOOP('',(#7803,#7805,#7807,#7809));
#7811=FACE_BOUND('',#7810,.F.);
#7813=ORIENTED_EDGE('',*,*,#7812,.F.);
#7815=ORIENTED_EDGE('',*,*,#7814,.T.);
#7817=ORIENTED_EDGE('',*,*,#7816,.T.);
#7819=ORIENTED_EDGE('',*,*,#7818,.F.);
#7820=EDGE_LOOP('',(#7813,#7815,#7817,#7819));
#7821=FACE_BOUND('',#7820,.F.);
#7823=ORIENTED_EDGE('',*,*,#7822,.F.);
#7825=ORIENTED_EDGE('',*,*,#7824,.T.);
#7827=ORIENTED_EDGE('',*,*,#7826,.T.);
#7829=ORIENTED_EDGE('',*,*,#7828,.F.);
#7830=EDGE_LOOP('',(#7823,#7825,#7827,#7829));
#7831=FACE_BOUND('',#7830,.F.);
#7833=ORIENTED_EDGE('',*,*,#7832,.F.);
#7835=ORIENTED_EDGE('',*,*,#7834,.T.);
#7837=ORIENTED_EDGE('',*,*,#7836,.T.);
#7839=ORIENTED_EDGE('',*,*,#7838,.F.);
#7840=EDGE_LOOP('',(#7833,#7835,#7837,#7839));
#7841=FACE_BOUND('',#7840,.F.);
#7843=ORIENTED_EDGE('',*,*,#7842,.F.);
#7845=ORIENTED_EDGE('',*,*,#7844,.T.);
#7847=ORIENTED_EDGE('',*,*,#7846,.T.);
#7849=ORIENTED_EDGE('',*,*,#7848,.F.);
#7850=EDGE_LOOP('',(#7843,#7845,#7847,#7849));
#7851=FACE_BOUND('',#7850,.F.);
#7853=ORIENTED_EDGE('',*,*,#7852,.F.);
#7855=ORIENTED_EDGE('',*,*,#7854,.T.);
#7857=ORIENTED_EDGE('',*,*,#7856,.T.);
#7859=ORIENTED_EDGE('',*,*,#7858,.F.);
#7860=EDGE_LOOP('',(#7853,#7855,#7857,#7859));
#7861=FACE_BOUND('',#7860,.F.);
#7863=ORIENTED_EDGE('',*,*,#7862,.F.);
#7865=ORIENTED_EDGE('',*,*,#7864,.T.);
#7867=ORIENTED_EDGE('',*,*,#7866,.T.);
#7869=ORIENTED_EDGE('',*,*,#7868,.F.);
#7870=EDGE_LOOP('',(#7863,#7865,#7867,#7869));
#7871=FACE_BOUND('',#7870,.F.);
#7873=ORIENTED_EDGE('',*,*,#7872,.F.);
#7875=ORIENTED_EDGE('',*,*,#7874,.T.);
#7877=ORIENTED_EDGE('',*,*,#7876,.T.);
#7879=ORIENTED_EDGE('',*,*,#7878,.F.);
#7880=EDGE_LOOP('',(#7873,#7875,#7877,#7879));
#7881=FACE_BOUND('',#7880,.F.);
#7883=ORIENTED_EDGE('',*,*,#7882,.F.);
#7885=ORIENTED_EDGE('',*,*,#7884,.T.);
#7887=ORIENTED_EDGE('',*,*,#7886,.T.);
#7889=ORIENTED_EDGE('',*,*,#7888,.F.);
#7890=EDGE_LOOP('',(#7883,#7885,#7887,#7889));
#7891=FACE_BOUND('',#7890,.F.);
#7893=ORIENTED_EDGE('',*,*,#7892,.F.);
#7895=ORIENTED_EDGE('',*,*,#7894,.T.);
#7897=ORIENTED_EDGE('',*,*,#7896,.T.);
#7899=ORIENTED_EDGE('',*,*,#7898,.F.);
#7900=EDGE_LOOP('',(#7893,#7895,#7897,#7899));
#7901=FACE_BOUND('',#7900,.F.);
#7903=ORIENTED_EDGE('',*,*,#7902,.F.);
#7905=ORIENTED_EDGE('',*,*,#7904,.T.);
#7907=ORIENTED_EDGE('',*,*,#7906,.T.);
#7909=ORIENTED_EDGE('',*,*,#7908,.F.);
#7910=EDGE_LOOP('',(#7903,#7905,#7907,#7909));
#7911=FACE_BOUND('',#7910,.F.);
#7913=ORIENTED_EDGE('',*,*,#7912,.F.);
#7915=ORIENTED_EDGE('',*,*,#7914,.T.);
#7917=ORIENTED_EDGE('',*,*,#7916,.T.);
#7919=ORIENTED_EDGE('',*,*,#7918,.F.);
#7920=EDGE_LOOP('',(#7913,#7915,#7917,#7919));
#7921=FACE_BOUND('',#7920,.F.);
#7923=ORIENTED_EDGE('',*,*,#7922,.F.);
#7925=ORIENTED_EDGE('',*,*,#7924,.T.);
#7927=ORIENTED_EDGE('',*,*,#7926,.T.);
#7929=ORIENTED_EDGE('',*,*,#7928,.F.);
#7930=EDGE_LOOP('',(#7923,#7925,#7927,#7929));
#7931=FACE_BOUND('',#7930,.F.);
#7933=ORIENTED_EDGE('',*,*,#7932,.F.);
#7935=ORIENTED_EDGE('',*,*,#7934,.T.);
#7937=ORIENTED_EDGE('',*,*,#7936,.T.);
#7939=ORIENTED_EDGE('',*,*,#7938,.F.);
#7940=EDGE_LOOP('',(#7933,#7935,#7937,#7939));
#7941=FACE_BOUND('',#7940,.F.);
#7943=ORIENTED_EDGE('',*,*,#7942,.F.);
#7945=ORIENTED_EDGE('',*,*,#7944,.T.);
#7947=ORIENTED_EDGE('',*,*,#7946,.T.);
#7949=ORIENTED_EDGE('',*,*,#7948,.F.);
#7950=EDGE_LOOP('',(#7943,#7945,#7947,#7949));
#7951=FACE_BOUND('',#7950,.F.);
#7953=ORIENTED_EDGE('',*,*,#7952,.F.);
#7955=ORIENTED_EDGE('',*,*,#7954,.T.);
#7957=ORIENTED_EDGE('',*,*,#7956,.T.);
#7959=ORIENTED_EDGE('',*,*,#7958,.F.);
#7960=EDGE_LOOP('',(#7953,#7955,#7957,#7959));
#7961=FACE_BOUND('',#7960,.F.);
#7962=ADVANCED_FACE('',(#7722,#7731,#7741,#7751,#7761,#7771,#7781,#7791,#7801,
#7811,#7821,#7831,#7841,#7851,#7861,#7871,#7881,#7891,#7901,#7911,#7921,#7931,
#7941,#7951,#7961),#7700,.T.);
#7963=CARTESIAN_POINT('',(0.E0,0.E0,-1.28E1));
#7964=DIRECTION('',(0.E0,0.E0,-1.E0));
#7965=DIRECTION('',(-1.E0,0.E0,0.E0));
#7966=AXIS2_PLACEMENT_3D('',#7963,#7964,#7965);
#7967=PLANE('',#7966);
#7969=ORIENTED_EDGE('',*,*,#7968,.T.);
#7971=ORIENTED_EDGE('',*,*,#7970,.T.);
#7973=ORIENTED_EDGE('',*,*,#7972,.F.);
#7975=ORIENTED_EDGE('',*,*,#7974,.F.);
#7977=ORIENTED_EDGE('',*,*,#7976,.F.);
#7979=ORIENTED_EDGE('',*,*,#7978,.F.);
#7980=EDGE_LOOP('',(#7969,#7971,#7973,#7975,#7977,#7979));
#7981=FACE_OUTER_BOUND('',#7980,.F.);
#7982=ADVANCED_FACE('',(#7981),#7967,.T.);
#7983=CARTESIAN_POINT('',(0.E0,0.E0,-1.28E1));
#7984=DIRECTION('',(0.E0,0.E0,-1.E0));
#7985=DIRECTION('',(-1.E0,0.E0,0.E0));
#7986=AXIS2_PLACEMENT_3D('',#7983,#7984,#7985);
#7987=PLANE('',#7986);
#7989=ORIENTED_EDGE('',*,*,#7988,.T.);
#7991=ORIENTED_EDGE('',*,*,#7990,.F.);
#7992=EDGE_LOOP('',(#7989,#7991));
#7993=FACE_OUTER_BOUND('',#7992,.F.);
#7994=ADVANCED_FACE('',(#7993),#7987,.T.);
#7995=CARTESIAN_POINT('',(0.E0,0.E0,-1.28E1));
#7996=DIRECTION('',(0.E0,0.E0,-1.E0));
#7997=DIRECTION('',(-1.E0,0.E0,0.E0));
#7998=AXIS2_PLACEMENT_3D('',#7995,#7996,#7997);
#7999=PLANE('',#7998);
#8001=ORIENTED_EDGE('',*,*,#8000,.T.);
#8003=ORIENTED_EDGE('',*,*,#8002,.T.);
#8005=ORIENTED_EDGE('',*,*,#8004,.F.);
#8007=ORIENTED_EDGE('',*,*,#8006,.F.);
#8009=ORIENTED_EDGE('',*,*,#8008,.F.);
#8011=ORIENTED_EDGE('',*,*,#8010,.F.);
#8012=EDGE_LOOP('',(#8001,#8003,#8005,#8007,#8009,#8011));
#8013=FACE_OUTER_BOUND('',#8012,.F.);
#8014=ADVANCED_FACE('',(#8013),#7999,.T.);
#8015=CARTESIAN_POINT('',(2.3635E1,6.965E0,-1.8365E1));
#8016=DIRECTION('',(0.E0,-1.E0,0.E0));
#8017=DIRECTION('',(0.E0,0.E0,1.E0));
#8018=AXIS2_PLACEMENT_3D('',#8015,#8016,#8017);
#8019=PLANE('',#8018);
#8020=ORIENTED_EDGE('',*,*,#7724,.F.);
#8021=ORIENTED_EDGE('',*,*,#7676,.F.);
#8023=ORIENTED_EDGE('',*,*,#8022,.T.);
#8025=ORIENTED_EDGE('',*,*,#8024,.T.);
#8026=EDGE_LOOP('',(#8020,#8021,#8023,#8025));
#8027=FACE_OUTER_BOUND('',#8026,.F.);
#8028=ADVANCED_FACE('',(#8027),#8019,.T.);
#8029=CARTESIAN_POINT('',(2.3635E1,6.965E0,-1.8365E1));
#8030=DIRECTION('',(0.E0,-1.E0,0.E0));
#8031=DIRECTION('',(0.E0,0.E0,1.E0));
#8032=AXIS2_PLACEMENT_3D('',#8029,#8030,#8031);
#8033=PLANE('',#8032);
#8034=ORIENTED_EDGE('',*,*,#7574,.T.);
#8036=ORIENTED_EDGE('',*,*,#8035,.T.);
#8038=ORIENTED_EDGE('',*,*,#8037,.F.);
#8039=ORIENTED_EDGE('',*,*,#7687,.F.);
#8040=EDGE_LOOP('',(#8034,#8036,#8038,#8039));
#8041=FACE_OUTER_BOUND('',#8040,.F.);
#8042=ADVANCED_FACE('',(#8041),#8033,.T.);
#8043=CARTESIAN_POINT('',(2.3635E1,6.465E0,-1.8365E1));
#8044=DIRECTION('',(-1.E0,0.E0,0.E0));
#8045=DIRECTION('',(0.E0,0.E0,1.E0));
#8046=AXIS2_PLACEMENT_3D('',#8043,#8044,#8045);
#8047=CYLINDRICAL_SURFACE('',#8046,5.E-1);
#8048=ORIENTED_EDGE('',*,*,#7674,.F.);
#8050=ORIENTED_EDGE('',*,*,#8049,.T.);
#8052=ORIENTED_EDGE('',*,*,#8051,.T.);
#8053=ORIENTED_EDGE('',*,*,#8022,.F.);
#8054=EDGE_LOOP('',(#8048,#8050,#8052,#8053));
#8055=FACE_OUTER_BOUND('',#8054,.F.);
#8056=ADVANCED_FACE('',(#8055),#8047,.F.);
#8057=CARTESIAN_POINT('',(2.3635E1,-3.3E0,-1.8865E1));
#8058=DIRECTION('',(0.E0,0.E0,1.E0));
#8059=DIRECTION('',(0.E0,1.E0,0.E0));
#8060=AXIS2_PLACEMENT_3D('',#8057,#8058,#8059);
#8061=PLANE('',#8060);
#8062=ORIENTED_EDGE('',*,*,#7672,.F.);
#8064=ORIENTED_EDGE('',*,*,#8063,.T.);
#8066=ORIENTED_EDGE('',*,*,#8065,.T.);
#8067=ORIENTED_EDGE('',*,*,#8049,.F.);
#8068=EDGE_LOOP('',(#8062,#8064,#8066,#8067));
#8069=FACE_OUTER_BOUND('',#8068,.F.);
#8070=ADVANCED_FACE('',(#8069),#8061,.T.);
#8071=CARTESIAN_POINT('',(2.3635E1,-3.3E0,-1.9935E1));
#8072=DIRECTION('',(0.E0,-1.E0,0.E0));
#8073=DIRECTION('',(0.E0,0.E0,1.E0));
#8074=AXIS2_PLACEMENT_3D('',#8071,#8072,#8073);
#8075=PLANE('',#8074);
#8076=ORIENTED_EDGE('',*,*,#7670,.F.);
#8078=ORIENTED_EDGE('',*,*,#8077,.T.);
#8080=ORIENTED_EDGE('',*,*,#8079,.T.);
#8081=ORIENTED_EDGE('',*,*,#8063,.F.);
#8082=EDGE_LOOP('',(#8076,#8078,#8080,#8081));
#8083=FACE_OUTER_BOUND('',#8082,.F.);
#8084=ADVANCED_FACE('',(#8083),#8075,.T.);
#8085=CARTESIAN_POINT('',(2.3635E1,6.465E0,-1.9935E1));
#8086=DIRECTION('',(0.E0,0.E0,-1.E0));
#8087=DIRECTION('',(0.E0,-1.E0,0.E0));
#8088=AXIS2_PLACEMENT_3D('',#8085,#8086,#8087);
#8089=PLANE('',#8088);
#8090=ORIENTED_EDGE('',*,*,#7668,.F.);
#8092=ORIENTED_EDGE('',*,*,#8091,.T.);
#8094=ORIENTED_EDGE('',*,*,#8093,.T.);
#8095=ORIENTED_EDGE('',*,*,#8077,.F.);
#8096=EDGE_LOOP('',(#8090,#8092,#8094,#8095));
#8097=FACE_OUTER_BOUND('',#8096,.F.);
#8098=ADVANCED_FACE('',(#8097),#8089,.T.);
#8099=CARTESIAN_POINT('',(2.3635E1,6.465E0,-1.8365E1));
#8100=DIRECTION('',(-1.E0,0.E0,0.E0));
#8101=DIRECTION('',(0.E0,0.E0,1.E0));
#8102=AXIS2_PLACEMENT_3D('',#8099,#8100,#8101);
#8103=CYLINDRICAL_SURFACE('',#8102,1.57E0);
#8104=ORIENTED_EDGE('',*,*,#7666,.F.);
#8106=ORIENTED_EDGE('',*,*,#8105,.T.);
#8108=ORIENTED_EDGE('',*,*,#8107,.T.);
#8109=ORIENTED_EDGE('',*,*,#8091,.F.);
#8110=EDGE_LOOP('',(#8104,#8106,#8108,#8109));
#8111=FACE_OUTER_BOUND('',#8110,.F.);
#8112=ADVANCED_FACE('',(#8111),#8103,.T.);
#8113=CARTESIAN_POINT('',(2.3635E1,8.035E0,-4.7E0));
#8114=DIRECTION('',(0.E0,1.E0,0.E0));
#8115=DIRECTION('',(0.E0,0.E0,-1.E0));
#8116=AXIS2_PLACEMENT_3D('',#8113,#8114,#8115);
#8117=PLANE('',#8116);
#8118=ORIENTED_EDGE('',*,*,#7728,.T.);
#8120=ORIENTED_EDGE('',*,*,#8119,.T.);
#8121=ORIENTED_EDGE('',*,*,#8105,.F.);
#8122=ORIENTED_EDGE('',*,*,#7664,.F.);
#8123=EDGE_LOOP('',(#8118,#8120,#8121,#8122));
#8124=FACE_OUTER_BOUND('',#8123,.F.);
#8125=ADVANCED_FACE('',(#8124),#8117,.T.);
#8126=CARTESIAN_POINT('',(2.3635E1,8.035E0,-4.7E0));
#8127=DIRECTION('',(0.E0,1.E0,0.E0));
#8128=DIRECTION('',(0.E0,0.E0,-1.E0));
#8129=AXIS2_PLACEMENT_3D('',#8126,#8127,#8128);
#8130=PLANE('',#8129);
#8131=ORIENTED_EDGE('',*,*,#7570,.F.);
#8132=ORIENTED_EDGE('',*,*,#7691,.F.);
#8134=ORIENTED_EDGE('',*,*,#8133,.T.);
#8136=ORIENTED_EDGE('',*,*,#8135,.T.);
#8137=EDGE_LOOP('',(#8131,#8132,#8134,#8136));
#8138=FACE_OUTER_BOUND('',#8137,.F.);
#8139=ADVANCED_FACE('',(#8138),#8130,.T.);
#8140=CARTESIAN_POINT('',(2.2565E1,1.E1,0.E0));
#8141=DIRECTION('',(-1.E0,0.E0,0.E0));
#8142=DIRECTION('',(0.E0,0.E0,1.E0));
#8143=AXIS2_PLACEMENT_3D('',#8140,#8141,#8142);
#8144=PLANE('',#8143);
#8145=ORIENTED_EDGE('',*,*,#7726,.F.);
#8146=ORIENTED_EDGE('',*,*,#8024,.F.);
#8147=ORIENTED_EDGE('',*,*,#8051,.F.);
#8148=ORIENTED_EDGE('',*,*,#8065,.F.);
#8149=ORIENTED_EDGE('',*,*,#8079,.F.);
#8150=ORIENTED_EDGE('',*,*,#8093,.F.);
#8151=ORIENTED_EDGE('',*,*,#8107,.F.);
#8152=ORIENTED_EDGE('',*,*,#8119,.F.);
#8153=EDGE_LOOP('',(#8145,#8146,#8147,#8148,#8149,#8150,#8151,#8152));
#8154=FACE_OUTER_BOUND('',#8153,.F.);
#8155=ADVANCED_FACE('',(#8154),#8144,.T.);
#8156=CARTESIAN_POINT('',(2.2565E1,1.E1,0.E0));
#8157=DIRECTION('',(-1.E0,0.E0,0.E0));
#8158=DIRECTION('',(0.E0,0.E0,1.E0));
#8159=AXIS2_PLACEMENT_3D('',#8156,#8157,#8158);
#8160=PLANE('',#8159);
#8161=ORIENTED_EDGE('',*,*,#7572,.T.);
#8162=ORIENTED_EDGE('',*,*,#8135,.F.);
#8164=ORIENTED_EDGE('',*,*,#8163,.F.);
#8165=ORIENTED_EDGE('',*,*,#8035,.F.);
#8166=EDGE_LOOP('',(#8161,#8162,#8164,#8165));
#8167=FACE_OUTER_BOUND('',#8166,.F.);
#8168=ADVANCED_FACE('',(#8167),#8160,.T.);
#8169=CARTESIAN_POINT('',(2.3635E1,6.965E0,-4.7E0));
#8170=DIRECTION('',(0.E0,0.E0,1.E0));
#8171=DIRECTION('',(0.E0,1.E0,0.E0));
#8172=AXIS2_PLACEMENT_3D('',#8169,#8170,#8171);
#8173=PLANE('',#8172);
#8174=ORIENTED_EDGE('',*,*,#7689,.F.);
#8175=ORIENTED_EDGE('',*,*,#8037,.T.);
#8176=ORIENTED_EDGE('',*,*,#8163,.T.);
#8177=ORIENTED_EDGE('',*,*,#8133,.F.);
#8178=EDGE_LOOP('',(#8174,#8175,#8176,#8177));
#8179=FACE_OUTER_BOUND('',#8178,.F.);
#8180=ADVANCED_FACE('',(#8179),#8173,.T.);
#8181=CARTESIAN_POINT('',(1.9435E1,1.E1,0.E0));
#8182=DIRECTION('',(-1.E0,0.E0,0.E0));
#8183=DIRECTION('',(0.E0,0.E0,1.E0));
#8184=AXIS2_PLACEMENT_3D('',#8181,#8182,#8183);
#8185=PLANE('',#8184);
#8186=ORIENTED_EDGE('',*,*,#7732,.T.);
#8188=ORIENTED_EDGE('',*,*,#8187,.T.);
#8190=ORIENTED_EDGE('',*,*,#8189,.T.);
#8192=ORIENTED_EDGE('',*,*,#8191,.T.);
#8194=ORIENTED_EDGE('',*,*,#8193,.T.);
#8196=ORIENTED_EDGE('',*,*,#8195,.T.);
#8198=ORIENTED_EDGE('',*,*,#8197,.T.);
#8200=ORIENTED_EDGE('',*,*,#8199,.T.);
#8201=EDGE_LOOP('',(#8186,#8188,#8190,#8192,#8194,#8196,#8198,#8200));
#8202=FACE_OUTER_BOUND('',#8201,.F.);
#8203=ADVANCED_FACE('',(#8202),#8185,.F.);
#8204=CARTESIAN_POINT('',(1.9435E1,1.E1,0.E0));
#8205=DIRECTION('',(-1.E0,0.E0,0.E0));
#8206=DIRECTION('',(0.E0,0.E0,1.E0));
#8207=AXIS2_PLACEMENT_3D('',#8204,#8205,#8206);
#8208=PLANE('',#8207);
#8210=ORIENTED_EDGE('',*,*,#8209,.F.);
#8212=ORIENTED_EDGE('',*,*,#8211,.T.);
#8214=ORIENTED_EDGE('',*,*,#8213,.T.);
#8216=ORIENTED_EDGE('',*,*,#8215,.T.);
#8217=EDGE_LOOP('',(#8210,#8212,#8214,#8216));
#8218=FACE_OUTER_BOUND('',#8217,.F.);
#8219=ADVANCED_FACE('',(#8218),#8208,.F.);
#8220=CARTESIAN_POINT('',(1.9435E1,8.035E0,-4.7E0));
#8221=DIRECTION('',(0.E0,1.E0,0.E0));
#8222=DIRECTION('',(0.E0,0.E0,-1.E0));
#8223=AXIS2_PLACEMENT_3D('',#8220,#8221,#8222);
#8224=PLANE('',#8223);
#8225=ORIENTED_EDGE('',*,*,#7738,.T.);
#8227=ORIENTED_EDGE('',*,*,#8226,.T.);
#8229=ORIENTED_EDGE('',*,*,#8228,.F.);
#8230=ORIENTED_EDGE('',*,*,#8187,.F.);
#8231=EDGE_LOOP('',(#8225,#8227,#8229,#8230));
#8232=FACE_OUTER_BOUND('',#8231,.F.);
#8233=ADVANCED_FACE('',(#8232),#8224,.T.);
#8234=CARTESIAN_POINT('',(1.9435E1,8.035E0,-4.7E0));
#8235=DIRECTION('',(0.E0,1.E0,0.E0));
#8236=DIRECTION('',(0.E0,0.E0,-1.E0));
#8237=AXIS2_PLACEMENT_3D('',#8234,#8235,#8236);
#8238=PLANE('',#8237);
#8240=ORIENTED_EDGE('',*,*,#8239,.F.);
#8241=ORIENTED_EDGE('',*,*,#8215,.F.);
#8243=ORIENTED_EDGE('',*,*,#8242,.T.);
#8245=ORIENTED_EDGE('',*,*,#8244,.T.);
#8246=EDGE_LOOP('',(#8240,#8241,#8243,#8245));
#8247=FACE_OUTER_BOUND('',#8246,.F.);
#8248=ADVANCED_FACE('',(#8247),#8238,.T.);
#8249=CARTESIAN_POINT('',(1.8365E1,1.E1,0.E0));
#8250=DIRECTION('',(-1.E0,0.E0,0.E0));
#8251=DIRECTION('',(0.E0,0.E0,1.E0));
#8252=AXIS2_PLACEMENT_3D('',#8249,#8250,#8251);
#8253=PLANE('',#8252);
#8254=ORIENTED_EDGE('',*,*,#7736,.F.);
#8256=ORIENTED_EDGE('',*,*,#8255,.F.);
#8258=ORIENTED_EDGE('',*,*,#8257,.F.);
#8260=ORIENTED_EDGE('',*,*,#8259,.F.);
#8262=ORIENTED_EDGE('',*,*,#8261,.F.);
#8264=ORIENTED_EDGE('',*,*,#8263,.F.);
#8266=ORIENTED_EDGE('',*,*,#8265,.F.);
#8267=ORIENTED_EDGE('',*,*,#8226,.F.);
#8268=EDGE_LOOP('',(#8254,#8256,#8258,#8260,#8262,#8264,#8266,#8267));
#8269=FACE_OUTER_BOUND('',#8268,.F.);
#8270=ADVANCED_FACE('',(#8269),#8253,.T.);
#8271=CARTESIAN_POINT('',(1.8365E1,1.E1,0.E0));
#8272=DIRECTION('',(-1.E0,0.E0,0.E0));
#8273=DIRECTION('',(0.E0,0.E0,1.E0));
#8274=AXIS2_PLACEMENT_3D('',#8271,#8272,#8273);
#8275=PLANE('',#8274);
#8277=ORIENTED_EDGE('',*,*,#8276,.T.);
#8278=ORIENTED_EDGE('',*,*,#8244,.F.);
#8280=ORIENTED_EDGE('',*,*,#8279,.F.);
#8282=ORIENTED_EDGE('',*,*,#8281,.F.);
#8283=EDGE_LOOP('',(#8277,#8278,#8280,#8282));
#8284=FACE_OUTER_BOUND('',#8283,.F.);
#8285=ADVANCED_FACE('',(#8284),#8275,.T.);
#8286=CARTESIAN_POINT('',(1.9435E1,6.965E0,-1.8365E1));
#8287=DIRECTION('',(0.E0,-1.E0,0.E0));
#8288=DIRECTION('',(0.E0,0.E0,1.E0));
#8289=AXIS2_PLACEMENT_3D('',#8286,#8287,#8288);
#8290=PLANE('',#8289);
#8291=ORIENTED_EDGE('',*,*,#7734,.F.);
#8292=ORIENTED_EDGE('',*,*,#8199,.F.);
#8294=ORIENTED_EDGE('',*,*,#8293,.T.);
#8295=ORIENTED_EDGE('',*,*,#8255,.T.);
#8296=EDGE_LOOP('',(#8291,#8292,#8294,#8295));
#8297=FACE_OUTER_BOUND('',#8296,.F.);
#8298=ADVANCED_FACE('',(#8297),#8290,.T.);
#8299=CARTESIAN_POINT('',(1.9435E1,6.965E0,-1.8365E1));
#8300=DIRECTION('',(0.E0,-1.E0,0.E0));
#8301=DIRECTION('',(0.E0,0.E0,1.E0));
#8302=AXIS2_PLACEMENT_3D('',#8299,#8300,#8301);
#8303=PLANE('',#8302);
#8305=ORIENTED_EDGE('',*,*,#8304,.T.);
#8306=ORIENTED_EDGE('',*,*,#8281,.T.);
#8308=ORIENTED_EDGE('',*,*,#8307,.F.);
#8309=ORIENTED_EDGE('',*,*,#8211,.F.);
#8310=EDGE_LOOP('',(#8305,#8306,#8308,#8309));
#8311=FACE_OUTER_BOUND('',#8310,.F.);
#8312=ADVANCED_FACE('',(#8311),#8303,.T.);
#8313=CARTESIAN_POINT('',(1.9435E1,6.465E0,-1.8365E1));
#8314=DIRECTION('',(-1.E0,0.E0,0.E0));
#8315=DIRECTION('',(0.E0,0.E0,1.E0));
#8316=AXIS2_PLACEMENT_3D('',#8313,#8314,#8315);
#8317=CYLINDRICAL_SURFACE('',#8316,5.E-1);
#8318=ORIENTED_EDGE('',*,*,#8197,.F.);
#8320=ORIENTED_EDGE('',*,*,#8319,.T.);
#8321=ORIENTED_EDGE('',*,*,#8257,.T.);
#8322=ORIENTED_EDGE('',*,*,#8293,.F.);
#8323=EDGE_LOOP('',(#8318,#8320,#8321,#8322));
#8324=FACE_OUTER_BOUND('',#8323,.F.);
#8325=ADVANCED_FACE('',(#8324),#8317,.F.);
#8326=CARTESIAN_POINT('',(1.9435E1,-3.3E0,-1.8865E1));
#8327=DIRECTION('',(0.E0,0.E0,1.E0));
#8328=DIRECTION('',(0.E0,1.E0,0.E0));
#8329=AXIS2_PLACEMENT_3D('',#8326,#8327,#8328);
#8330=PLANE('',#8329);
#8331=ORIENTED_EDGE('',*,*,#8195,.F.);
#8333=ORIENTED_EDGE('',*,*,#8332,.T.);
#8334=ORIENTED_EDGE('',*,*,#8259,.T.);
#8335=ORIENTED_EDGE('',*,*,#8319,.F.);
#8336=EDGE_LOOP('',(#8331,#8333,#8334,#8335));
#8337=FACE_OUTER_BOUND('',#8336,.F.);
#8338=ADVANCED_FACE('',(#8337),#8330,.T.);
#8339=CARTESIAN_POINT('',(1.9435E1,-3.3E0,-1.9935E1));
#8340=DIRECTION('',(0.E0,-1.E0,0.E0));
#8341=DIRECTION('',(0.E0,0.E0,1.E0));
#8342=AXIS2_PLACEMENT_3D('',#8339,#8340,#8341);
#8343=PLANE('',#8342);
#8344=ORIENTED_EDGE('',*,*,#8193,.F.);
#8346=ORIENTED_EDGE('',*,*,#8345,.T.);
#8347=ORIENTED_EDGE('',*,*,#8261,.T.);
#8348=ORIENTED_EDGE('',*,*,#8332,.F.);
#8349=EDGE_LOOP('',(#8344,#8346,#8347,#8348));
#8350=FACE_OUTER_BOUND('',#8349,.F.);
#8351=ADVANCED_FACE('',(#8350),#8343,.T.);
#8352=CARTESIAN_POINT('',(1.9435E1,6.465E0,-1.9935E1));
#8353=DIRECTION('',(0.E0,0.E0,-1.E0));
#8354=DIRECTION('',(0.E0,-1.E0,0.E0));
#8355=AXIS2_PLACEMENT_3D('',#8352,#8353,#8354);
#8356=PLANE('',#8355);
#8357=ORIENTED_EDGE('',*,*,#8191,.F.);
#8359=ORIENTED_EDGE('',*,*,#8358,.T.);
#8360=ORIENTED_EDGE('',*,*,#8263,.T.);
#8361=ORIENTED_EDGE('',*,*,#8345,.F.);
#8362=EDGE_LOOP('',(#8357,#8359,#8360,#8361));
#8363=FACE_OUTER_BOUND('',#8362,.F.);
#8364=ADVANCED_FACE('',(#8363),#8356,.T.);
#8365=CARTESIAN_POINT('',(1.9435E1,6.465E0,-1.8365E1));
#8366=DIRECTION('',(-1.E0,0.E0,0.E0));
#8367=DIRECTION('',(0.E0,0.E0,1.E0));
#8368=AXIS2_PLACEMENT_3D('',#8365,#8366,#8367);
#8369=CYLINDRICAL_SURFACE('',#8368,1.57E0);
#8370=ORIENTED_EDGE('',*,*,#8189,.F.);
#8371=ORIENTED_EDGE('',*,*,#8228,.T.);
#8372=ORIENTED_EDGE('',*,*,#8265,.T.);
#8373=ORIENTED_EDGE('',*,*,#8358,.F.);
#8374=EDGE_LOOP('',(#8370,#8371,#8372,#8373));
#8375=FACE_OUTER_BOUND('',#8374,.F.);
#8376=ADVANCED_FACE('',(#8375),#8369,.T.);
#8377=CARTESIAN_POINT('',(0.E0,0.E0,-1.E1));
#8378=DIRECTION('',(0.E0,0.E0,1.E0));
#8379=DIRECTION('',(1.E0,0.E0,0.E0));
#8380=AXIS2_PLACEMENT_3D('',#8377,#8378,#8379);
#8381=PLANE('',#8380);
#8383=ORIENTED_EDGE('',*,*,#8382,.F.);
#8385=ORIENTED_EDGE('',*,*,#8384,.F.);
#8387=ORIENTED_EDGE('',*,*,#8386,.F.);
#8389=ORIENTED_EDGE('',*,*,#8388,.F.);
#8391=ORIENTED_EDGE('',*,*,#8390,.F.);
#8393=ORIENTED_EDGE('',*,*,#8392,.F.);
#8394=EDGE_LOOP('',(#8383,#8385,#8387,#8389,#8391,#8393));
#8395=FACE_OUTER_BOUND('',#8394,.F.);
#8397=ORIENTED_EDGE('',*,*,#8396,.T.);
#8399=ORIENTED_EDGE('',*,*,#8398,.T.);
#8401=ORIENTED_EDGE('',*,*,#8400,.F.);
#8403=ORIENTED_EDGE('',*,*,#8402,.F.);
#8404=EDGE_LOOP('',(#8397,#8399,#8401,#8403));
#8405=FACE_BOUND('',#8404,.F.);
#8406=ADVANCED_FACE('',(#8395,#8405),#8381,.T.);
#8407=CARTESIAN_POINT('',(0.E0,0.E0,-1.E1));
#8408=DIRECTION('',(0.E0,0.E0,1.E0));
#8409=DIRECTION('',(1.E0,0.E0,0.E0));
#8410=AXIS2_PLACEMENT_3D('',#8407,#8408,#8409);
#8411=PLANE('',#8410);
#8413=ORIENTED_EDGE('',*,*,#8412,.F.);
#8415=ORIENTED_EDGE('',*,*,#8414,.F.);
#8417=ORIENTED_EDGE('',*,*,#8416,.F.);
#8419=ORIENTED_EDGE('',*,*,#8418,.F.);
#8420=EDGE_LOOP('',(#8413,#8415,#8417,#8419));
#8421=FACE_OUTER_BOUND('',#8420,.F.);
#8423=ORIENTED_EDGE('',*,*,#8422,.T.);
#8425=ORIENTED_EDGE('',*,*,#8424,.T.);
#8427=ORIENTED_EDGE('',*,*,#8426,.F.);
#8429=ORIENTED_EDGE('',*,*,#8428,.F.);
#8430=EDGE_LOOP('',(#8423,#8425,#8427,#8429));
#8431=FACE_BOUND('',#8430,.F.);
#8432=ADVANCED_FACE('',(#8421,#8431),#8411,.T.);
#8433=CARTESIAN_POINT('',(0.E0,0.E0,-1.E1));
#8434=DIRECTION('',(0.E0,0.E0,1.E0));
#8435=DIRECTION('',(1.E0,0.E0,0.E0));
#8436=AXIS2_PLACEMENT_3D('',#8433,#8434,#8435);
#8437=PLANE('',#8436);
#8439=ORIENTED_EDGE('',*,*,#8438,.F.);
#8441=ORIENTED_EDGE('',*,*,#8440,.F.);
#8443=ORIENTED_EDGE('',*,*,#8442,.F.);
#8445=ORIENTED_EDGE('',*,*,#8444,.F.);
#8447=ORIENTED_EDGE('',*,*,#8446,.F.);
#8449=ORIENTED_EDGE('',*,*,#8448,.F.);
#8450=EDGE_LOOP('',(#8439,#8441,#8443,#8445,#8447,#8449));
#8451=FACE_OUTER_BOUND('',#8450,.F.);
#8453=ORIENTED_EDGE('',*,*,#8452,.T.);
#8455=ORIENTED_EDGE('',*,*,#8454,.T.);
#8457=ORIENTED_EDGE('',*,*,#8456,.F.);
#8459=ORIENTED_EDGE('',*,*,#8458,.F.);
#8460=EDGE_LOOP('',(#8453,#8455,#8457,#8459));
#8461=FACE_BOUND('',#8460,.F.);
#8462=ADVANCED_FACE('',(#8451,#8461),#8437,.T.);
#8463=CARTESIAN_POINT('',(0.E0,0.E0,-1.E1));
#8464=DIRECTION('',(0.E0,0.E0,1.E0));
#8465=DIRECTION('',(1.E0,0.E0,0.E0));
#8466=AXIS2_PLACEMENT_3D('',#8463,#8464,#8465);
#8467=PLANE('',#8466);
#8469=ORIENTED_EDGE('',*,*,#8468,.F.);
#8471=ORIENTED_EDGE('',*,*,#8470,.F.);
#8473=ORIENTED_EDGE('',*,*,#8472,.F.);
#8475=ORIENTED_EDGE('',*,*,#8474,.F.);
#8476=EDGE_LOOP('',(#8469,#8471,#8473,#8475));
#8477=FACE_OUTER_BOUND('',#8476,.F.);
#8478=ORIENTED_EDGE('',*,*,#8209,.T.);
#8479=ORIENTED_EDGE('',*,*,#8239,.T.);
#8480=ORIENTED_EDGE('',*,*,#8276,.F.);
#8481=ORIENTED_EDGE('',*,*,#8304,.F.);
#8482=EDGE_LOOP('',(#8478,#8479,#8480,#8481));
#8483=FACE_BOUND('',#8482,.F.);
#8484=ADVANCED_FACE('',(#8477,#8483),#8467,.T.);
#8485=CARTESIAN_POINT('',(1.28E1,4.9E0,0.E0));
#8486=DIRECTION('',(-1.E0,0.E0,0.E0));
#8487=DIRECTION('',(0.E0,-1.E0,0.E0));
#8488=AXIS2_PLACEMENT_3D('',#8485,#8486,#8487);
#8489=PLANE('',#8488);
#8490=ORIENTED_EDGE('',*,*,#7220,.F.);
#8492=ORIENTED_EDGE('',*,*,#8491,.T.);
#8493=ORIENTED_EDGE('',*,*,#8382,.T.);
#8495=ORIENTED_EDGE('',*,*,#8494,.F.);
#8496=EDGE_LOOP('',(#8490,#8492,#8493,#8495));
#8497=FACE_OUTER_BOUND('',#8496,.F.);
#8498=ADVANCED_FACE('',(#8497),#8489,.F.);
#8499=CARTESIAN_POINT('',(1.66E1,4.9E0,0.E0));
#8500=DIRECTION('',(0.E0,1.E0,0.E0));
#8501=DIRECTION('',(-1.E0,0.E0,0.E0));
#8502=AXIS2_PLACEMENT_3D('',#8499,#8500,#8501);
#8503=PLANE('',#8502);
#8504=ORIENTED_EDGE('',*,*,#7230,.F.);
#8506=ORIENTED_EDGE('',*,*,#8505,.T.);
#8507=ORIENTED_EDGE('',*,*,#8384,.T.);
#8508=ORIENTED_EDGE('',*,*,#8491,.F.);
#8509=EDGE_LOOP('',(#8504,#8506,#8507,#8508));
#8510=FACE_OUTER_BOUND('',#8509,.F.);
#8511=ADVANCED_FACE('',(#8510),#8503,.F.);
#8512=CARTESIAN_POINT('',(1.66E1,2.1E0,0.E0));
#8513=DIRECTION('',(1.E0,0.E0,0.E0));
#8514=DIRECTION('',(0.E0,1.E0,0.E0));
#8515=AXIS2_PLACEMENT_3D('',#8512,#8513,#8514);
#8516=PLANE('',#8515);
#8517=ORIENTED_EDGE('',*,*,#7228,.F.);
#8519=ORIENTED_EDGE('',*,*,#8518,.T.);
#8520=ORIENTED_EDGE('',*,*,#8386,.T.);
#8521=ORIENTED_EDGE('',*,*,#8505,.F.);
#8522=EDGE_LOOP('',(#8517,#8519,#8520,#8521));
#8523=FACE_OUTER_BOUND('',#8522,.F.);
#8524=ADVANCED_FACE('',(#8523),#8516,.F.);
#8525=CARTESIAN_POINT('',(1.58E1,1.3E0,0.E0));
#8526=DIRECTION('',(7.071067811865E-1,-7.071067811865E-1,0.E0));
#8527=DIRECTION('',(7.071067811865E-1,7.071067811865E-1,0.E0));
#8528=AXIS2_PLACEMENT_3D('',#8525,#8526,#8527);
#8529=PLANE('',#8528);
#8530=ORIENTED_EDGE('',*,*,#7226,.F.);
#8532=ORIENTED_EDGE('',*,*,#8531,.T.);
#8533=ORIENTED_EDGE('',*,*,#8388,.T.);
#8534=ORIENTED_EDGE('',*,*,#8518,.F.);
#8535=EDGE_LOOP('',(#8530,#8532,#8533,#8534));
#8536=FACE_OUTER_BOUND('',#8535,.F.);
#8537=ADVANCED_FACE('',(#8536),#8529,.F.);
#8538=CARTESIAN_POINT('',(1.36E1,1.3E0,0.E0));
#8539=DIRECTION('',(0.E0,-1.E0,0.E0));
#8540=DIRECTION('',(1.E0,0.E0,0.E0));
#8541=AXIS2_PLACEMENT_3D('',#8538,#8539,#8540);
#8542=PLANE('',#8541);
#8543=ORIENTED_EDGE('',*,*,#7224,.F.);
#8545=ORIENTED_EDGE('',*,*,#8544,.T.);
#8546=ORIENTED_EDGE('',*,*,#8390,.T.);
#8547=ORIENTED_EDGE('',*,*,#8531,.F.);
#8548=EDGE_LOOP('',(#8543,#8545,#8546,#8547));
#8549=FACE_OUTER_BOUND('',#8548,.F.);
#8550=ADVANCED_FACE('',(#8549),#8542,.F.);
#8551=CARTESIAN_POINT('',(1.28E1,2.1E0,0.E0));
#8552=DIRECTION('',(-7.071067811865E-1,-7.071067811865E-1,0.E0));
#8553=DIRECTION('',(7.071067811865E-1,-7.071067811865E-1,0.E0));
#8554=AXIS2_PLACEMENT_3D('',#8551,#8552,#8553);
#8555=PLANE('',#8554);
#8556=ORIENTED_EDGE('',*,*,#7222,.F.);
#8557=ORIENTED_EDGE('',*,*,#8494,.T.);
#8558=ORIENTED_EDGE('',*,*,#8392,.T.);
#8559=ORIENTED_EDGE('',*,*,#8544,.F.);
#8560=EDGE_LOOP('',(#8556,#8557,#8558,#8559));
#8561=FACE_OUTER_BOUND('',#8560,.F.);
#8562=ADVANCED_FACE('',(#8561),#8555,.F.);
#8563=CARTESIAN_POINT('',(1.28E1,9.1E0,0.E0));
#8564=DIRECTION('',(-1.E0,0.E0,0.E0));
#8565=DIRECTION('',(0.E0,-1.E0,0.E0));
#8566=AXIS2_PLACEMENT_3D('',#8563,#8564,#8565);
#8567=PLANE('',#8566);
#8568=ORIENTED_EDGE('',*,*,#7234,.F.);
#8570=ORIENTED_EDGE('',*,*,#8569,.T.);
#8571=ORIENTED_EDGE('',*,*,#8412,.T.);
#8573=ORIENTED_EDGE('',*,*,#8572,.F.);
#8574=EDGE_LOOP('',(#8568,#8570,#8571,#8573));
#8575=FACE_OUTER_BOUND('',#8574,.F.);
#8576=ADVANCED_FACE('',(#8575),#8567,.F.);
#8577=CARTESIAN_POINT('',(1.66E1,9.1E0,0.E0));
#8578=DIRECTION('',(0.E0,1.E0,0.E0));
#8579=DIRECTION('',(-1.E0,0.E0,0.E0));
#8580=AXIS2_PLACEMENT_3D('',#8577,#8578,#8579);
#8581=PLANE('',#8580);
#8582=ORIENTED_EDGE('',*,*,#7240,.F.);
#8584=ORIENTED_EDGE('',*,*,#8583,.T.);
#8585=ORIENTED_EDGE('',*,*,#8414,.T.);
#8586=ORIENTED_EDGE('',*,*,#8569,.F.);
#8587=EDGE_LOOP('',(#8582,#8584,#8585,#8586));
#8588=FACE_OUTER_BOUND('',#8587,.F.);
#8589=ADVANCED_FACE('',(#8588),#8581,.F.);
#8590=CARTESIAN_POINT('',(1.66E1,5.5E0,0.E0));
#8591=DIRECTION('',(1.E0,0.E0,0.E0));
#8592=DIRECTION('',(0.E0,1.E0,0.E0));
#8593=AXIS2_PLACEMENT_3D('',#8590,#8591,#8592);
#8594=PLANE('',#8593);
#8595=ORIENTED_EDGE('',*,*,#7238,.F.);
#8597=ORIENTED_EDGE('',*,*,#8596,.T.);
#8598=ORIENTED_EDGE('',*,*,#8416,.T.);
#8599=ORIENTED_EDGE('',*,*,#8583,.F.);
#8600=EDGE_LOOP('',(#8595,#8597,#8598,#8599));
#8601=FACE_OUTER_BOUND('',#8600,.F.);
#8602=ADVANCED_FACE('',(#8601),#8594,.F.);
#8603=CARTESIAN_POINT('',(1.28E1,5.5E0,0.E0));
#8604=DIRECTION('',(0.E0,-1.E0,0.E0));
#8605=DIRECTION('',(1.E0,0.E0,0.E0));
#8606=AXIS2_PLACEMENT_3D('',#8603,#8604,#8605);
#8607=PLANE('',#8606);
#8608=ORIENTED_EDGE('',*,*,#7236,.F.);
#8609=ORIENTED_EDGE('',*,*,#8572,.T.);
#8610=ORIENTED_EDGE('',*,*,#8418,.T.);
#8611=ORIENTED_EDGE('',*,*,#8596,.F.);
#8612=EDGE_LOOP('',(#8608,#8609,#8610,#8611));
#8613=FACE_OUTER_BOUND('',#8612,.F.);
#8614=ADVANCED_FACE('',(#8613),#8607,.F.);
#8615=CARTESIAN_POINT('',(1.7E1,4.9E0,0.E0));
#8616=DIRECTION('',(-1.E0,0.E0,0.E0));
#8617=DIRECTION('',(0.E0,-1.E0,0.E0));
#8618=AXIS2_PLACEMENT_3D('',#8615,#8616,#8617);
#8619=PLANE('',#8618);
#8620=ORIENTED_EDGE('',*,*,#7244,.F.);
#8622=ORIENTED_EDGE('',*,*,#8621,.T.);
#8623=ORIENTED_EDGE('',*,*,#8438,.T.);
#8625=ORIENTED_EDGE('',*,*,#8624,.F.);
#8626=EDGE_LOOP('',(#8620,#8622,#8623,#8625));
#8627=FACE_OUTER_BOUND('',#8626,.F.);
#8628=ADVANCED_FACE('',(#8627),#8619,.F.);
#8629=CARTESIAN_POINT('',(2.08E1,4.9E0,0.E0));
#8630=DIRECTION('',(0.E0,1.E0,0.E0));
#8631=DIRECTION('',(-1.E0,0.E0,0.E0));
#8632=AXIS2_PLACEMENT_3D('',#8629,#8630,#8631);
#8633=PLANE('',#8632);
#8634=ORIENTED_EDGE('',*,*,#7254,.F.);
#8636=ORIENTED_EDGE('',*,*,#8635,.T.);
#8637=ORIENTED_EDGE('',*,*,#8440,.T.);
#8638=ORIENTED_EDGE('',*,*,#8621,.F.);
#8639=EDGE_LOOP('',(#8634,#8636,#8637,#8638));
#8640=FACE_OUTER_BOUND('',#8639,.F.);
#8641=ADVANCED_FACE('',(#8640),#8633,.F.);
#8642=CARTESIAN_POINT('',(2.08E1,1.9E0,0.E0));
#8643=DIRECTION('',(1.E0,0.E0,0.E0));
#8644=DIRECTION('',(0.E0,1.E0,0.E0));
#8645=AXIS2_PLACEMENT_3D('',#8642,#8643,#8644);
#8646=PLANE('',#8645);
#8647=ORIENTED_EDGE('',*,*,#7252,.F.);
#8649=ORIENTED_EDGE('',*,*,#8648,.T.);
#8650=ORIENTED_EDGE('',*,*,#8442,.T.);
#8651=ORIENTED_EDGE('',*,*,#8635,.F.);
#8652=EDGE_LOOP('',(#8647,#8649,#8650,#8651));
#8653=FACE_OUTER_BOUND('',#8652,.F.);
#8654=ADVANCED_FACE('',(#8653),#8646,.F.);
#8655=CARTESIAN_POINT('',(2.E1,1.1E0,0.E0));
#8656=DIRECTION('',(7.071067811865E-1,-7.071067811865E-1,0.E0));
#8657=DIRECTION('',(7.071067811865E-1,7.071067811865E-1,0.E0));
#8658=AXIS2_PLACEMENT_3D('',#8655,#8656,#8657);
#8659=PLANE('',#8658);
#8660=ORIENTED_EDGE('',*,*,#7250,.F.);
#8662=ORIENTED_EDGE('',*,*,#8661,.T.);
#8663=ORIENTED_EDGE('',*,*,#8444,.T.);
#8664=ORIENTED_EDGE('',*,*,#8648,.F.);
#8665=EDGE_LOOP('',(#8660,#8662,#8663,#8664));
#8666=FACE_OUTER_BOUND('',#8665,.F.);
#8667=ADVANCED_FACE('',(#8666),#8659,.F.);
#8668=CARTESIAN_POINT('',(1.78E1,1.1E0,0.E0));
#8669=DIRECTION('',(0.E0,-1.E0,0.E0));
#8670=DIRECTION('',(1.E0,0.E0,0.E0));
#8671=AXIS2_PLACEMENT_3D('',#8668,#8669,#8670);
#8672=PLANE('',#8671);
#8673=ORIENTED_EDGE('',*,*,#7248,.F.);
#8675=ORIENTED_EDGE('',*,*,#8674,.T.);
#8676=ORIENTED_EDGE('',*,*,#8446,.T.);
#8677=ORIENTED_EDGE('',*,*,#8661,.F.);
#8678=EDGE_LOOP('',(#8673,#8675,#8676,#8677));
#8679=FACE_OUTER_BOUND('',#8678,.F.);
#8680=ADVANCED_FACE('',(#8679),#8672,.F.);
#8681=CARTESIAN_POINT('',(1.7E1,1.9E0,0.E0));
#8682=DIRECTION('',(-7.071067811865E-1,-7.071067811865E-1,0.E0));
#8683=DIRECTION('',(7.071067811865E-1,-7.071067811865E-1,0.E0));
#8684=AXIS2_PLACEMENT_3D('',#8681,#8682,#8683);
#8685=PLANE('',#8684);
#8686=ORIENTED_EDGE('',*,*,#7246,.F.);
#8687=ORIENTED_EDGE('',*,*,#8624,.T.);
#8688=ORIENTED_EDGE('',*,*,#8448,.T.);
#8689=ORIENTED_EDGE('',*,*,#8674,.F.);
#8690=EDGE_LOOP('',(#8686,#8687,#8688,#8689));
#8691=FACE_OUTER_BOUND('',#8690,.F.);
#8692=ADVANCED_FACE('',(#8691),#8685,.F.);
#8693=CARTESIAN_POINT('',(1.7E1,9.1E0,0.E0));
#8694=DIRECTION('',(-1.E0,0.E0,0.E0));
#8695=DIRECTION('',(0.E0,-1.E0,0.E0));
#8696=AXIS2_PLACEMENT_3D('',#8693,#8694,#8695);
#8697=PLANE('',#8696);
#8698=ORIENTED_EDGE('',*,*,#7258,.F.);
#8700=ORIENTED_EDGE('',*,*,#8699,.T.);
#8701=ORIENTED_EDGE('',*,*,#8468,.T.);
#8703=ORIENTED_EDGE('',*,*,#8702,.F.);
#8704=EDGE_LOOP('',(#8698,#8700,#8701,#8703));
#8705=FACE_OUTER_BOUND('',#8704,.F.);
#8706=ADVANCED_FACE('',(#8705),#8697,.F.);
#8707=CARTESIAN_POINT('',(2.08E1,9.1E0,0.E0));
#8708=DIRECTION('',(0.E0,1.E0,0.E0));
#8709=DIRECTION('',(-1.E0,0.E0,0.E0));
#8710=AXIS2_PLACEMENT_3D('',#8707,#8708,#8709);
#8711=PLANE('',#8710);
#8712=ORIENTED_EDGE('',*,*,#7264,.F.);
#8714=ORIENTED_EDGE('',*,*,#8713,.T.);
#8715=ORIENTED_EDGE('',*,*,#8470,.T.);
#8716=ORIENTED_EDGE('',*,*,#8699,.F.);
#8717=EDGE_LOOP('',(#8712,#8714,#8715,#8716));
#8718=FACE_OUTER_BOUND('',#8717,.F.);
#8719=ADVANCED_FACE('',(#8718),#8711,.F.);
#8720=CARTESIAN_POINT('',(2.08E1,5.5E0,0.E0));
#8721=DIRECTION('',(1.E0,0.E0,0.E0));
#8722=DIRECTION('',(0.E0,1.E0,0.E0));
#8723=AXIS2_PLACEMENT_3D('',#8720,#8721,#8722);
#8724=PLANE('',#8723);
#8725=ORIENTED_EDGE('',*,*,#7262,.F.);
#8727=ORIENTED_EDGE('',*,*,#8726,.T.);
#8728=ORIENTED_EDGE('',*,*,#8472,.T.);
#8729=ORIENTED_EDGE('',*,*,#8713,.F.);
#8730=EDGE_LOOP('',(#8725,#8727,#8728,#8729));
#8731=FACE_OUTER_BOUND('',#8730,.F.);
#8732=ADVANCED_FACE('',(#8731),#8724,.F.);
#8733=CARTESIAN_POINT('',(1.7E1,5.5E0,0.E0));
#8734=DIRECTION('',(0.E0,-1.E0,0.E0));
#8735=DIRECTION('',(1.E0,0.E0,0.E0));
#8736=AXIS2_PLACEMENT_3D('',#8733,#8734,#8735);
#8737=PLANE('',#8736);
#8738=ORIENTED_EDGE('',*,*,#7260,.F.);
#8739=ORIENTED_EDGE('',*,*,#8702,.T.);
#8740=ORIENTED_EDGE('',*,*,#8474,.T.);
#8741=ORIENTED_EDGE('',*,*,#8726,.F.);
#8742=EDGE_LOOP('',(#8738,#8739,#8740,#8741));
#8743=FACE_OUTER_BOUND('',#8742,.F.);
#8744=ADVANCED_FACE('',(#8743),#8737,.F.);
#8745=CARTESIAN_POINT('',(1.5235E1,1.E1,0.E0));
#8746=DIRECTION('',(-1.E0,0.E0,0.E0));
#8747=DIRECTION('',(0.E0,0.E0,1.E0));
#8748=AXIS2_PLACEMENT_3D('',#8745,#8746,#8747);
#8749=PLANE('',#8748);
#8750=ORIENTED_EDGE('',*,*,#7742,.T.);
#8752=ORIENTED_EDGE('',*,*,#8751,.T.);
#8754=ORIENTED_EDGE('',*,*,#8753,.T.);
#8756=ORIENTED_EDGE('',*,*,#8755,.T.);
#8758=ORIENTED_EDGE('',*,*,#8757,.T.);
#8760=ORIENTED_EDGE('',*,*,#8759,.T.);
#8762=ORIENTED_EDGE('',*,*,#8761,.T.);
#8764=ORIENTED_EDGE('',*,*,#8763,.T.);
#8765=EDGE_LOOP('',(#8750,#8752,#8754,#8756,#8758,#8760,#8762,#8764));
#8766=FACE_OUTER_BOUND('',#8765,.F.);
#8767=ADVANCED_FACE('',(#8766),#8749,.F.);
#8768=CARTESIAN_POINT('',(1.5235E1,1.E1,0.E0));
#8769=DIRECTION('',(-1.E0,0.E0,0.E0));
#8770=DIRECTION('',(0.E0,0.E0,1.E0));
#8771=AXIS2_PLACEMENT_3D('',#8768,#8769,#8770);
#8772=PLANE('',#8771);
#8773=ORIENTED_EDGE('',*,*,#8422,.F.);
#8775=ORIENTED_EDGE('',*,*,#8774,.T.);
#8777=ORIENTED_EDGE('',*,*,#8776,.T.);
#8779=ORIENTED_EDGE('',*,*,#8778,.T.);
#8780=EDGE_LOOP('',(#8773,#8775,#8777,#8779));
#8781=FACE_OUTER_BOUND('',#8780,.F.);
#8782=ADVANCED_FACE('',(#8781),#8772,.F.);
#8783=CARTESIAN_POINT('',(1.5235E1,8.035E0,-4.7E0));
#8784=DIRECTION('',(0.E0,1.E0,0.E0));
#8785=DIRECTION('',(0.E0,0.E0,-1.E0));
#8786=AXIS2_PLACEMENT_3D('',#8783,#8784,#8785);
#8787=PLANE('',#8786);
#8788=ORIENTED_EDGE('',*,*,#7748,.T.);
#8790=ORIENTED_EDGE('',*,*,#8789,.T.);
#8792=ORIENTED_EDGE('',*,*,#8791,.F.);
#8793=ORIENTED_EDGE('',*,*,#8751,.F.);
#8794=EDGE_LOOP('',(#8788,#8790,#8792,#8793));
#8795=FACE_OUTER_BOUND('',#8794,.F.);
#8796=ADVANCED_FACE('',(#8795),#8787,.T.);
#8797=CARTESIAN_POINT('',(1.5235E1,8.035E0,-4.7E0));
#8798=DIRECTION('',(0.E0,1.E0,0.E0));
#8799=DIRECTION('',(0.E0,0.E0,-1.E0));
#8800=AXIS2_PLACEMENT_3D('',#8797,#8798,#8799);
#8801=PLANE('',#8800);
#8802=ORIENTED_EDGE('',*,*,#8424,.F.);
#8803=ORIENTED_EDGE('',*,*,#8778,.F.);
#8805=ORIENTED_EDGE('',*,*,#8804,.T.);
#8807=ORIENTED_EDGE('',*,*,#8806,.T.);
#8808=EDGE_LOOP('',(#8802,#8803,#8805,#8807));
#8809=FACE_OUTER_BOUND('',#8808,.F.);
#8810=ADVANCED_FACE('',(#8809),#8801,.T.);
#8811=CARTESIAN_POINT('',(1.4165E1,1.E1,0.E0));
#8812=DIRECTION('',(-1.E0,0.E0,0.E0));
#8813=DIRECTION('',(0.E0,0.E0,1.E0));
#8814=AXIS2_PLACEMENT_3D('',#8811,#8812,#8813);
#8815=PLANE('',#8814);
#8816=ORIENTED_EDGE('',*,*,#7746,.F.);
#8818=ORIENTED_EDGE('',*,*,#8817,.F.);
#8820=ORIENTED_EDGE('',*,*,#8819,.F.);
#8822=ORIENTED_EDGE('',*,*,#8821,.F.);
#8824=ORIENTED_EDGE('',*,*,#8823,.F.);
#8826=ORIENTED_EDGE('',*,*,#8825,.F.);
#8828=ORIENTED_EDGE('',*,*,#8827,.F.);
#8829=ORIENTED_EDGE('',*,*,#8789,.F.);
#8830=EDGE_LOOP('',(#8816,#8818,#8820,#8822,#8824,#8826,#8828,#8829));
#8831=FACE_OUTER_BOUND('',#8830,.F.);
#8832=ADVANCED_FACE('',(#8831),#8815,.T.);
#8833=CARTESIAN_POINT('',(1.4165E1,1.E1,0.E0));
#8834=DIRECTION('',(-1.E0,0.E0,0.E0));
#8835=DIRECTION('',(0.E0,0.E0,1.E0));
#8836=AXIS2_PLACEMENT_3D('',#8833,#8834,#8835);
#8837=PLANE('',#8836);
#8838=ORIENTED_EDGE('',*,*,#8426,.T.);
#8839=ORIENTED_EDGE('',*,*,#8806,.F.);
#8841=ORIENTED_EDGE('',*,*,#8840,.F.);
#8843=ORIENTED_EDGE('',*,*,#8842,.F.);
#8844=EDGE_LOOP('',(#8838,#8839,#8841,#8843));
#8845=FACE_OUTER_BOUND('',#8844,.F.);
#8846=ADVANCED_FACE('',(#8845),#8837,.T.);
#8847=CARTESIAN_POINT('',(1.5235E1,6.965E0,-1.8365E1));
#8848=DIRECTION('',(0.E0,-1.E0,0.E0));
#8849=DIRECTION('',(0.E0,0.E0,1.E0));
#8850=AXIS2_PLACEMENT_3D('',#8847,#8848,#8849);
#8851=PLANE('',#8850);
#8852=ORIENTED_EDGE('',*,*,#7744,.F.);
#8853=ORIENTED_EDGE('',*,*,#8763,.F.);
#8855=ORIENTED_EDGE('',*,*,#8854,.T.);
#8856=ORIENTED_EDGE('',*,*,#8817,.T.);
#8857=EDGE_LOOP('',(#8852,#8853,#8855,#8856));
#8858=FACE_OUTER_BOUND('',#8857,.F.);
#8859=ADVANCED_FACE('',(#8858),#8851,.T.);
#8860=CARTESIAN_POINT('',(1.5235E1,6.965E0,-1.8365E1));
#8861=DIRECTION('',(0.E0,-1.E0,0.E0));
#8862=DIRECTION('',(0.E0,0.E0,1.E0));
#8863=AXIS2_PLACEMENT_3D('',#8860,#8861,#8862);
#8864=PLANE('',#8863);
#8865=ORIENTED_EDGE('',*,*,#8428,.T.);
#8866=ORIENTED_EDGE('',*,*,#8842,.T.);
#8868=ORIENTED_EDGE('',*,*,#8867,.F.);
#8869=ORIENTED_EDGE('',*,*,#8774,.F.);
#8870=EDGE_LOOP('',(#8865,#8866,#8868,#8869));
#8871=FACE_OUTER_BOUND('',#8870,.F.);
#8872=ADVANCED_FACE('',(#8871),#8864,.T.);
#8873=CARTESIAN_POINT('',(1.5235E1,6.465E0,-1.8365E1));
#8874=DIRECTION('',(-1.E0,0.E0,0.E0));
#8875=DIRECTION('',(0.E0,0.E0,1.E0));
#8876=AXIS2_PLACEMENT_3D('',#8873,#8874,#8875);
#8877=CYLINDRICAL_SURFACE('',#8876,5.E-1);
#8878=ORIENTED_EDGE('',*,*,#8761,.F.);
#8880=ORIENTED_EDGE('',*,*,#8879,.T.);
#8881=ORIENTED_EDGE('',*,*,#8819,.T.);
#8882=ORIENTED_EDGE('',*,*,#8854,.F.);
#8883=EDGE_LOOP('',(#8878,#8880,#8881,#8882));
#8884=FACE_OUTER_BOUND('',#8883,.F.);
#8885=ADVANCED_FACE('',(#8884),#8877,.F.);
#8886=CARTESIAN_POINT('',(1.5235E1,-3.3E0,-1.8865E1));
#8887=DIRECTION('',(0.E0,0.E0,1.E0));
#8888=DIRECTION('',(0.E0,1.E0,0.E0));
#8889=AXIS2_PLACEMENT_3D('',#8886,#8887,#8888);
#8890=PLANE('',#8889);
#8891=ORIENTED_EDGE('',*,*,#8759,.F.);
#8893=ORIENTED_EDGE('',*,*,#8892,.T.);
#8894=ORIENTED_EDGE('',*,*,#8821,.T.);
#8895=ORIENTED_EDGE('',*,*,#8879,.F.);
#8896=EDGE_LOOP('',(#8891,#8893,#8894,#8895));
#8897=FACE_OUTER_BOUND('',#8896,.F.);
#8898=ADVANCED_FACE('',(#8897),#8890,.T.);
#8899=CARTESIAN_POINT('',(1.5235E1,-3.3E0,-1.9935E1));
#8900=DIRECTION('',(0.E0,-1.E0,0.E0));
#8901=DIRECTION('',(0.E0,0.E0,1.E0));
#8902=AXIS2_PLACEMENT_3D('',#8899,#8900,#8901);
#8903=PLANE('',#8902);
#8904=ORIENTED_EDGE('',*,*,#8757,.F.);
#8906=ORIENTED_EDGE('',*,*,#8905,.T.);
#8907=ORIENTED_EDGE('',*,*,#8823,.T.);
#8908=ORIENTED_EDGE('',*,*,#8892,.F.);
#8909=EDGE_LOOP('',(#8904,#8906,#8907,#8908));
#8910=FACE_OUTER_BOUND('',#8909,.F.);
#8911=ADVANCED_FACE('',(#8910),#8903,.T.);
#8912=CARTESIAN_POINT('',(1.5235E1,6.465E0,-1.9935E1));
#8913=DIRECTION('',(0.E0,0.E0,-1.E0));
#8914=DIRECTION('',(0.E0,-1.E0,0.E0));
#8915=AXIS2_PLACEMENT_3D('',#8912,#8913,#8914);
#8916=PLANE('',#8915);
#8917=ORIENTED_EDGE('',*,*,#8755,.F.);
#8919=ORIENTED_EDGE('',*,*,#8918,.T.);
#8920=ORIENTED_EDGE('',*,*,#8825,.T.);
#8921=ORIENTED_EDGE('',*,*,#8905,.F.);
#8922=EDGE_LOOP('',(#8917,#8919,#8920,#8921));
#8923=FACE_OUTER_BOUND('',#8922,.F.);
#8924=ADVANCED_FACE('',(#8923),#8916,.T.);
#8925=CARTESIAN_POINT('',(1.5235E1,6.465E0,-1.8365E1));
#8926=DIRECTION('',(-1.E0,0.E0,0.E0));
#8927=DIRECTION('',(0.E0,0.E0,1.E0));
#8928=AXIS2_PLACEMENT_3D('',#8925,#8926,#8927);
#8929=CYLINDRICAL_SURFACE('',#8928,1.57E0);
#8930=ORIENTED_EDGE('',*,*,#8753,.F.);
#8931=ORIENTED_EDGE('',*,*,#8791,.T.);
#8932=ORIENTED_EDGE('',*,*,#8827,.T.);
#8933=ORIENTED_EDGE('',*,*,#8918,.F.);
#8934=EDGE_LOOP('',(#8930,#8931,#8932,#8933));
#8935=FACE_OUTER_BOUND('',#8934,.F.);
#8936=ADVANCED_FACE('',(#8935),#8929,.T.);
#8937=CARTESIAN_POINT('',(1.5235E1,6.965E0,-4.7E0));
#8938=DIRECTION('',(0.E0,0.E0,1.E0));
#8939=DIRECTION('',(0.E0,1.E0,0.E0));
#8940=AXIS2_PLACEMENT_3D('',#8937,#8938,#8939);
#8941=PLANE('',#8940);
#8942=ORIENTED_EDGE('',*,*,#8776,.F.);
#8943=ORIENTED_EDGE('',*,*,#8867,.T.);
#8944=ORIENTED_EDGE('',*,*,#8840,.T.);
#8945=ORIENTED_EDGE('',*,*,#8804,.F.);
#8946=EDGE_LOOP('',(#8942,#8943,#8944,#8945));
#8947=FACE_OUTER_BOUND('',#8946,.F.);
#8948=ADVANCED_FACE('',(#8947),#8941,.T.);
#8949=CARTESIAN_POINT('',(1.9435E1,1.E1,0.E0));
#8950=DIRECTION('',(-1.E0,0.E0,0.E0));
#8951=DIRECTION('',(0.E0,0.E0,1.E0));
#8952=AXIS2_PLACEMENT_3D('',#8949,#8950,#8951);
#8953=PLANE('',#8952);
#8954=ORIENTED_EDGE('',*,*,#7852,.T.);
#8956=ORIENTED_EDGE('',*,*,#8955,.T.);
#8958=ORIENTED_EDGE('',*,*,#8957,.T.);
#8960=ORIENTED_EDGE('',*,*,#8959,.T.);
#8962=ORIENTED_EDGE('',*,*,#8961,.T.);
#8964=ORIENTED_EDGE('',*,*,#8963,.T.);
#8966=ORIENTED_EDGE('',*,*,#8965,.T.);
#8968=ORIENTED_EDGE('',*,*,#8967,.T.);
#8969=EDGE_LOOP('',(#8954,#8956,#8958,#8960,#8962,#8964,#8966,#8968));
#8970=FACE_OUTER_BOUND('',#8969,.F.);
#8971=ADVANCED_FACE('',(#8970),#8953,.F.);
#8972=CARTESIAN_POINT('',(1.9435E1,1.E1,0.E0));
#8973=DIRECTION('',(-1.E0,0.E0,0.E0));
#8974=DIRECTION('',(0.E0,0.E0,1.E0));
#8975=AXIS2_PLACEMENT_3D('',#8972,#8973,#8974);
#8976=PLANE('',#8975);
#8977=ORIENTED_EDGE('',*,*,#8452,.F.);
#8979=ORIENTED_EDGE('',*,*,#8978,.T.);
#8981=ORIENTED_EDGE('',*,*,#8980,.T.);
#8983=ORIENTED_EDGE('',*,*,#8982,.T.);
#8984=EDGE_LOOP('',(#8977,#8979,#8981,#8983));
#8985=FACE_OUTER_BOUND('',#8984,.F.);
#8986=ADVANCED_FACE('',(#8985),#8976,.F.);
#8987=CARTESIAN_POINT('',(1.9435E1,3.835E0,-4.7E0));
#8988=DIRECTION('',(0.E0,1.E0,0.E0));
#8989=DIRECTION('',(0.E0,0.E0,-1.E0));
#8990=AXIS2_PLACEMENT_3D('',#8987,#8988,#8989);
#8991=PLANE('',#8990);
#8992=ORIENTED_EDGE('',*,*,#7858,.T.);
#8994=ORIENTED_EDGE('',*,*,#8993,.T.);
#8996=ORIENTED_EDGE('',*,*,#8995,.F.);
#8997=ORIENTED_EDGE('',*,*,#8955,.F.);
#8998=EDGE_LOOP('',(#8992,#8994,#8996,#8997));
#8999=FACE_OUTER_BOUND('',#8998,.F.);
#9000=ADVANCED_FACE('',(#8999),#8991,.T.);
#9001=CARTESIAN_POINT('',(1.9435E1,3.835E0,-4.7E0));
#9002=DIRECTION('',(0.E0,1.E0,0.E0));
#9003=DIRECTION('',(0.E0,0.E0,-1.E0));
#9004=AXIS2_PLACEMENT_3D('',#9001,#9002,#9003);
#9005=PLANE('',#9004);
#9006=ORIENTED_EDGE('',*,*,#8454,.F.);
#9007=ORIENTED_EDGE('',*,*,#8982,.F.);
#9009=ORIENTED_EDGE('',*,*,#9008,.T.);
#9011=ORIENTED_EDGE('',*,*,#9010,.T.);
#9012=EDGE_LOOP('',(#9006,#9007,#9009,#9011));
#9013=FACE_OUTER_BOUND('',#9012,.F.);
#9014=ADVANCED_FACE('',(#9013),#9005,.T.);
#9015=CARTESIAN_POINT('',(1.8365E1,1.E1,0.E0));
#9016=DIRECTION('',(-1.E0,0.E0,0.E0));
#9017=DIRECTION('',(0.E0,0.E0,1.E0));
#9018=AXIS2_PLACEMENT_3D('',#9015,#9016,#9017);
#9019=PLANE('',#9018);
#9020=ORIENTED_EDGE('',*,*,#7856,.F.);
#9022=ORIENTED_EDGE('',*,*,#9021,.F.);
#9024=ORIENTED_EDGE('',*,*,#9023,.F.);
#9026=ORIENTED_EDGE('',*,*,#9025,.F.);
#9028=ORIENTED_EDGE('',*,*,#9027,.F.);
#9030=ORIENTED_EDGE('',*,*,#9029,.F.);
#9032=ORIENTED_EDGE('',*,*,#9031,.F.);
#9033=ORIENTED_EDGE('',*,*,#8993,.F.);
#9034=EDGE_LOOP('',(#9020,#9022,#9024,#9026,#9028,#9030,#9032,#9033));
#9035=FACE_OUTER_BOUND('',#9034,.F.);
#9036=ADVANCED_FACE('',(#9035),#9019,.T.);
#9037=CARTESIAN_POINT('',(1.8365E1,1.E1,0.E0));
#9038=DIRECTION('',(-1.E0,0.E0,0.E0));
#9039=DIRECTION('',(0.E0,0.E0,1.E0));
#9040=AXIS2_PLACEMENT_3D('',#9037,#9038,#9039);
#9041=PLANE('',#9040);
#9042=ORIENTED_EDGE('',*,*,#8456,.T.);
#9043=ORIENTED_EDGE('',*,*,#9010,.F.);
#9045=ORIENTED_EDGE('',*,*,#9044,.F.);
#9047=ORIENTED_EDGE('',*,*,#9046,.F.);
#9048=EDGE_LOOP('',(#9042,#9043,#9045,#9047));
#9049=FACE_OUTER_BOUND('',#9048,.F.);
#9050=ADVANCED_FACE('',(#9049),#9041,.T.);
#9051=CARTESIAN_POINT('',(1.9435E1,2.765E0,-1.3065E1));
#9052=DIRECTION('',(0.E0,-1.E0,0.E0));
#9053=DIRECTION('',(0.E0,0.E0,1.E0));
#9054=AXIS2_PLACEMENT_3D('',#9051,#9052,#9053);
#9055=PLANE('',#9054);
#9056=ORIENTED_EDGE('',*,*,#7854,.F.);
#9057=ORIENTED_EDGE('',*,*,#8967,.F.);
#9059=ORIENTED_EDGE('',*,*,#9058,.T.);
#9060=ORIENTED_EDGE('',*,*,#9021,.T.);
#9061=EDGE_LOOP('',(#9056,#9057,#9059,#9060));
#9062=FACE_OUTER_BOUND('',#9061,.F.);
#9063=ADVANCED_FACE('',(#9062),#9055,.T.);
#9064=CARTESIAN_POINT('',(1.9435E1,2.765E0,-1.3065E1));
#9065=DIRECTION('',(0.E0,-1.E0,0.E0));
#9066=DIRECTION('',(0.E0,0.E0,1.E0));
#9067=AXIS2_PLACEMENT_3D('',#9064,#9065,#9066);
#9068=PLANE('',#9067);
#9069=ORIENTED_EDGE('',*,*,#8458,.T.);
#9070=ORIENTED_EDGE('',*,*,#9046,.T.);
#9072=ORIENTED_EDGE('',*,*,#9071,.F.);
#9073=ORIENTED_EDGE('',*,*,#8978,.F.);
#9074=EDGE_LOOP('',(#9069,#9070,#9072,#9073));
#9075=FACE_OUTER_BOUND('',#9074,.F.);
#9076=ADVANCED_FACE('',(#9075),#9068,.T.);
#9077=CARTESIAN_POINT('',(1.9435E1,2.465E0,-1.3065E1));
#9078=DIRECTION('',(-1.E0,0.E0,0.E0));
#9079=DIRECTION('',(0.E0,0.E0,1.E0));
#9080=AXIS2_PLACEMENT_3D('',#9077,#9078,#9079);
#9081=CYLINDRICAL_SURFACE('',#9080,3.E-1);
#9082=ORIENTED_EDGE('',*,*,#8965,.F.);
#9084=ORIENTED_EDGE('',*,*,#9083,.T.);
#9085=ORIENTED_EDGE('',*,*,#9023,.T.);
#9086=ORIENTED_EDGE('',*,*,#9058,.F.);
#9087=EDGE_LOOP('',(#9082,#9084,#9085,#9086));
#9088=FACE_OUTER_BOUND('',#9087,.F.);
#9089=ADVANCED_FACE('',(#9088),#9081,.F.);
#9090=CARTESIAN_POINT('',(1.9435E1,-3.3E0,-1.3365E1));
#9091=DIRECTION('',(0.E0,0.E0,1.E0));
#9092=DIRECTION('',(0.E0,1.E0,0.E0));
#9093=AXIS2_PLACEMENT_3D('',#9090,#9091,#9092);
#9094=PLANE('',#9093);
#9095=ORIENTED_EDGE('',*,*,#8963,.F.);
#9097=ORIENTED_EDGE('',*,*,#9096,.T.);
#9098=ORIENTED_EDGE('',*,*,#9025,.T.);
#9099=ORIENTED_EDGE('',*,*,#9083,.F.);
#9100=EDGE_LOOP('',(#9095,#9097,#9098,#9099));
#9101=FACE_OUTER_BOUND('',#9100,.F.);
#9102=ADVANCED_FACE('',(#9101),#9094,.T.);
#9103=CARTESIAN_POINT('',(1.9435E1,-3.3E0,-1.4435E1));
#9104=DIRECTION('',(0.E0,-1.E0,0.E0));
#9105=DIRECTION('',(0.E0,0.E0,1.E0));
#9106=AXIS2_PLACEMENT_3D('',#9103,#9104,#9105);
#9107=PLANE('',#9106);
#9108=ORIENTED_EDGE('',*,*,#8961,.F.);
#9110=ORIENTED_EDGE('',*,*,#9109,.T.);
#9111=ORIENTED_EDGE('',*,*,#9027,.T.);
#9112=ORIENTED_EDGE('',*,*,#9096,.F.);
#9113=EDGE_LOOP('',(#9108,#9110,#9111,#9112));
#9114=FACE_OUTER_BOUND('',#9113,.F.);
#9115=ADVANCED_FACE('',(#9114),#9107,.T.);
#9116=CARTESIAN_POINT('',(1.9435E1,2.465E0,-1.4435E1));
#9117=DIRECTION('',(0.E0,0.E0,-1.E0));
#9118=DIRECTION('',(0.E0,-1.E0,0.E0));
#9119=AXIS2_PLACEMENT_3D('',#9116,#9117,#9118);
#9120=PLANE('',#9119);
#9121=ORIENTED_EDGE('',*,*,#8959,.F.);
#9123=ORIENTED_EDGE('',*,*,#9122,.T.);
#9124=ORIENTED_EDGE('',*,*,#9029,.T.);
#9125=ORIENTED_EDGE('',*,*,#9109,.F.);
#9126=EDGE_LOOP('',(#9121,#9123,#9124,#9125));
#9127=FACE_OUTER_BOUND('',#9126,.F.);
#9128=ADVANCED_FACE('',(#9127),#9120,.T.);
#9129=CARTESIAN_POINT('',(1.9435E1,2.465E0,-1.3065E1));
#9130=DIRECTION('',(-1.E0,0.E0,0.E0));
#9131=DIRECTION('',(0.E0,0.E0,1.E0));
#9132=AXIS2_PLACEMENT_3D('',#9129,#9130,#9131);
#9133=CYLINDRICAL_SURFACE('',#9132,1.37E0);
#9134=ORIENTED_EDGE('',*,*,#8957,.F.);
#9135=ORIENTED_EDGE('',*,*,#8995,.T.);
#9136=ORIENTED_EDGE('',*,*,#9031,.T.);
#9137=ORIENTED_EDGE('',*,*,#9122,.F.);
#9138=EDGE_LOOP('',(#9134,#9135,#9136,#9137));
#9139=FACE_OUTER_BOUND('',#9138,.F.);
#9140=ADVANCED_FACE('',(#9139),#9133,.T.);
#9141=CARTESIAN_POINT('',(1.9435E1,2.765E0,-4.7E0));
#9142=DIRECTION('',(0.E0,0.E0,1.E0));
#9143=DIRECTION('',(0.E0,1.E0,0.E0));
#9144=AXIS2_PLACEMENT_3D('',#9141,#9142,#9143);
#9145=PLANE('',#9144);
#9146=ORIENTED_EDGE('',*,*,#8980,.F.);
#9147=ORIENTED_EDGE('',*,*,#9071,.T.);
#9148=ORIENTED_EDGE('',*,*,#9044,.T.);
#9149=ORIENTED_EDGE('',*,*,#9008,.F.);
#9150=EDGE_LOOP('',(#9146,#9147,#9148,#9149));
#9151=FACE_OUTER_BOUND('',#9150,.F.);
#9152=ADVANCED_FACE('',(#9151),#9145,.T.);
#9153=CARTESIAN_POINT('',(1.5235E1,1.E1,0.E0));
#9154=DIRECTION('',(-1.E0,0.E0,0.E0));
#9155=DIRECTION('',(0.E0,0.E0,1.E0));
#9156=AXIS2_PLACEMENT_3D('',#9153,#9154,#9155);
#9157=PLANE('',#9156);
#9158=ORIENTED_EDGE('',*,*,#7862,.T.);
#9160=ORIENTED_EDGE('',*,*,#9159,.T.);
#9162=ORIENTED_EDGE('',*,*,#9161,.T.);
#9164=ORIENTED_EDGE('',*,*,#9163,.T.);
#9166=ORIENTED_EDGE('',*,*,#9165,.T.);
#9168=ORIENTED_EDGE('',*,*,#9167,.T.);
#9170=ORIENTED_EDGE('',*,*,#9169,.T.);
#9172=ORIENTED_EDGE('',*,*,#9171,.T.);
#9173=EDGE_LOOP('',(#9158,#9160,#9162,#9164,#9166,#9168,#9170,#9172));
#9174=FACE_OUTER_BOUND('',#9173,.F.);
#9175=ADVANCED_FACE('',(#9174),#9157,.F.);
#9176=CARTESIAN_POINT('',(1.5235E1,1.E1,0.E0));
#9177=DIRECTION('',(-1.E0,0.E0,0.E0));
#9178=DIRECTION('',(0.E0,0.E0,1.E0));
#9179=AXIS2_PLACEMENT_3D('',#9176,#9177,#9178);
#9180=PLANE('',#9179);
#9181=ORIENTED_EDGE('',*,*,#8396,.F.);
#9183=ORIENTED_EDGE('',*,*,#9182,.T.);
#9185=ORIENTED_EDGE('',*,*,#9184,.T.);
#9187=ORIENTED_EDGE('',*,*,#9186,.T.);
#9188=EDGE_LOOP('',(#9181,#9183,#9185,#9187));
#9189=FACE_OUTER_BOUND('',#9188,.F.);
#9190=ADVANCED_FACE('',(#9189),#9180,.F.);
#9191=CARTESIAN_POINT('',(1.5235E1,3.835E0,-4.7E0));
#9192=DIRECTION('',(0.E0,1.E0,0.E0));
#9193=DIRECTION('',(0.E0,0.E0,-1.E0));
#9194=AXIS2_PLACEMENT_3D('',#9191,#9192,#9193);
#9195=PLANE('',#9194);
#9196=ORIENTED_EDGE('',*,*,#7868,.T.);
#9198=ORIENTED_EDGE('',*,*,#9197,.T.);
#9200=ORIENTED_EDGE('',*,*,#9199,.F.);
#9201=ORIENTED_EDGE('',*,*,#9159,.F.);
#9202=EDGE_LOOP('',(#9196,#9198,#9200,#9201));
#9203=FACE_OUTER_BOUND('',#9202,.F.);
#9204=ADVANCED_FACE('',(#9203),#9195,.T.);
#9205=CARTESIAN_POINT('',(1.5235E1,3.835E0,-4.7E0));
#9206=DIRECTION('',(0.E0,1.E0,0.E0));
#9207=DIRECTION('',(0.E0,0.E0,-1.E0));
#9208=AXIS2_PLACEMENT_3D('',#9205,#9206,#9207);
#9209=PLANE('',#9208);
#9210=ORIENTED_EDGE('',*,*,#8398,.F.);
#9211=ORIENTED_EDGE('',*,*,#9186,.F.);
#9213=ORIENTED_EDGE('',*,*,#9212,.T.);
#9215=ORIENTED_EDGE('',*,*,#9214,.T.);
#9216=EDGE_LOOP('',(#9210,#9211,#9213,#9215));
#9217=FACE_OUTER_BOUND('',#9216,.F.);
#9218=ADVANCED_FACE('',(#9217),#9209,.T.);
#9219=CARTESIAN_POINT('',(1.4165E1,1.E1,0.E0));
#9220=DIRECTION('',(-1.E0,0.E0,0.E0));
#9221=DIRECTION('',(0.E0,0.E0,1.E0));
#9222=AXIS2_PLACEMENT_3D('',#9219,#9220,#9221);
#9223=PLANE('',#9222);
#9224=ORIENTED_EDGE('',*,*,#7866,.F.);
#9226=ORIENTED_EDGE('',*,*,#9225,.F.);
#9228=ORIENTED_EDGE('',*,*,#9227,.F.);
#9230=ORIENTED_EDGE('',*,*,#9229,.F.);
#9232=ORIENTED_EDGE('',*,*,#9231,.F.);
#9234=ORIENTED_EDGE('',*,*,#9233,.F.);
#9236=ORIENTED_EDGE('',*,*,#9235,.F.);
#9237=ORIENTED_EDGE('',*,*,#9197,.F.);
#9238=EDGE_LOOP('',(#9224,#9226,#9228,#9230,#9232,#9234,#9236,#9237));
#9239=FACE_OUTER_BOUND('',#9238,.F.);
#9240=ADVANCED_FACE('',(#9239),#9223,.T.);
#9241=CARTESIAN_POINT('',(1.4165E1,1.E1,0.E0));
#9242=DIRECTION('',(-1.E0,0.E0,0.E0));
#9243=DIRECTION('',(0.E0,0.E0,1.E0));
#9244=AXIS2_PLACEMENT_3D('',#9241,#9242,#9243);
#9245=PLANE('',#9244);
#9246=ORIENTED_EDGE('',*,*,#8400,.T.);
#9247=ORIENTED_EDGE('',*,*,#9214,.F.);
#9249=ORIENTED_EDGE('',*,*,#9248,.F.);
#9251=ORIENTED_EDGE('',*,*,#9250,.F.);
#9252=EDGE_LOOP('',(#9246,#9247,#9249,#9251));
#9253=FACE_OUTER_BOUND('',#9252,.F.);
#9254=ADVANCED_FACE('',(#9253),#9245,.T.);
#9255=CARTESIAN_POINT('',(1.5235E1,2.765E0,-1.3065E1));
#9256=DIRECTION('',(0.E0,-1.E0,0.E0));
#9257=DIRECTION('',(0.E0,0.E0,1.E0));
#9258=AXIS2_PLACEMENT_3D('',#9255,#9256,#9257);
#9259=PLANE('',#9258);
#9260=ORIENTED_EDGE('',*,*,#7864,.F.);
#9261=ORIENTED_EDGE('',*,*,#9171,.F.);
#9263=ORIENTED_EDGE('',*,*,#9262,.T.);
#9264=ORIENTED_EDGE('',*,*,#9225,.T.);
#9265=EDGE_LOOP('',(#9260,#9261,#9263,#9264));
#9266=FACE_OUTER_BOUND('',#9265,.F.);
#9267=ADVANCED_FACE('',(#9266),#9259,.T.);
#9268=CARTESIAN_POINT('',(1.5235E1,2.765E0,-1.3065E1));
#9269=DIRECTION('',(0.E0,-1.E0,0.E0));
#9270=DIRECTION('',(0.E0,0.E0,1.E0));
#9271=AXIS2_PLACEMENT_3D('',#9268,#9269,#9270);
#9272=PLANE('',#9271);
#9273=ORIENTED_EDGE('',*,*,#8402,.T.);
#9274=ORIENTED_EDGE('',*,*,#9250,.T.);
#9276=ORIENTED_EDGE('',*,*,#9275,.F.);
#9277=ORIENTED_EDGE('',*,*,#9182,.F.);
#9278=EDGE_LOOP('',(#9273,#9274,#9276,#9277));
#9279=FACE_OUTER_BOUND('',#9278,.F.);
#9280=ADVANCED_FACE('',(#9279),#9272,.T.);
#9281=CARTESIAN_POINT('',(1.5235E1,2.465E0,-1.3065E1));
#9282=DIRECTION('',(-1.E0,0.E0,0.E0));
#9283=DIRECTION('',(0.E0,0.E0,1.E0));
#9284=AXIS2_PLACEMENT_3D('',#9281,#9282,#9283);
#9285=CYLINDRICAL_SURFACE('',#9284,3.E-1);
#9286=ORIENTED_EDGE('',*,*,#9169,.F.);
#9288=ORIENTED_EDGE('',*,*,#9287,.T.);
#9289=ORIENTED_EDGE('',*,*,#9227,.T.);
#9290=ORIENTED_EDGE('',*,*,#9262,.F.);
#9291=EDGE_LOOP('',(#9286,#9288,#9289,#9290));
#9292=FACE_OUTER_BOUND('',#9291,.F.);
#9293=ADVANCED_FACE('',(#9292),#9285,.F.);
#9294=CARTESIAN_POINT('',(1.5235E1,-3.3E0,-1.3365E1));
#9295=DIRECTION('',(0.E0,0.E0,1.E0));
#9296=DIRECTION('',(0.E0,1.E0,0.E0));
#9297=AXIS2_PLACEMENT_3D('',#9294,#9295,#9296);
#9298=PLANE('',#9297);
#9299=ORIENTED_EDGE('',*,*,#9167,.F.);
#9301=ORIENTED_EDGE('',*,*,#9300,.T.);
#9302=ORIENTED_EDGE('',*,*,#9229,.T.);
#9303=ORIENTED_EDGE('',*,*,#9287,.F.);
#9304=EDGE_LOOP('',(#9299,#9301,#9302,#9303));
#9305=FACE_OUTER_BOUND('',#9304,.F.);
#9306=ADVANCED_FACE('',(#9305),#9298,.T.);
#9307=CARTESIAN_POINT('',(1.5235E1,-3.3E0,-1.4435E1));
#9308=DIRECTION('',(0.E0,-1.E0,0.E0));
#9309=DIRECTION('',(0.E0,0.E0,1.E0));
#9310=AXIS2_PLACEMENT_3D('',#9307,#9308,#9309);
#9311=PLANE('',#9310);
#9312=ORIENTED_EDGE('',*,*,#9165,.F.);
#9314=ORIENTED_EDGE('',*,*,#9313,.T.);
#9315=ORIENTED_EDGE('',*,*,#9231,.T.);
#9316=ORIENTED_EDGE('',*,*,#9300,.F.);
#9317=EDGE_LOOP('',(#9312,#9314,#9315,#9316));
#9318=FACE_OUTER_BOUND('',#9317,.F.);
#9319=ADVANCED_FACE('',(#9318),#9311,.T.);
#9320=CARTESIAN_POINT('',(1.5235E1,2.465E0,-1.4435E1));
#9321=DIRECTION('',(0.E0,0.E0,-1.E0));
#9322=DIRECTION('',(0.E0,-1.E0,0.E0));
#9323=AXIS2_PLACEMENT_3D('',#9320,#9321,#9322);
#9324=PLANE('',#9323);
#9325=ORIENTED_EDGE('',*,*,#9163,.F.);
#9327=ORIENTED_EDGE('',*,*,#9326,.T.);
#9328=ORIENTED_EDGE('',*,*,#9233,.T.);
#9329=ORIENTED_EDGE('',*,*,#9313,.F.);
#9330=EDGE_LOOP('',(#9325,#9327,#9328,#9329));
#9331=FACE_OUTER_BOUND('',#9330,.F.);
#9332=ADVANCED_FACE('',(#9331),#9324,.T.);
#9333=CARTESIAN_POINT('',(1.5235E1,2.465E0,-1.3065E1));
#9334=DIRECTION('',(-1.E0,0.E0,0.E0));
#9335=DIRECTION('',(0.E0,0.E0,1.E0));
#9336=AXIS2_PLACEMENT_3D('',#9333,#9334,#9335);
#9337=CYLINDRICAL_SURFACE('',#9336,1.37E0);
#9338=ORIENTED_EDGE('',*,*,#9161,.F.);
#9339=ORIENTED_EDGE('',*,*,#9199,.T.);
#9340=ORIENTED_EDGE('',*,*,#9235,.T.);
#9341=ORIENTED_EDGE('',*,*,#9326,.F.);
#9342=EDGE_LOOP('',(#9338,#9339,#9340,#9341));
#9343=FACE_OUTER_BOUND('',#9342,.F.);
#9344=ADVANCED_FACE('',(#9343),#9337,.T.);
#9345=CARTESIAN_POINT('',(1.5235E1,2.765E0,-4.7E0));
#9346=DIRECTION('',(0.E0,0.E0,1.E0));
#9347=DIRECTION('',(0.E0,1.E0,0.E0));
#9348=AXIS2_PLACEMENT_3D('',#9345,#9346,#9347);
#9349=PLANE('',#9348);
#9350=ORIENTED_EDGE('',*,*,#9184,.F.);
#9351=ORIENTED_EDGE('',*,*,#9275,.T.);
#9352=ORIENTED_EDGE('',*,*,#9248,.T.);
#9353=ORIENTED_EDGE('',*,*,#9212,.F.);
#9354=EDGE_LOOP('',(#9350,#9351,#9352,#9353));
#9355=FACE_OUTER_BOUND('',#9354,.F.);
#9356=ADVANCED_FACE('',(#9355),#9349,.T.);
#9357=CARTESIAN_POINT('',(1.9435E1,6.965E0,-4.7E0));
#9358=DIRECTION('',(0.E0,0.E0,1.E0));
#9359=DIRECTION('',(0.E0,1.E0,0.E0));
#9360=AXIS2_PLACEMENT_3D('',#9357,#9358,#9359);
#9361=PLANE('',#9360);
#9362=ORIENTED_EDGE('',*,*,#8213,.F.);
#9363=ORIENTED_EDGE('',*,*,#8307,.T.);
#9364=ORIENTED_EDGE('',*,*,#8279,.T.);
#9365=ORIENTED_EDGE('',*,*,#8242,.F.);
#9366=EDGE_LOOP('',(#9362,#9363,#9364,#9365));
#9367=FACE_OUTER_BOUND('',#9366,.F.);
#9368=ADVANCED_FACE('',(#9367),#9361,.T.);
#9369=CARTESIAN_POINT('',(1.1035E1,1.E1,0.E0));
#9370=DIRECTION('',(-1.E0,0.E0,0.E0));
#9371=DIRECTION('',(0.E0,0.E0,1.E0));
#9372=AXIS2_PLACEMENT_3D('',#9369,#9370,#9371);
#9373=PLANE('',#9372);
#9374=ORIENTED_EDGE('',*,*,#7752,.T.);
#9376=ORIENTED_EDGE('',*,*,#9375,.T.);
#9378=ORIENTED_EDGE('',*,*,#9377,.T.);
#9380=ORIENTED_EDGE('',*,*,#9379,.T.);
#9382=ORIENTED_EDGE('',*,*,#9381,.T.);
#9384=ORIENTED_EDGE('',*,*,#9383,.T.);
#9386=ORIENTED_EDGE('',*,*,#9385,.T.);
#9388=ORIENTED_EDGE('',*,*,#9387,.T.);
#9389=EDGE_LOOP('',(#9374,#9376,#9378,#9380,#9382,#9384,#9386,#9388));
#9390=FACE_OUTER_BOUND('',#9389,.F.);
#9391=ADVANCED_FACE('',(#9390),#9373,.F.);
#9392=CARTESIAN_POINT('',(1.1035E1,1.E1,0.E0));
#9393=DIRECTION('',(-1.E0,0.E0,0.E0));
#9394=DIRECTION('',(0.E0,0.E0,1.E0));
#9395=AXIS2_PLACEMENT_3D('',#9392,#9393,#9394);
#9396=PLANE('',#9395);
#9398=ORIENTED_EDGE('',*,*,#9397,.F.);
#9400=ORIENTED_EDGE('',*,*,#9399,.T.);
#9402=ORIENTED_EDGE('',*,*,#9401,.T.);
#9404=ORIENTED_EDGE('',*,*,#9403,.T.);
#9405=EDGE_LOOP('',(#9398,#9400,#9402,#9404));
#9406=FACE_OUTER_BOUND('',#9405,.F.);
#9407=ADVANCED_FACE('',(#9406),#9396,.F.);
#9408=CARTESIAN_POINT('',(1.1035E1,8.035E0,-4.7E0));
#9409=DIRECTION('',(0.E0,1.E0,0.E0));
#9410=DIRECTION('',(0.E0,0.E0,-1.E0));
#9411=AXIS2_PLACEMENT_3D('',#9408,#9409,#9410);
#9412=PLANE('',#9411);
#9413=ORIENTED_EDGE('',*,*,#7758,.T.);
#9415=ORIENTED_EDGE('',*,*,#9414,.T.);
#9417=ORIENTED_EDGE('',*,*,#9416,.F.);
#9418=ORIENTED_EDGE('',*,*,#9375,.F.);
#9419=EDGE_LOOP('',(#9413,#9415,#9417,#9418));
#9420=FACE_OUTER_BOUND('',#9419,.F.);
#9421=ADVANCED_FACE('',(#9420),#9412,.T.);
#9422=CARTESIAN_POINT('',(1.1035E1,8.035E0,-4.7E0));
#9423=DIRECTION('',(0.E0,1.E0,0.E0));
#9424=DIRECTION('',(0.E0,0.E0,-1.E0));
#9425=AXIS2_PLACEMENT_3D('',#9422,#9423,#9424);
#9426=PLANE('',#9425);
#9428=ORIENTED_EDGE('',*,*,#9427,.F.);
#9429=ORIENTED_EDGE('',*,*,#9403,.F.);
#9431=ORIENTED_EDGE('',*,*,#9430,.T.);
#9433=ORIENTED_EDGE('',*,*,#9432,.T.);
#9434=EDGE_LOOP('',(#9428,#9429,#9431,#9433));
#9435=FACE_OUTER_BOUND('',#9434,.F.);
#9436=ADVANCED_FACE('',(#9435),#9426,.T.);
#9437=CARTESIAN_POINT('',(9.965E0,1.E1,0.E0));
#9438=DIRECTION('',(-1.E0,0.E0,0.E0));
#9439=DIRECTION('',(0.E0,0.E0,1.E0));
#9440=AXIS2_PLACEMENT_3D('',#9437,#9438,#9439);
#9441=PLANE('',#9440);
#9442=ORIENTED_EDGE('',*,*,#7756,.F.);
#9444=ORIENTED_EDGE('',*,*,#9443,.F.);
#9446=ORIENTED_EDGE('',*,*,#9445,.F.);
#9448=ORIENTED_EDGE('',*,*,#9447,.F.);
#9450=ORIENTED_EDGE('',*,*,#9449,.F.);
#9452=ORIENTED_EDGE('',*,*,#9451,.F.);
#9454=ORIENTED_EDGE('',*,*,#9453,.F.);
#9455=ORIENTED_EDGE('',*,*,#9414,.F.);
#9456=EDGE_LOOP('',(#9442,#9444,#9446,#9448,#9450,#9452,#9454,#9455));
#9457=FACE_OUTER_BOUND('',#9456,.F.);
#9458=ADVANCED_FACE('',(#9457),#9441,.T.);
#9459=CARTESIAN_POINT('',(9.965E0,1.E1,0.E0));
#9460=DIRECTION('',(-1.E0,0.E0,0.E0));
#9461=DIRECTION('',(0.E0,0.E0,1.E0));
#9462=AXIS2_PLACEMENT_3D('',#9459,#9460,#9461);
#9463=PLANE('',#9462);
#9465=ORIENTED_EDGE('',*,*,#9464,.T.);
#9466=ORIENTED_EDGE('',*,*,#9432,.F.);
#9468=ORIENTED_EDGE('',*,*,#9467,.F.);
#9470=ORIENTED_EDGE('',*,*,#9469,.F.);
#9471=EDGE_LOOP('',(#9465,#9466,#9468,#9470));
#9472=FACE_OUTER_BOUND('',#9471,.F.);
#9473=ADVANCED_FACE('',(#9472),#9463,.T.);
#9474=CARTESIAN_POINT('',(1.1035E1,6.965E0,-1.8365E1));
#9475=DIRECTION('',(0.E0,-1.E0,0.E0));
#9476=DIRECTION('',(0.E0,0.E0,1.E0));
#9477=AXIS2_PLACEMENT_3D('',#9474,#9475,#9476);
#9478=PLANE('',#9477);
#9479=ORIENTED_EDGE('',*,*,#7754,.F.);
#9480=ORIENTED_EDGE('',*,*,#9387,.F.);
#9482=ORIENTED_EDGE('',*,*,#9481,.T.);
#9483=ORIENTED_EDGE('',*,*,#9443,.T.);
#9484=EDGE_LOOP('',(#9479,#9480,#9482,#9483));
#9485=FACE_OUTER_BOUND('',#9484,.F.);
#9486=ADVANCED_FACE('',(#9485),#9478,.T.);
#9487=CARTESIAN_POINT('',(1.1035E1,6.965E0,-1.8365E1));
#9488=DIRECTION('',(0.E0,-1.E0,0.E0));
#9489=DIRECTION('',(0.E0,0.E0,1.E0));
#9490=AXIS2_PLACEMENT_3D('',#9487,#9488,#9489);
#9491=PLANE('',#9490);
#9493=ORIENTED_EDGE('',*,*,#9492,.T.);
#9494=ORIENTED_EDGE('',*,*,#9469,.T.);
#9496=ORIENTED_EDGE('',*,*,#9495,.F.);
#9497=ORIENTED_EDGE('',*,*,#9399,.F.);
#9498=EDGE_LOOP('',(#9493,#9494,#9496,#9497));
#9499=FACE_OUTER_BOUND('',#9498,.F.);
#9500=ADVANCED_FACE('',(#9499),#9491,.T.);
#9501=CARTESIAN_POINT('',(1.1035E1,6.465E0,-1.8365E1));
#9502=DIRECTION('',(-1.E0,0.E0,0.E0));
#9503=DIRECTION('',(0.E0,0.E0,1.E0));
#9504=AXIS2_PLACEMENT_3D('',#9501,#9502,#9503);
#9505=CYLINDRICAL_SURFACE('',#9504,5.E-1);
#9506=ORIENTED_EDGE('',*,*,#9385,.F.);
#9508=ORIENTED_EDGE('',*,*,#9507,.T.);
#9509=ORIENTED_EDGE('',*,*,#9445,.T.);
#9510=ORIENTED_EDGE('',*,*,#9481,.F.);
#9511=EDGE_LOOP('',(#9506,#9508,#9509,#9510));
#9512=FACE_OUTER_BOUND('',#9511,.F.);
#9513=ADVANCED_FACE('',(#9512),#9505,.F.);
#9514=CARTESIAN_POINT('',(1.1035E1,-3.3E0,-1.8865E1));
#9515=DIRECTION('',(0.E0,0.E0,1.E0));
#9516=DIRECTION('',(0.E0,1.E0,0.E0));
#9517=AXIS2_PLACEMENT_3D('',#9514,#9515,#9516);
#9518=PLANE('',#9517);
#9519=ORIENTED_EDGE('',*,*,#9383,.F.);
#9521=ORIENTED_EDGE('',*,*,#9520,.T.);
#9522=ORIENTED_EDGE('',*,*,#9447,.T.);
#9523=ORIENTED_EDGE('',*,*,#9507,.F.);
#9524=EDGE_LOOP('',(#9519,#9521,#9522,#9523));
#9525=FACE_OUTER_BOUND('',#9524,.F.);
#9526=ADVANCED_FACE('',(#9525),#9518,.T.);
#9527=CARTESIAN_POINT('',(1.1035E1,-3.3E0,-1.9935E1));
#9528=DIRECTION('',(0.E0,-1.E0,0.E0));
#9529=DIRECTION('',(0.E0,0.E0,1.E0));
#9530=AXIS2_PLACEMENT_3D('',#9527,#9528,#9529);
#9531=PLANE('',#9530);
#9532=ORIENTED_EDGE('',*,*,#9381,.F.);
#9534=ORIENTED_EDGE('',*,*,#9533,.T.);
#9535=ORIENTED_EDGE('',*,*,#9449,.T.);
#9536=ORIENTED_EDGE('',*,*,#9520,.F.);
#9537=EDGE_LOOP('',(#9532,#9534,#9535,#9536));
#9538=FACE_OUTER_BOUND('',#9537,.F.);
#9539=ADVANCED_FACE('',(#9538),#9531,.T.);
#9540=CARTESIAN_POINT('',(1.1035E1,6.465E0,-1.9935E1));
#9541=DIRECTION('',(0.E0,0.E0,-1.E0));
#9542=DIRECTION('',(0.E0,-1.E0,0.E0));
#9543=AXIS2_PLACEMENT_3D('',#9540,#9541,#9542);
#9544=PLANE('',#9543);
#9545=ORIENTED_EDGE('',*,*,#9379,.F.);
#9547=ORIENTED_EDGE('',*,*,#9546,.T.);
#9548=ORIENTED_EDGE('',*,*,#9451,.T.);
#9549=ORIENTED_EDGE('',*,*,#9533,.F.);
#9550=EDGE_LOOP('',(#9545,#9547,#9548,#9549));
#9551=FACE_OUTER_BOUND('',#9550,.F.);
#9552=ADVANCED_FACE('',(#9551),#9544,.T.);
#9553=CARTESIAN_POINT('',(1.1035E1,6.465E0,-1.8365E1));
#9554=DIRECTION('',(-1.E0,0.E0,0.E0));
#9555=DIRECTION('',(0.E0,0.E0,1.E0));
#9556=AXIS2_PLACEMENT_3D('',#9553,#9554,#9555);
#9557=CYLINDRICAL_SURFACE('',#9556,1.57E0);
#9558=ORIENTED_EDGE('',*,*,#9377,.F.);
#9559=ORIENTED_EDGE('',*,*,#9416,.T.);
#9560=ORIENTED_EDGE('',*,*,#9453,.T.);
#9561=ORIENTED_EDGE('',*,*,#9546,.F.);
#9562=EDGE_LOOP('',(#9558,#9559,#9560,#9561));
#9563=FACE_OUTER_BOUND('',#9562,.F.);
#9564=ADVANCED_FACE('',(#9563),#9557,.T.);
#9565=CARTESIAN_POINT('',(0.E0,0.E0,-1.E1));
#9566=DIRECTION('',(0.E0,0.E0,1.E0));
#9567=DIRECTION('',(1.E0,0.E0,0.E0));
#9568=AXIS2_PLACEMENT_3D('',#9565,#9566,#9567);
#9569=PLANE('',#9568);
#9571=ORIENTED_EDGE('',*,*,#9570,.F.);
#9573=ORIENTED_EDGE('',*,*,#9572,.F.);
#9575=ORIENTED_EDGE('',*,*,#9574,.F.);
#9577=ORIENTED_EDGE('',*,*,#9576,.F.);
#9578=EDGE_LOOP('',(#9571,#9573,#9575,#9577));
#9579=FACE_OUTER_BOUND('',#9578,.F.);
#9581=ORIENTED_EDGE('',*,*,#9580,.T.);
#9583=ORIENTED_EDGE('',*,*,#9582,.T.);
#9585=ORIENTED_EDGE('',*,*,#9584,.F.);
#9587=ORIENTED_EDGE('',*,*,#9586,.F.);
#9588=EDGE_LOOP('',(#9581,#9583,#9585,#9587));
#9589=FACE_BOUND('',#9588,.F.);
#9590=ADVANCED_FACE('',(#9579,#9589),#9569,.T.);
#9591=CARTESIAN_POINT('',(0.E0,0.E0,-1.E1));
#9592=DIRECTION('',(0.E0,0.E0,1.E0));
#9593=DIRECTION('',(1.E0,0.E0,0.E0));
#9594=AXIS2_PLACEMENT_3D('',#9591,#9592,#9593);
#9595=PLANE('',#9594);
#9597=ORIENTED_EDGE('',*,*,#9596,.F.);
#9599=ORIENTED_EDGE('',*,*,#9598,.F.);
#9601=ORIENTED_EDGE('',*,*,#9600,.F.);
#9603=ORIENTED_EDGE('',*,*,#9602,.F.);
#9605=ORIENTED_EDGE('',*,*,#9604,.F.);
#9607=ORIENTED_EDGE('',*,*,#9606,.F.);
#9608=EDGE_LOOP('',(#9597,#9599,#9601,#9603,#9605,#9607));
#9609=FACE_OUTER_BOUND('',#9608,.F.);
#9611=ORIENTED_EDGE('',*,*,#9610,.T.);
#9613=ORIENTED_EDGE('',*,*,#9612,.T.);
#9615=ORIENTED_EDGE('',*,*,#9614,.F.);
#9617=ORIENTED_EDGE('',*,*,#9616,.F.);
#9618=EDGE_LOOP('',(#9611,#9613,#9615,#9617));
#9619=FACE_BOUND('',#9618,.F.);
#9620=ADVANCED_FACE('',(#9609,#9619),#9595,.T.);
#9621=CARTESIAN_POINT('',(0.E0,0.E0,-1.E1));
#9622=DIRECTION('',(0.E0,0.E0,1.E0));
#9623=DIRECTION('',(1.E0,0.E0,0.E0));
#9624=AXIS2_PLACEMENT_3D('',#9621,#9622,#9623);
#9625=PLANE('',#9624);
#9627=ORIENTED_EDGE('',*,*,#9626,.F.);
#9629=ORIENTED_EDGE('',*,*,#9628,.F.);
#9631=ORIENTED_EDGE('',*,*,#9630,.F.);
#9633=ORIENTED_EDGE('',*,*,#9632,.F.);
#9634=EDGE_LOOP('',(#9627,#9629,#9631,#9633));
#9635=FACE_OUTER_BOUND('',#9634,.F.);
#9637=ORIENTED_EDGE('',*,*,#9636,.T.);
#9639=ORIENTED_EDGE('',*,*,#9638,.T.);
#9641=ORIENTED_EDGE('',*,*,#9640,.F.);
#9643=ORIENTED_EDGE('',*,*,#9642,.F.);
#9644=EDGE_LOOP('',(#9637,#9639,#9641,#9643));
#9645=FACE_BOUND('',#9644,.F.);
#9646=ADVANCED_FACE('',(#9635,#9645),#9625,.T.);
#9647=CARTESIAN_POINT('',(0.E0,0.E0,-1.E1));
#9648=DIRECTION('',(0.E0,0.E0,1.E0));
#9649=DIRECTION('',(1.E0,0.E0,0.E0));
#9650=AXIS2_PLACEMENT_3D('',#9647,#9648,#9649);
#9651=PLANE('',#9650);
#9653=ORIENTED_EDGE('',*,*,#9652,.F.);
#9655=ORIENTED_EDGE('',*,*,#9654,.F.);
#9657=ORIENTED_EDGE('',*,*,#9656,.F.);
#9659=ORIENTED_EDGE('',*,*,#9658,.F.);
#9661=ORIENTED_EDGE('',*,*,#9660,.F.);
#9663=ORIENTED_EDGE('',*,*,#9662,.F.);
#9664=EDGE_LOOP('',(#9653,#9655,#9657,#9659,#9661,#9663));
#9665=FACE_OUTER_BOUND('',#9664,.F.);
#9666=ORIENTED_EDGE('',*,*,#9397,.T.);
#9667=ORIENTED_EDGE('',*,*,#9427,.T.);
#9668=ORIENTED_EDGE('',*,*,#9464,.F.);
#9669=ORIENTED_EDGE('',*,*,#9492,.F.);
#9670=EDGE_LOOP('',(#9666,#9667,#9668,#9669));
#9671=FACE_BOUND('',#9670,.F.);
#9672=ADVANCED_FACE('',(#9665,#9671),#9651,.T.);
#9673=CARTESIAN_POINT('',(4.4E0,4.9E0,0.E0));
#9674=DIRECTION('',(-1.E0,0.E0,0.E0));
#9675=DIRECTION('',(0.E0,-1.E0,0.E0));
#9676=AXIS2_PLACEMENT_3D('',#9673,#9674,#9675);
#9677=PLANE('',#9676);
#9678=ORIENTED_EDGE('',*,*,#7364,.F.);
#9680=ORIENTED_EDGE('',*,*,#9679,.T.);
#9681=ORIENTED_EDGE('',*,*,#9570,.T.);
#9683=ORIENTED_EDGE('',*,*,#9682,.F.);
#9684=EDGE_LOOP('',(#9678,#9680,#9681,#9683));
#9685=FACE_OUTER_BOUND('',#9684,.F.);
#9686=ADVANCED_FACE('',(#9685),#9677,.F.);
#9687=CARTESIAN_POINT('',(8.2E0,4.9E0,0.E0));
#9688=DIRECTION('',(0.E0,1.E0,0.E0));
#9689=DIRECTION('',(-1.E0,0.E0,0.E0));
#9690=AXIS2_PLACEMENT_3D('',#9687,#9688,#9689);
#9691=PLANE('',#9690);
#9692=ORIENTED_EDGE('',*,*,#7370,.F.);
#9694=ORIENTED_EDGE('',*,*,#9693,.T.);
#9695=ORIENTED_EDGE('',*,*,#9572,.T.);
#9696=ORIENTED_EDGE('',*,*,#9679,.F.);
#9697=EDGE_LOOP('',(#9692,#9694,#9695,#9696));
#9698=FACE_OUTER_BOUND('',#9697,.F.);
#9699=ADVANCED_FACE('',(#9698),#9691,.F.);
#9700=CARTESIAN_POINT('',(8.2E0,1.3E0,0.E0));
#9701=DIRECTION('',(1.E0,0.E0,0.E0));
#9702=DIRECTION('',(0.E0,1.E0,0.E0));
#9703=AXIS2_PLACEMENT_3D('',#9700,#9701,#9702);
#9704=PLANE('',#9703);
#9705=ORIENTED_EDGE('',*,*,#7368,.F.);
#9707=ORIENTED_EDGE('',*,*,#9706,.T.);
#9708=ORIENTED_EDGE('',*,*,#9574,.T.);
#9709=ORIENTED_EDGE('',*,*,#9693,.F.);
#9710=EDGE_LOOP('',(#9705,#9707,#9708,#9709));
#9711=FACE_OUTER_BOUND('',#9710,.F.);
#9712=ADVANCED_FACE('',(#9711),#9704,.F.);
#9713=CARTESIAN_POINT('',(4.4E0,1.3E0,0.E0));
#9714=DIRECTION('',(0.E0,-1.E0,0.E0));
#9715=DIRECTION('',(1.E0,0.E0,0.E0));
#9716=AXIS2_PLACEMENT_3D('',#9713,#9714,#9715);
#9717=PLANE('',#9716);
#9718=ORIENTED_EDGE('',*,*,#7366,.F.);
#9719=ORIENTED_EDGE('',*,*,#9682,.T.);
#9720=ORIENTED_EDGE('',*,*,#9576,.T.);
#9721=ORIENTED_EDGE('',*,*,#9706,.F.);
#9722=EDGE_LOOP('',(#9718,#9719,#9720,#9721));
#9723=FACE_OUTER_BOUND('',#9722,.F.);
#9724=ADVANCED_FACE('',(#9723),#9717,.F.);
#9725=CARTESIAN_POINT('',(4.4E0,9.1E0,0.E0));
#9726=DIRECTION('',(-1.E0,0.E0,0.E0));
#9727=DIRECTION('',(0.E0,-1.E0,0.E0));
#9728=AXIS2_PLACEMENT_3D('',#9725,#9726,#9727);
#9729=PLANE('',#9728);
#9730=ORIENTED_EDGE('',*,*,#7374,.F.);
#9732=ORIENTED_EDGE('',*,*,#9731,.T.);
#9733=ORIENTED_EDGE('',*,*,#9596,.T.);
#9735=ORIENTED_EDGE('',*,*,#9734,.F.);
#9736=EDGE_LOOP('',(#9730,#9732,#9733,#9735));
#9737=FACE_OUTER_BOUND('',#9736,.F.);
#9738=ADVANCED_FACE('',(#9737),#9729,.F.);
#9739=CARTESIAN_POINT('',(8.2E0,9.1E0,0.E0));
#9740=DIRECTION('',(0.E0,1.E0,0.E0));
#9741=DIRECTION('',(-1.E0,0.E0,0.E0));
#9742=AXIS2_PLACEMENT_3D('',#9739,#9740,#9741);
#9743=PLANE('',#9742);
#9744=ORIENTED_EDGE('',*,*,#7384,.F.);
#9746=ORIENTED_EDGE('',*,*,#9745,.T.);
#9747=ORIENTED_EDGE('',*,*,#9598,.T.);
#9748=ORIENTED_EDGE('',*,*,#9731,.F.);
#9749=EDGE_LOOP('',(#9744,#9746,#9747,#9748));
#9750=FACE_OUTER_BOUND('',#9749,.F.);
#9751=ADVANCED_FACE('',(#9750),#9743,.F.);
#9752=CARTESIAN_POINT('',(8.2E0,6.3E0,0.E0));
#9753=DIRECTION('',(1.E0,0.E0,0.E0));
#9754=DIRECTION('',(0.E0,1.E0,0.E0));
#9755=AXIS2_PLACEMENT_3D('',#9752,#9753,#9754);
#9756=PLANE('',#9755);
#9757=ORIENTED_EDGE('',*,*,#7382,.F.);
#9759=ORIENTED_EDGE('',*,*,#9758,.T.);
#9760=ORIENTED_EDGE('',*,*,#9600,.T.);
#9761=ORIENTED_EDGE('',*,*,#9745,.F.);
#9762=EDGE_LOOP('',(#9757,#9759,#9760,#9761));
#9763=FACE_OUTER_BOUND('',#9762,.F.);
#9764=ADVANCED_FACE('',(#9763),#9756,.F.);
#9765=CARTESIAN_POINT('',(7.4E0,5.5E0,0.E0));
#9766=DIRECTION('',(7.071067811865E-1,-7.071067811865E-1,0.E0));
#9767=DIRECTION('',(7.071067811865E-1,7.071067811865E-1,0.E0));
#9768=AXIS2_PLACEMENT_3D('',#9765,#9766,#9767);
#9769=PLANE('',#9768);
#9770=ORIENTED_EDGE('',*,*,#7380,.F.);
#9772=ORIENTED_EDGE('',*,*,#9771,.T.);
#9773=ORIENTED_EDGE('',*,*,#9602,.T.);
#9774=ORIENTED_EDGE('',*,*,#9758,.F.);
#9775=EDGE_LOOP('',(#9770,#9772,#9773,#9774));
#9776=FACE_OUTER_BOUND('',#9775,.F.);
#9777=ADVANCED_FACE('',(#9776),#9769,.F.);
#9778=CARTESIAN_POINT('',(5.2E0,5.5E0,0.E0));
#9779=DIRECTION('',(0.E0,-1.E0,0.E0));
#9780=DIRECTION('',(1.E0,0.E0,0.E0));
#9781=AXIS2_PLACEMENT_3D('',#9778,#9779,#9780);
#9782=PLANE('',#9781);
#9783=ORIENTED_EDGE('',*,*,#7378,.F.);
#9785=ORIENTED_EDGE('',*,*,#9784,.T.);
#9786=ORIENTED_EDGE('',*,*,#9604,.T.);
#9787=ORIENTED_EDGE('',*,*,#9771,.F.);
#9788=EDGE_LOOP('',(#9783,#9785,#9786,#9787));
#9789=FACE_OUTER_BOUND('',#9788,.F.);
#9790=ADVANCED_FACE('',(#9789),#9782,.F.);
#9791=CARTESIAN_POINT('',(4.4E0,6.3E0,0.E0));
#9792=DIRECTION('',(-7.071067811865E-1,-7.071067811865E-1,0.E0));
#9793=DIRECTION('',(7.071067811865E-1,-7.071067811865E-1,0.E0));
#9794=AXIS2_PLACEMENT_3D('',#9791,#9792,#9793);
#9795=PLANE('',#9794);
#9796=ORIENTED_EDGE('',*,*,#7376,.F.);
#9797=ORIENTED_EDGE('',*,*,#9734,.T.);
#9798=ORIENTED_EDGE('',*,*,#9606,.T.);
#9799=ORIENTED_EDGE('',*,*,#9784,.F.);
#9800=EDGE_LOOP('',(#9796,#9797,#9798,#9799));
#9801=FACE_OUTER_BOUND('',#9800,.F.);
#9802=ADVANCED_FACE('',(#9801),#9795,.F.);
#9803=CARTESIAN_POINT('',(8.6E0,4.9E0,0.E0));
#9804=DIRECTION('',(-1.E0,0.E0,0.E0));
#9805=DIRECTION('',(0.E0,-1.E0,0.E0));
#9806=AXIS2_PLACEMENT_3D('',#9803,#9804,#9805);
#9807=PLANE('',#9806);
#9808=ORIENTED_EDGE('',*,*,#7388,.F.);
#9810=ORIENTED_EDGE('',*,*,#9809,.T.);
#9811=ORIENTED_EDGE('',*,*,#9626,.T.);
#9813=ORIENTED_EDGE('',*,*,#9812,.F.);
#9814=EDGE_LOOP('',(#9808,#9810,#9811,#9813));
#9815=FACE_OUTER_BOUND('',#9814,.F.);
#9816=ADVANCED_FACE('',(#9815),#9807,.F.);
#9817=CARTESIAN_POINT('',(1.24E1,4.9E0,0.E0));
#9818=DIRECTION('',(0.E0,1.E0,0.E0));
#9819=DIRECTION('',(-1.E0,0.E0,0.E0));
#9820=AXIS2_PLACEMENT_3D('',#9817,#9818,#9819);
#9821=PLANE('',#9820);
#9822=ORIENTED_EDGE('',*,*,#7394,.F.);
#9824=ORIENTED_EDGE('',*,*,#9823,.T.);
#9825=ORIENTED_EDGE('',*,*,#9628,.T.);
#9826=ORIENTED_EDGE('',*,*,#9809,.F.);
#9827=EDGE_LOOP('',(#9822,#9824,#9825,#9826));
#9828=FACE_OUTER_BOUND('',#9827,.F.);
#9829=ADVANCED_FACE('',(#9828),#9821,.F.);
#9830=CARTESIAN_POINT('',(1.24E1,1.3E0,0.E0));
#9831=DIRECTION('',(1.E0,0.E0,0.E0));
#9832=DIRECTION('',(0.E0,1.E0,0.E0));
#9833=AXIS2_PLACEMENT_3D('',#9830,#9831,#9832);
#9834=PLANE('',#9833);
#9835=ORIENTED_EDGE('',*,*,#7392,.F.);
#9837=ORIENTED_EDGE('',*,*,#9836,.T.);
#9838=ORIENTED_EDGE('',*,*,#9630,.T.);
#9839=ORIENTED_EDGE('',*,*,#9823,.F.);
#9840=EDGE_LOOP('',(#9835,#9837,#9838,#9839));
#9841=FACE_OUTER_BOUND('',#9840,.F.);
#9842=ADVANCED_FACE('',(#9841),#9834,.F.);
#9843=CARTESIAN_POINT('',(8.6E0,1.3E0,0.E0));
#9844=DIRECTION('',(0.E0,-1.E0,0.E0));
#9845=DIRECTION('',(1.E0,0.E0,0.E0));
#9846=AXIS2_PLACEMENT_3D('',#9843,#9844,#9845);
#9847=PLANE('',#9846);
#9848=ORIENTED_EDGE('',*,*,#7390,.F.);
#9849=ORIENTED_EDGE('',*,*,#9812,.T.);
#9850=ORIENTED_EDGE('',*,*,#9632,.T.);
#9851=ORIENTED_EDGE('',*,*,#9836,.F.);
#9852=EDGE_LOOP('',(#9848,#9849,#9850,#9851));
#9853=FACE_OUTER_BOUND('',#9852,.F.);
#9854=ADVANCED_FACE('',(#9853),#9847,.F.);
#9855=CARTESIAN_POINT('',(8.6E0,9.1E0,0.E0));
#9856=DIRECTION('',(-1.E0,0.E0,0.E0));
#9857=DIRECTION('',(0.E0,-1.E0,0.E0));
#9858=AXIS2_PLACEMENT_3D('',#9855,#9856,#9857);
#9859=PLANE('',#9858);
#9860=ORIENTED_EDGE('',*,*,#7398,.F.);
#9862=ORIENTED_EDGE('',*,*,#9861,.T.);
#9863=ORIENTED_EDGE('',*,*,#9652,.T.);
#9865=ORIENTED_EDGE('',*,*,#9864,.F.);
#9866=EDGE_LOOP('',(#9860,#9862,#9863,#9865));
#9867=FACE_OUTER_BOUND('',#9866,.F.);
#9868=ADVANCED_FACE('',(#9867),#9859,.F.);
#9869=CARTESIAN_POINT('',(1.24E1,9.1E0,0.E0));
#9870=DIRECTION('',(0.E0,1.E0,0.E0));
#9871=DIRECTION('',(-1.E0,0.E0,0.E0));
#9872=AXIS2_PLACEMENT_3D('',#9869,#9870,#9871);
#9873=PLANE('',#9872);
#9874=ORIENTED_EDGE('',*,*,#7408,.F.);
#9876=ORIENTED_EDGE('',*,*,#9875,.T.);
#9877=ORIENTED_EDGE('',*,*,#9654,.T.);
#9878=ORIENTED_EDGE('',*,*,#9861,.F.);
#9879=EDGE_LOOP('',(#9874,#9876,#9877,#9878));
#9880=FACE_OUTER_BOUND('',#9879,.F.);
#9881=ADVANCED_FACE('',(#9880),#9873,.F.);
#9882=CARTESIAN_POINT('',(1.24E1,6.3E0,0.E0));
#9883=DIRECTION('',(1.E0,0.E0,0.E0));
#9884=DIRECTION('',(0.E0,1.E0,0.E0));
#9885=AXIS2_PLACEMENT_3D('',#9882,#9883,#9884);
#9886=PLANE('',#9885);
#9887=ORIENTED_EDGE('',*,*,#7406,.F.);
#9889=ORIENTED_EDGE('',*,*,#9888,.T.);
#9890=ORIENTED_EDGE('',*,*,#9656,.T.);
#9891=ORIENTED_EDGE('',*,*,#9875,.F.);
#9892=EDGE_LOOP('',(#9887,#9889,#9890,#9891));
#9893=FACE_OUTER_BOUND('',#9892,.F.);
#9894=ADVANCED_FACE('',(#9893),#9886,.F.);
#9895=CARTESIAN_POINT('',(1.16E1,5.5E0,0.E0));
#9896=DIRECTION('',(7.071067811865E-1,-7.071067811865E-1,0.E0));
#9897=DIRECTION('',(7.071067811865E-1,7.071067811865E-1,0.E0));
#9898=AXIS2_PLACEMENT_3D('',#9895,#9896,#9897);
#9899=PLANE('',#9898);
#9900=ORIENTED_EDGE('',*,*,#7404,.F.);
#9902=ORIENTED_EDGE('',*,*,#9901,.T.);
#9903=ORIENTED_EDGE('',*,*,#9658,.T.);
#9904=ORIENTED_EDGE('',*,*,#9888,.F.);
#9905=EDGE_LOOP('',(#9900,#9902,#9903,#9904));
#9906=FACE_OUTER_BOUND('',#9905,.F.);
#9907=ADVANCED_FACE('',(#9906),#9899,.F.);
#9908=CARTESIAN_POINT('',(9.4E0,5.5E0,0.E0));
#9909=DIRECTION('',(0.E0,-1.E0,0.E0));
#9910=DIRECTION('',(1.E0,0.E0,0.E0));
#9911=AXIS2_PLACEMENT_3D('',#9908,#9909,#9910);
#9912=PLANE('',#9911);
#9913=ORIENTED_EDGE('',*,*,#7402,.F.);
#9915=ORIENTED_EDGE('',*,*,#9914,.T.);
#9916=ORIENTED_EDGE('',*,*,#9660,.T.);
#9917=ORIENTED_EDGE('',*,*,#9901,.F.);
#9918=EDGE_LOOP('',(#9913,#9915,#9916,#9917));
#9919=FACE_OUTER_BOUND('',#9918,.F.);
#9920=ADVANCED_FACE('',(#9919),#9912,.F.);
#9921=CARTESIAN_POINT('',(8.6E0,6.3E0,0.E0));
#9922=DIRECTION('',(-7.071067811865E-1,-7.071067811865E-1,0.E0));
#9923=DIRECTION('',(7.071067811865E-1,-7.071067811865E-1,0.E0));
#9924=AXIS2_PLACEMENT_3D('',#9921,#9922,#9923);
#9925=PLANE('',#9924);
#9926=ORIENTED_EDGE('',*,*,#7400,.F.);
#9927=ORIENTED_EDGE('',*,*,#9864,.T.);
#9928=ORIENTED_EDGE('',*,*,#9662,.T.);
#9929=ORIENTED_EDGE('',*,*,#9914,.F.);
#9930=EDGE_LOOP('',(#9926,#9927,#9928,#9929));
#9931=FACE_OUTER_BOUND('',#9930,.F.);
#9932=ADVANCED_FACE('',(#9931),#9925,.F.);
#9933=CARTESIAN_POINT('',(6.835E0,1.E1,0.E0));
#9934=DIRECTION('',(-1.E0,0.E0,0.E0));
#9935=DIRECTION('',(0.E0,0.E0,1.E0));
#9936=AXIS2_PLACEMENT_3D('',#9933,#9934,#9935);
#9937=PLANE('',#9936);
#9938=ORIENTED_EDGE('',*,*,#7762,.T.);
#9940=ORIENTED_EDGE('',*,*,#9939,.T.);
#9942=ORIENTED_EDGE('',*,*,#9941,.T.);
#9944=ORIENTED_EDGE('',*,*,#9943,.T.);
#9946=ORIENTED_EDGE('',*,*,#9945,.T.);
#9948=ORIENTED_EDGE('',*,*,#9947,.T.);
#9950=ORIENTED_EDGE('',*,*,#9949,.T.);
#9952=ORIENTED_EDGE('',*,*,#9951,.T.);
#9953=EDGE_LOOP('',(#9938,#9940,#9942,#9944,#9946,#9948,#9950,#9952));
#9954=FACE_OUTER_BOUND('',#9953,.F.);
#9955=ADVANCED_FACE('',(#9954),#9937,.F.);
#9956=CARTESIAN_POINT('',(6.835E0,1.E1,0.E0));
#9957=DIRECTION('',(-1.E0,0.E0,0.E0));
#9958=DIRECTION('',(0.E0,0.E0,1.E0));
#9959=AXIS2_PLACEMENT_3D('',#9956,#9957,#9958);
#9960=PLANE('',#9959);
#9961=ORIENTED_EDGE('',*,*,#9610,.F.);
#9963=ORIENTED_EDGE('',*,*,#9962,.T.);
#9965=ORIENTED_EDGE('',*,*,#9964,.T.);
#9967=ORIENTED_EDGE('',*,*,#9966,.T.);
#9968=EDGE_LOOP('',(#9961,#9963,#9965,#9967));
#9969=FACE_OUTER_BOUND('',#9968,.F.);
#9970=ADVANCED_FACE('',(#9969),#9960,.F.);
#9971=CARTESIAN_POINT('',(6.835E0,8.035E0,-4.7E0));
#9972=DIRECTION('',(0.E0,1.E0,0.E0));
#9973=DIRECTION('',(0.E0,0.E0,-1.E0));
#9974=AXIS2_PLACEMENT_3D('',#9971,#9972,#9973);
#9975=PLANE('',#9974);
#9976=ORIENTED_EDGE('',*,*,#7768,.T.);
#9978=ORIENTED_EDGE('',*,*,#9977,.T.);
#9980=ORIENTED_EDGE('',*,*,#9979,.F.);
#9981=ORIENTED_EDGE('',*,*,#9939,.F.);
#9982=EDGE_LOOP('',(#9976,#9978,#9980,#9981));
#9983=FACE_OUTER_BOUND('',#9982,.F.);
#9984=ADVANCED_FACE('',(#9983),#9975,.T.);
#9985=CARTESIAN_POINT('',(6.835E0,8.035E0,-4.7E0));
#9986=DIRECTION('',(0.E0,1.E0,0.E0));
#9987=DIRECTION('',(0.E0,0.E0,-1.E0));
#9988=AXIS2_PLACEMENT_3D('',#9985,#9986,#9987);
#9989=PLANE('',#9988);
#9990=ORIENTED_EDGE('',*,*,#9612,.F.);
#9991=ORIENTED_EDGE('',*,*,#9966,.F.);
#9993=ORIENTED_EDGE('',*,*,#9992,.T.);
#9995=ORIENTED_EDGE('',*,*,#9994,.T.);
#9996=EDGE_LOOP('',(#9990,#9991,#9993,#9995));
#9997=FACE_OUTER_BOUND('',#9996,.F.);
#9998=ADVANCED_FACE('',(#9997),#9989,.T.);
#9999=CARTESIAN_POINT('',(5.765E0,1.E1,0.E0));
#10000=DIRECTION('',(-1.E0,0.E0,0.E0));
#10001=DIRECTION('',(0.E0,0.E0,1.E0));
#10002=AXIS2_PLACEMENT_3D('',#9999,#10000,#10001);
#10003=PLANE('',#10002);
#10004=ORIENTED_EDGE('',*,*,#7766,.F.);
#10006=ORIENTED_EDGE('',*,*,#10005,.F.);
#10008=ORIENTED_EDGE('',*,*,#10007,.F.);
#10010=ORIENTED_EDGE('',*,*,#10009,.F.);
#10012=ORIENTED_EDGE('',*,*,#10011,.F.);
#10014=ORIENTED_EDGE('',*,*,#10013,.F.);
#10016=ORIENTED_EDGE('',*,*,#10015,.F.);
#10017=ORIENTED_EDGE('',*,*,#9977,.F.);
#10018=EDGE_LOOP('',(#10004,#10006,#10008,#10010,#10012,#10014,#10016,#10017));
#10019=FACE_OUTER_BOUND('',#10018,.F.);
#10020=ADVANCED_FACE('',(#10019),#10003,.T.);
#10021=CARTESIAN_POINT('',(5.765E0,1.E1,0.E0));
#10022=DIRECTION('',(-1.E0,0.E0,0.E0));
#10023=DIRECTION('',(0.E0,0.E0,1.E0));
#10024=AXIS2_PLACEMENT_3D('',#10021,#10022,#10023);
#10025=PLANE('',#10024);
#10026=ORIENTED_EDGE('',*,*,#9614,.T.);
#10027=ORIENTED_EDGE('',*,*,#9994,.F.);
#10029=ORIENTED_EDGE('',*,*,#10028,.F.);
#10031=ORIENTED_EDGE('',*,*,#10030,.F.);
#10032=EDGE_LOOP('',(#10026,#10027,#10029,#10031));
#10033=FACE_OUTER_BOUND('',#10032,.F.);
#10034=ADVANCED_FACE('',(#10033),#10025,.T.);
#10035=CARTESIAN_POINT('',(6.835E0,6.965E0,-1.8365E1));
#10036=DIRECTION('',(0.E0,-1.E0,0.E0));
#10037=DIRECTION('',(0.E0,0.E0,1.E0));
#10038=AXIS2_PLACEMENT_3D('',#10035,#10036,#10037);
#10039=PLANE('',#10038);
#10040=ORIENTED_EDGE('',*,*,#7764,.F.);
#10041=ORIENTED_EDGE('',*,*,#9951,.F.);
#10043=ORIENTED_EDGE('',*,*,#10042,.T.);
#10044=ORIENTED_EDGE('',*,*,#10005,.T.);
#10045=EDGE_LOOP('',(#10040,#10041,#10043,#10044));
#10046=FACE_OUTER_BOUND('',#10045,.F.);
#10047=ADVANCED_FACE('',(#10046),#10039,.T.);
#10048=CARTESIAN_POINT('',(6.835E0,6.965E0,-1.8365E1));
#10049=DIRECTION('',(0.E0,-1.E0,0.E0));
#10050=DIRECTION('',(0.E0,0.E0,1.E0));
#10051=AXIS2_PLACEMENT_3D('',#10048,#10049,#10050);
#10052=PLANE('',#10051);
#10053=ORIENTED_EDGE('',*,*,#9616,.T.);
#10054=ORIENTED_EDGE('',*,*,#10030,.T.);
#10056=ORIENTED_EDGE('',*,*,#10055,.F.);
#10057=ORIENTED_EDGE('',*,*,#9962,.F.);
#10058=EDGE_LOOP('',(#10053,#10054,#10056,#10057));
#10059=FACE_OUTER_BOUND('',#10058,.F.);
#10060=ADVANCED_FACE('',(#10059),#10052,.T.);
#10061=CARTESIAN_POINT('',(6.835E0,6.465E0,-1.8365E1));
#10062=DIRECTION('',(-1.E0,0.E0,0.E0));
#10063=DIRECTION('',(0.E0,0.E0,1.E0));
#10064=AXIS2_PLACEMENT_3D('',#10061,#10062,#10063);
#10065=CYLINDRICAL_SURFACE('',#10064,5.E-1);
#10066=ORIENTED_EDGE('',*,*,#9949,.F.);
#10068=ORIENTED_EDGE('',*,*,#10067,.T.);
#10069=ORIENTED_EDGE('',*,*,#10007,.T.);
#10070=ORIENTED_EDGE('',*,*,#10042,.F.);
#10071=EDGE_LOOP('',(#10066,#10068,#10069,#10070));
#10072=FACE_OUTER_BOUND('',#10071,.F.);
#10073=ADVANCED_FACE('',(#10072),#10065,.F.);
#10074=CARTESIAN_POINT('',(6.835E0,-3.3E0,-1.8865E1));
#10075=DIRECTION('',(0.E0,0.E0,1.E0));
#10076=DIRECTION('',(0.E0,1.E0,0.E0));
#10077=AXIS2_PLACEMENT_3D('',#10074,#10075,#10076);
#10078=PLANE('',#10077);
#10079=ORIENTED_EDGE('',*,*,#9947,.F.);
#10081=ORIENTED_EDGE('',*,*,#10080,.T.);
#10082=ORIENTED_EDGE('',*,*,#10009,.T.);
#10083=ORIENTED_EDGE('',*,*,#10067,.F.);
#10084=EDGE_LOOP('',(#10079,#10081,#10082,#10083));
#10085=FACE_OUTER_BOUND('',#10084,.F.);
#10086=ADVANCED_FACE('',(#10085),#10078,.T.);
#10087=CARTESIAN_POINT('',(6.835E0,-3.3E0,-1.9935E1));
#10088=DIRECTION('',(0.E0,-1.E0,0.E0));
#10089=DIRECTION('',(0.E0,0.E0,1.E0));
#10090=AXIS2_PLACEMENT_3D('',#10087,#10088,#10089);
#10091=PLANE('',#10090);
#10092=ORIENTED_EDGE('',*,*,#9945,.F.);
#10094=ORIENTED_EDGE('',*,*,#10093,.T.);
#10095=ORIENTED_EDGE('',*,*,#10011,.T.);
#10096=ORIENTED_EDGE('',*,*,#10080,.F.);
#10097=EDGE_LOOP('',(#10092,#10094,#10095,#10096));
#10098=FACE_OUTER_BOUND('',#10097,.F.);
#10099=ADVANCED_FACE('',(#10098),#10091,.T.);
#10100=CARTESIAN_POINT('',(6.835E0,6.465E0,-1.9935E1));
#10101=DIRECTION('',(0.E0,0.E0,-1.E0));
#10102=DIRECTION('',(0.E0,-1.E0,0.E0));
#10103=AXIS2_PLACEMENT_3D('',#10100,#10101,#10102);
#10104=PLANE('',#10103);
#10105=ORIENTED_EDGE('',*,*,#9943,.F.);
#10107=ORIENTED_EDGE('',*,*,#10106,.T.);
#10108=ORIENTED_EDGE('',*,*,#10013,.T.);
#10109=ORIENTED_EDGE('',*,*,#10093,.F.);
#10110=EDGE_LOOP('',(#10105,#10107,#10108,#10109));
#10111=FACE_OUTER_BOUND('',#10110,.F.);
#10112=ADVANCED_FACE('',(#10111),#10104,.T.);
#10113=CARTESIAN_POINT('',(6.835E0,6.465E0,-1.8365E1));
#10114=DIRECTION('',(-1.E0,0.E0,0.E0));
#10115=DIRECTION('',(0.E0,0.E0,1.E0));
#10116=AXIS2_PLACEMENT_3D('',#10113,#10114,#10115);
#10117=CYLINDRICAL_SURFACE('',#10116,1.57E0);
#10118=ORIENTED_EDGE('',*,*,#9941,.F.);
#10119=ORIENTED_EDGE('',*,*,#9979,.T.);
#10120=ORIENTED_EDGE('',*,*,#10015,.T.);
#10121=ORIENTED_EDGE('',*,*,#10106,.F.);
#10122=EDGE_LOOP('',(#10118,#10119,#10120,#10121));
#10123=FACE_OUTER_BOUND('',#10122,.F.);
#10124=ADVANCED_FACE('',(#10123),#10117,.T.);
#10125=CARTESIAN_POINT('',(6.835E0,6.965E0,-4.7E0));
#10126=DIRECTION('',(0.E0,0.E0,1.E0));
#10127=DIRECTION('',(0.E0,1.E0,0.E0));
#10128=AXIS2_PLACEMENT_3D('',#10125,#10126,#10127);
#10129=PLANE('',#10128);
#10130=ORIENTED_EDGE('',*,*,#9964,.F.);
#10131=ORIENTED_EDGE('',*,*,#10055,.T.);
#10132=ORIENTED_EDGE('',*,*,#10028,.T.);
#10133=ORIENTED_EDGE('',*,*,#9992,.F.);
#10134=EDGE_LOOP('',(#10130,#10131,#10132,#10133));
#10135=FACE_OUTER_BOUND('',#10134,.F.);
#10136=ADVANCED_FACE('',(#10135),#10129,.T.);
#10137=CARTESIAN_POINT('',(1.1035E1,1.E1,0.E0));
#10138=DIRECTION('',(-1.E0,0.E0,0.E0));
#10139=DIRECTION('',(0.E0,0.E0,1.E0));
#10140=AXIS2_PLACEMENT_3D('',#10137,#10138,#10139);
#10141=PLANE('',#10140);
#10142=ORIENTED_EDGE('',*,*,#7872,.T.);
#10144=ORIENTED_EDGE('',*,*,#10143,.T.);
#10146=ORIENTED_EDGE('',*,*,#10145,.T.);
#10148=ORIENTED_EDGE('',*,*,#10147,.T.);
#10150=ORIENTED_EDGE('',*,*,#10149,.T.);
#10152=ORIENTED_EDGE('',*,*,#10151,.T.);
#10154=ORIENTED_EDGE('',*,*,#10153,.T.);
#10156=ORIENTED_EDGE('',*,*,#10155,.T.);
#10157=EDGE_LOOP('',(#10142,#10144,#10146,#10148,#10150,#10152,#10154,#10156));
#10158=FACE_OUTER_BOUND('',#10157,.F.);
#10159=ADVANCED_FACE('',(#10158),#10141,.F.);
#10160=CARTESIAN_POINT('',(1.1035E1,1.E1,0.E0));
#10161=DIRECTION('',(-1.E0,0.E0,0.E0));
#10162=DIRECTION('',(0.E0,0.E0,1.E0));
#10163=AXIS2_PLACEMENT_3D('',#10160,#10161,#10162);
#10164=PLANE('',#10163);
#10165=ORIENTED_EDGE('',*,*,#9636,.F.);
#10167=ORIENTED_EDGE('',*,*,#10166,.T.);
#10169=ORIENTED_EDGE('',*,*,#10168,.T.);
#10171=ORIENTED_EDGE('',*,*,#10170,.T.);
#10172=EDGE_LOOP('',(#10165,#10167,#10169,#10171));
#10173=FACE_OUTER_BOUND('',#10172,.F.);
#10174=ADVANCED_FACE('',(#10173),#10164,.F.);
#10175=CARTESIAN_POINT('',(1.1035E1,3.835E0,-4.7E0));
#10176=DIRECTION('',(0.E0,1.E0,0.E0));
#10177=DIRECTION('',(0.E0,0.E0,-1.E0));
#10178=AXIS2_PLACEMENT_3D('',#10175,#10176,#10177);
#10179=PLANE('',#10178);
#10180=ORIENTED_EDGE('',*,*,#7878,.T.);
#10182=ORIENTED_EDGE('',*,*,#10181,.T.);
#10184=ORIENTED_EDGE('',*,*,#10183,.F.);
#10185=ORIENTED_EDGE('',*,*,#10143,.F.);
#10186=EDGE_LOOP('',(#10180,#10182,#10184,#10185));
#10187=FACE_OUTER_BOUND('',#10186,.F.);
#10188=ADVANCED_FACE('',(#10187),#10179,.T.);
#10189=CARTESIAN_POINT('',(1.1035E1,3.835E0,-4.7E0));
#10190=DIRECTION('',(0.E0,1.E0,0.E0));
#10191=DIRECTION('',(0.E0,0.E0,-1.E0));
#10192=AXIS2_PLACEMENT_3D('',#10189,#10190,#10191);
#10193=PLANE('',#10192);
#10194=ORIENTED_EDGE('',*,*,#9638,.F.);
#10195=ORIENTED_EDGE('',*,*,#10170,.F.);
#10197=ORIENTED_EDGE('',*,*,#10196,.T.);
#10199=ORIENTED_EDGE('',*,*,#10198,.T.);
#10200=EDGE_LOOP('',(#10194,#10195,#10197,#10199));
#10201=FACE_OUTER_BOUND('',#10200,.F.);
#10202=ADVANCED_FACE('',(#10201),#10193,.T.);
#10203=CARTESIAN_POINT('',(9.965E0,1.E1,0.E0));
#10204=DIRECTION('',(-1.E0,0.E0,0.E0));
#10205=DIRECTION('',(0.E0,0.E0,1.E0));
#10206=AXIS2_PLACEMENT_3D('',#10203,#10204,#10205);
#10207=PLANE('',#10206);
#10208=ORIENTED_EDGE('',*,*,#7876,.F.);
#10210=ORIENTED_EDGE('',*,*,#10209,.F.);
#10212=ORIENTED_EDGE('',*,*,#10211,.F.);
#10214=ORIENTED_EDGE('',*,*,#10213,.F.);
#10216=ORIENTED_EDGE('',*,*,#10215,.F.);
#10218=ORIENTED_EDGE('',*,*,#10217,.F.);
#10220=ORIENTED_EDGE('',*,*,#10219,.F.);
#10221=ORIENTED_EDGE('',*,*,#10181,.F.);
#10222=EDGE_LOOP('',(#10208,#10210,#10212,#10214,#10216,#10218,#10220,#10221));
#10223=FACE_OUTER_BOUND('',#10222,.F.);
#10224=ADVANCED_FACE('',(#10223),#10207,.T.);
#10225=CARTESIAN_POINT('',(9.965E0,1.E1,0.E0));
#10226=DIRECTION('',(-1.E0,0.E0,0.E0));
#10227=DIRECTION('',(0.E0,0.E0,1.E0));
#10228=AXIS2_PLACEMENT_3D('',#10225,#10226,#10227);
#10229=PLANE('',#10228);
#10230=ORIENTED_EDGE('',*,*,#9640,.T.);
#10231=ORIENTED_EDGE('',*,*,#10198,.F.);
#10233=ORIENTED_EDGE('',*,*,#10232,.F.);
#10235=ORIENTED_EDGE('',*,*,#10234,.F.);
#10236=EDGE_LOOP('',(#10230,#10231,#10233,#10235));
#10237=FACE_OUTER_BOUND('',#10236,.F.);
#10238=ADVANCED_FACE('',(#10237),#10229,.T.);
#10239=CARTESIAN_POINT('',(1.1035E1,2.765E0,-1.3065E1));
#10240=DIRECTION('',(0.E0,-1.E0,0.E0));
#10241=DIRECTION('',(0.E0,0.E0,1.E0));
#10242=AXIS2_PLACEMENT_3D('',#10239,#10240,#10241);
#10243=PLANE('',#10242);
#10244=ORIENTED_EDGE('',*,*,#7874,.F.);
#10245=ORIENTED_EDGE('',*,*,#10155,.F.);
#10247=ORIENTED_EDGE('',*,*,#10246,.T.);
#10248=ORIENTED_EDGE('',*,*,#10209,.T.);
#10249=EDGE_LOOP('',(#10244,#10245,#10247,#10248));
#10250=FACE_OUTER_BOUND('',#10249,.F.);
#10251=ADVANCED_FACE('',(#10250),#10243,.T.);
#10252=CARTESIAN_POINT('',(1.1035E1,2.765E0,-1.3065E1));
#10253=DIRECTION('',(0.E0,-1.E0,0.E0));
#10254=DIRECTION('',(0.E0,0.E0,1.E0));
#10255=AXIS2_PLACEMENT_3D('',#10252,#10253,#10254);
#10256=PLANE('',#10255);
#10257=ORIENTED_EDGE('',*,*,#9642,.T.);
#10258=ORIENTED_EDGE('',*,*,#10234,.T.);
#10260=ORIENTED_EDGE('',*,*,#10259,.F.);
#10261=ORIENTED_EDGE('',*,*,#10166,.F.);
#10262=EDGE_LOOP('',(#10257,#10258,#10260,#10261));
#10263=FACE_OUTER_BOUND('',#10262,.F.);
#10264=ADVANCED_FACE('',(#10263),#10256,.T.);
#10265=CARTESIAN_POINT('',(1.1035E1,2.465E0,-1.3065E1));
#10266=DIRECTION('',(-1.E0,0.E0,0.E0));
#10267=DIRECTION('',(0.E0,0.E0,1.E0));
#10268=AXIS2_PLACEMENT_3D('',#10265,#10266,#10267);
#10269=CYLINDRICAL_SURFACE('',#10268,3.E-1);
#10270=ORIENTED_EDGE('',*,*,#10153,.F.);
#10272=ORIENTED_EDGE('',*,*,#10271,.T.);
#10273=ORIENTED_EDGE('',*,*,#10211,.T.);
#10274=ORIENTED_EDGE('',*,*,#10246,.F.);
#10275=EDGE_LOOP('',(#10270,#10272,#10273,#10274));
#10276=FACE_OUTER_BOUND('',#10275,.F.);
#10277=ADVANCED_FACE('',(#10276),#10269,.F.);
#10278=CARTESIAN_POINT('',(1.1035E1,-3.3E0,-1.3365E1));
#10279=DIRECTION('',(0.E0,0.E0,1.E0));
#10280=DIRECTION('',(0.E0,1.E0,0.E0));
#10281=AXIS2_PLACEMENT_3D('',#10278,#10279,#10280);
#10282=PLANE('',#10281);
#10283=ORIENTED_EDGE('',*,*,#10151,.F.);
#10285=ORIENTED_EDGE('',*,*,#10284,.T.);
#10286=ORIENTED_EDGE('',*,*,#10213,.T.);
#10287=ORIENTED_EDGE('',*,*,#10271,.F.);
#10288=EDGE_LOOP('',(#10283,#10285,#10286,#10287));
#10289=FACE_OUTER_BOUND('',#10288,.F.);
#10290=ADVANCED_FACE('',(#10289),#10282,.T.);
#10291=CARTESIAN_POINT('',(1.1035E1,-3.3E0,-1.4435E1));
#10292=DIRECTION('',(0.E0,-1.E0,0.E0));
#10293=DIRECTION('',(0.E0,0.E0,1.E0));
#10294=AXIS2_PLACEMENT_3D('',#10291,#10292,#10293);
#10295=PLANE('',#10294);
#10296=ORIENTED_EDGE('',*,*,#10149,.F.);
#10298=ORIENTED_EDGE('',*,*,#10297,.T.);
#10299=ORIENTED_EDGE('',*,*,#10215,.T.);
#10300=ORIENTED_EDGE('',*,*,#10284,.F.);
#10301=EDGE_LOOP('',(#10296,#10298,#10299,#10300));
#10302=FACE_OUTER_BOUND('',#10301,.F.);
#10303=ADVANCED_FACE('',(#10302),#10295,.T.);
#10304=CARTESIAN_POINT('',(1.1035E1,2.465E0,-1.4435E1));
#10305=DIRECTION('',(0.E0,0.E0,-1.E0));
#10306=DIRECTION('',(0.E0,-1.E0,0.E0));
#10307=AXIS2_PLACEMENT_3D('',#10304,#10305,#10306);
#10308=PLANE('',#10307);
#10309=ORIENTED_EDGE('',*,*,#10147,.F.);
#10311=ORIENTED_EDGE('',*,*,#10310,.T.);
#10312=ORIENTED_EDGE('',*,*,#10217,.T.);
#10313=ORIENTED_EDGE('',*,*,#10297,.F.);
#10314=EDGE_LOOP('',(#10309,#10311,#10312,#10313));
#10315=FACE_OUTER_BOUND('',#10314,.F.);
#10316=ADVANCED_FACE('',(#10315),#10308,.T.);
#10317=CARTESIAN_POINT('',(1.1035E1,2.465E0,-1.3065E1));
#10318=DIRECTION('',(-1.E0,0.E0,0.E0));
#10319=DIRECTION('',(0.E0,0.E0,1.E0));
#10320=AXIS2_PLACEMENT_3D('',#10317,#10318,#10319);
#10321=CYLINDRICAL_SURFACE('',#10320,1.37E0);
#10322=ORIENTED_EDGE('',*,*,#10145,.F.);
#10323=ORIENTED_EDGE('',*,*,#10183,.T.);
#10324=ORIENTED_EDGE('',*,*,#10219,.T.);
#10325=ORIENTED_EDGE('',*,*,#10310,.F.);
#10326=EDGE_LOOP('',(#10322,#10323,#10324,#10325));
#10327=FACE_OUTER_BOUND('',#10326,.F.);
#10328=ADVANCED_FACE('',(#10327),#10321,.T.);
#10329=CARTESIAN_POINT('',(1.1035E1,2.765E0,-4.7E0));
#10330=DIRECTION('',(0.E0,0.E0,1.E0));
#10331=DIRECTION('',(0.E0,1.E0,0.E0));
#10332=AXIS2_PLACEMENT_3D('',#10329,#10330,#10331);
#10333=PLANE('',#10332);
#10334=ORIENTED_EDGE('',*,*,#10168,.F.);
#10335=ORIENTED_EDGE('',*,*,#10259,.T.);
#10336=ORIENTED_EDGE('',*,*,#10232,.T.);
#10337=ORIENTED_EDGE('',*,*,#10196,.F.);
#10338=EDGE_LOOP('',(#10334,#10335,#10336,#10337));
#10339=FACE_OUTER_BOUND('',#10338,.F.);
#10340=ADVANCED_FACE('',(#10339),#10333,.T.);
#10341=CARTESIAN_POINT('',(6.835E0,1.E1,0.E0));
#10342=DIRECTION('',(-1.E0,0.E0,0.E0));
#10343=DIRECTION('',(0.E0,0.E0,1.E0));
#10344=AXIS2_PLACEMENT_3D('',#10341,#10342,#10343);
#10345=PLANE('',#10344);
#10346=ORIENTED_EDGE('',*,*,#7882,.T.);
#10348=ORIENTED_EDGE('',*,*,#10347,.T.);
#10350=ORIENTED_EDGE('',*,*,#10349,.T.);
#10352=ORIENTED_EDGE('',*,*,#10351,.T.);
#10354=ORIENTED_EDGE('',*,*,#10353,.T.);
#10356=ORIENTED_EDGE('',*,*,#10355,.T.);
#10358=ORIENTED_EDGE('',*,*,#10357,.T.);
#10360=ORIENTED_EDGE('',*,*,#10359,.T.);
#10361=EDGE_LOOP('',(#10346,#10348,#10350,#10352,#10354,#10356,#10358,#10360));
#10362=FACE_OUTER_BOUND('',#10361,.F.);
#10363=ADVANCED_FACE('',(#10362),#10345,.F.);
#10364=CARTESIAN_POINT('',(6.835E0,1.E1,0.E0));
#10365=DIRECTION('',(-1.E0,0.E0,0.E0));
#10366=DIRECTION('',(0.E0,0.E0,1.E0));
#10367=AXIS2_PLACEMENT_3D('',#10364,#10365,#10366);
#10368=PLANE('',#10367);
#10369=ORIENTED_EDGE('',*,*,#9580,.F.);
#10371=ORIENTED_EDGE('',*,*,#10370,.T.);
#10373=ORIENTED_EDGE('',*,*,#10372,.T.);
#10375=ORIENTED_EDGE('',*,*,#10374,.T.);
#10376=EDGE_LOOP('',(#10369,#10371,#10373,#10375));
#10377=FACE_OUTER_BOUND('',#10376,.F.);
#10378=ADVANCED_FACE('',(#10377),#10368,.F.);
#10379=CARTESIAN_POINT('',(6.835E0,3.835E0,-4.7E0));
#10380=DIRECTION('',(0.E0,1.E0,0.E0));
#10381=DIRECTION('',(0.E0,0.E0,-1.E0));
#10382=AXIS2_PLACEMENT_3D('',#10379,#10380,#10381);
#10383=PLANE('',#10382);
#10384=ORIENTED_EDGE('',*,*,#7888,.T.);
#10386=ORIENTED_EDGE('',*,*,#10385,.T.);
#10388=ORIENTED_EDGE('',*,*,#10387,.F.);
#10389=ORIENTED_EDGE('',*,*,#10347,.F.);
#10390=EDGE_LOOP('',(#10384,#10386,#10388,#10389));
#10391=FACE_OUTER_BOUND('',#10390,.F.);
#10392=ADVANCED_FACE('',(#10391),#10383,.T.);
#10393=CARTESIAN_POINT('',(6.835E0,3.835E0,-4.7E0));
#10394=DIRECTION('',(0.E0,1.E0,0.E0));
#10395=DIRECTION('',(0.E0,0.E0,-1.E0));
#10396=AXIS2_PLACEMENT_3D('',#10393,#10394,#10395);
#10397=PLANE('',#10396);
#10398=ORIENTED_EDGE('',*,*,#9582,.F.);
#10399=ORIENTED_EDGE('',*,*,#10374,.F.);
#10401=ORIENTED_EDGE('',*,*,#10400,.T.);
#10403=ORIENTED_EDGE('',*,*,#10402,.T.);
#10404=EDGE_LOOP('',(#10398,#10399,#10401,#10403));
#10405=FACE_OUTER_BOUND('',#10404,.F.);
#10406=ADVANCED_FACE('',(#10405),#10397,.T.);
#10407=CARTESIAN_POINT('',(5.765E0,1.E1,0.E0));
#10408=DIRECTION('',(-1.E0,0.E0,0.E0));
#10409=DIRECTION('',(0.E0,0.E0,1.E0));
#10410=AXIS2_PLACEMENT_3D('',#10407,#10408,#10409);
#10411=PLANE('',#10410);
#10412=ORIENTED_EDGE('',*,*,#7886,.F.);
#10414=ORIENTED_EDGE('',*,*,#10413,.F.);
#10416=ORIENTED_EDGE('',*,*,#10415,.F.);
#10418=ORIENTED_EDGE('',*,*,#10417,.F.);
#10420=ORIENTED_EDGE('',*,*,#10419,.F.);
#10422=ORIENTED_EDGE('',*,*,#10421,.F.);
#10424=ORIENTED_EDGE('',*,*,#10423,.F.);
#10425=ORIENTED_EDGE('',*,*,#10385,.F.);
#10426=EDGE_LOOP('',(#10412,#10414,#10416,#10418,#10420,#10422,#10424,#10425));
#10427=FACE_OUTER_BOUND('',#10426,.F.);
#10428=ADVANCED_FACE('',(#10427),#10411,.T.);
#10429=CARTESIAN_POINT('',(5.765E0,1.E1,0.E0));
#10430=DIRECTION('',(-1.E0,0.E0,0.E0));
#10431=DIRECTION('',(0.E0,0.E0,1.E0));
#10432=AXIS2_PLACEMENT_3D('',#10429,#10430,#10431);
#10433=PLANE('',#10432);
#10434=ORIENTED_EDGE('',*,*,#9584,.T.);
#10435=ORIENTED_EDGE('',*,*,#10402,.F.);
#10437=ORIENTED_EDGE('',*,*,#10436,.F.);
#10439=ORIENTED_EDGE('',*,*,#10438,.F.);
#10440=EDGE_LOOP('',(#10434,#10435,#10437,#10439));
#10441=FACE_OUTER_BOUND('',#10440,.F.);
#10442=ADVANCED_FACE('',(#10441),#10433,.T.);
#10443=CARTESIAN_POINT('',(6.835E0,2.765E0,-1.3065E1));
#10444=DIRECTION('',(0.E0,-1.E0,0.E0));
#10445=DIRECTION('',(0.E0,0.E0,1.E0));
#10446=AXIS2_PLACEMENT_3D('',#10443,#10444,#10445);
#10447=PLANE('',#10446);
#10448=ORIENTED_EDGE('',*,*,#7884,.F.);
#10449=ORIENTED_EDGE('',*,*,#10359,.F.);
#10451=ORIENTED_EDGE('',*,*,#10450,.T.);
#10452=ORIENTED_EDGE('',*,*,#10413,.T.);
#10453=EDGE_LOOP('',(#10448,#10449,#10451,#10452));
#10454=FACE_OUTER_BOUND('',#10453,.F.);
#10455=ADVANCED_FACE('',(#10454),#10447,.T.);
#10456=CARTESIAN_POINT('',(6.835E0,2.765E0,-1.3065E1));
#10457=DIRECTION('',(0.E0,-1.E0,0.E0));
#10458=DIRECTION('',(0.E0,0.E0,1.E0));
#10459=AXIS2_PLACEMENT_3D('',#10456,#10457,#10458);
#10460=PLANE('',#10459);
#10461=ORIENTED_EDGE('',*,*,#9586,.T.);
#10462=ORIENTED_EDGE('',*,*,#10438,.T.);
#10464=ORIENTED_EDGE('',*,*,#10463,.F.);
#10465=ORIENTED_EDGE('',*,*,#10370,.F.);
#10466=EDGE_LOOP('',(#10461,#10462,#10464,#10465));
#10467=FACE_OUTER_BOUND('',#10466,.F.);
#10468=ADVANCED_FACE('',(#10467),#10460,.T.);
#10469=CARTESIAN_POINT('',(6.835E0,2.465E0,-1.3065E1));
#10470=DIRECTION('',(-1.E0,0.E0,0.E0));
#10471=DIRECTION('',(0.E0,0.E0,1.E0));
#10472=AXIS2_PLACEMENT_3D('',#10469,#10470,#10471);
#10473=CYLINDRICAL_SURFACE('',#10472,3.E-1);
#10474=ORIENTED_EDGE('',*,*,#10357,.F.);
#10476=ORIENTED_EDGE('',*,*,#10475,.T.);
#10477=ORIENTED_EDGE('',*,*,#10415,.T.);
#10478=ORIENTED_EDGE('',*,*,#10450,.F.);
#10479=EDGE_LOOP('',(#10474,#10476,#10477,#10478));
#10480=FACE_OUTER_BOUND('',#10479,.F.);
#10481=ADVANCED_FACE('',(#10480),#10473,.F.);
#10482=CARTESIAN_POINT('',(6.835E0,-3.3E0,-1.3365E1));
#10483=DIRECTION('',(0.E0,0.E0,1.E0));
#10484=DIRECTION('',(0.E0,1.E0,0.E0));
#10485=AXIS2_PLACEMENT_3D('',#10482,#10483,#10484);
#10486=PLANE('',#10485);
#10487=ORIENTED_EDGE('',*,*,#10355,.F.);
#10489=ORIENTED_EDGE('',*,*,#10488,.T.);
#10490=ORIENTED_EDGE('',*,*,#10417,.T.);
#10491=ORIENTED_EDGE('',*,*,#10475,.F.);
#10492=EDGE_LOOP('',(#10487,#10489,#10490,#10491));
#10493=FACE_OUTER_BOUND('',#10492,.F.);
#10494=ADVANCED_FACE('',(#10493),#10486,.T.);
#10495=CARTESIAN_POINT('',(6.835E0,-3.3E0,-1.4435E1));
#10496=DIRECTION('',(0.E0,-1.E0,0.E0));
#10497=DIRECTION('',(0.E0,0.E0,1.E0));
#10498=AXIS2_PLACEMENT_3D('',#10495,#10496,#10497);
#10499=PLANE('',#10498);
#10500=ORIENTED_EDGE('',*,*,#10353,.F.);
#10502=ORIENTED_EDGE('',*,*,#10501,.T.);
#10503=ORIENTED_EDGE('',*,*,#10419,.T.);
#10504=ORIENTED_EDGE('',*,*,#10488,.F.);
#10505=EDGE_LOOP('',(#10500,#10502,#10503,#10504));
#10506=FACE_OUTER_BOUND('',#10505,.F.);
#10507=ADVANCED_FACE('',(#10506),#10499,.T.);
#10508=CARTESIAN_POINT('',(6.835E0,2.465E0,-1.4435E1));
#10509=DIRECTION('',(0.E0,0.E0,-1.E0));
#10510=DIRECTION('',(0.E0,-1.E0,0.E0));
#10511=AXIS2_PLACEMENT_3D('',#10508,#10509,#10510);
#10512=PLANE('',#10511);
#10513=ORIENTED_EDGE('',*,*,#10351,.F.);
#10515=ORIENTED_EDGE('',*,*,#10514,.T.);
#10516=ORIENTED_EDGE('',*,*,#10421,.T.);
#10517=ORIENTED_EDGE('',*,*,#10501,.F.);
#10518=EDGE_LOOP('',(#10513,#10515,#10516,#10517));
#10519=FACE_OUTER_BOUND('',#10518,.F.);
#10520=ADVANCED_FACE('',(#10519),#10512,.T.);
#10521=CARTESIAN_POINT('',(6.835E0,2.465E0,-1.3065E1));
#10522=DIRECTION('',(-1.E0,0.E0,0.E0));
#10523=DIRECTION('',(0.E0,0.E0,1.E0));
#10524=AXIS2_PLACEMENT_3D('',#10521,#10522,#10523);
#10525=CYLINDRICAL_SURFACE('',#10524,1.37E0);
#10526=ORIENTED_EDGE('',*,*,#10349,.F.);
#10527=ORIENTED_EDGE('',*,*,#10387,.T.);
#10528=ORIENTED_EDGE('',*,*,#10423,.T.);
#10529=ORIENTED_EDGE('',*,*,#10514,.F.);
#10530=EDGE_LOOP('',(#10526,#10527,#10528,#10529));
#10531=FACE_OUTER_BOUND('',#10530,.F.);
#10532=ADVANCED_FACE('',(#10531),#10525,.T.);
#10533=CARTESIAN_POINT('',(6.835E0,2.765E0,-4.7E0));
#10534=DIRECTION('',(0.E0,0.E0,1.E0));
#10535=DIRECTION('',(0.E0,1.E0,0.E0));
#10536=AXIS2_PLACEMENT_3D('',#10533,#10534,#10535);
#10537=PLANE('',#10536);
#10538=ORIENTED_EDGE('',*,*,#10372,.F.);
#10539=ORIENTED_EDGE('',*,*,#10463,.T.);
#10540=ORIENTED_EDGE('',*,*,#10436,.T.);
#10541=ORIENTED_EDGE('',*,*,#10400,.F.);
#10542=EDGE_LOOP('',(#10538,#10539,#10540,#10541));
#10543=FACE_OUTER_BOUND('',#10542,.F.);
#10544=ADVANCED_FACE('',(#10543),#10537,.T.);
#10545=CARTESIAN_POINT('',(1.1035E1,6.965E0,-4.7E0));
#10546=DIRECTION('',(0.E0,0.E0,1.E0));
#10547=DIRECTION('',(0.E0,1.E0,0.E0));
#10548=AXIS2_PLACEMENT_3D('',#10545,#10546,#10547);
#10549=PLANE('',#10548);
#10550=ORIENTED_EDGE('',*,*,#9401,.F.);
#10551=ORIENTED_EDGE('',*,*,#9495,.T.);
#10552=ORIENTED_EDGE('',*,*,#9467,.T.);
#10553=ORIENTED_EDGE('',*,*,#9430,.F.);
#10554=EDGE_LOOP('',(#10550,#10551,#10552,#10553));
#10555=FACE_OUTER_BOUND('',#10554,.F.);
#10556=ADVANCED_FACE('',(#10555),#10549,.T.);
#10557=CARTESIAN_POINT('',(2.635E0,1.E1,0.E0));
#10558=DIRECTION('',(-1.E0,0.E0,0.E0));
#10559=DIRECTION('',(0.E0,0.E0,1.E0));
#10560=AXIS2_PLACEMENT_3D('',#10557,#10558,#10559);
#10561=PLANE('',#10560);
#10562=ORIENTED_EDGE('',*,*,#7772,.T.);
#10564=ORIENTED_EDGE('',*,*,#10563,.T.);
#10566=ORIENTED_EDGE('',*,*,#10565,.T.);
#10568=ORIENTED_EDGE('',*,*,#10567,.T.);
#10570=ORIENTED_EDGE('',*,*,#10569,.T.);
#10572=ORIENTED_EDGE('',*,*,#10571,.T.);
#10574=ORIENTED_EDGE('',*,*,#10573,.T.);
#10576=ORIENTED_EDGE('',*,*,#10575,.T.);
#10577=EDGE_LOOP('',(#10562,#10564,#10566,#10568,#10570,#10572,#10574,#10576));
#10578=FACE_OUTER_BOUND('',#10577,.F.);
#10579=ADVANCED_FACE('',(#10578),#10561,.F.);
#10580=CARTESIAN_POINT('',(2.635E0,1.E1,0.E0));
#10581=DIRECTION('',(-1.E0,0.E0,0.E0));
#10582=DIRECTION('',(0.E0,0.E0,1.E0));
#10583=AXIS2_PLACEMENT_3D('',#10580,#10581,#10582);
#10584=PLANE('',#10583);
#10586=ORIENTED_EDGE('',*,*,#10585,.T.);
#10588=ORIENTED_EDGE('',*,*,#10587,.F.);
#10590=ORIENTED_EDGE('',*,*,#10589,.T.);
#10592=ORIENTED_EDGE('',*,*,#10591,.T.);
#10593=EDGE_LOOP('',(#10586,#10588,#10590,#10592));
#10594=FACE_OUTER_BOUND('',#10593,.F.);
#10595=ADVANCED_FACE('',(#10594),#10584,.F.);
#10596=CARTESIAN_POINT('',(2.635E0,8.035E0,-4.7E0));
#10597=DIRECTION('',(0.E0,1.E0,0.E0));
#10598=DIRECTION('',(0.E0,0.E0,-1.E0));
#10599=AXIS2_PLACEMENT_3D('',#10596,#10597,#10598);
#10600=PLANE('',#10599);
#10601=ORIENTED_EDGE('',*,*,#7778,.T.);
#10603=ORIENTED_EDGE('',*,*,#10602,.T.);
#10605=ORIENTED_EDGE('',*,*,#10604,.F.);
#10606=ORIENTED_EDGE('',*,*,#10563,.F.);
#10607=EDGE_LOOP('',(#10601,#10603,#10605,#10606));
#10608=FACE_OUTER_BOUND('',#10607,.F.);
#10609=ADVANCED_FACE('',(#10608),#10600,.T.);
#10610=CARTESIAN_POINT('',(2.635E0,8.035E0,-4.7E0));
#10611=DIRECTION('',(0.E0,1.E0,0.E0));
#10612=DIRECTION('',(0.E0,0.E0,-1.E0));
#10613=AXIS2_PLACEMENT_3D('',#10610,#10611,#10612);
#10614=PLANE('',#10613);
#10615=ORIENTED_EDGE('',*,*,#10585,.F.);
#10617=ORIENTED_EDGE('',*,*,#10616,.T.);
#10619=ORIENTED_EDGE('',*,*,#10618,.T.);
#10621=ORIENTED_EDGE('',*,*,#10620,.F.);
#10622=EDGE_LOOP('',(#10615,#10617,#10619,#10621));
#10623=FACE_OUTER_BOUND('',#10622,.F.);
#10624=ADVANCED_FACE('',(#10623),#10614,.T.);
#10625=CARTESIAN_POINT('',(1.565E0,1.E1,0.E0));
#10626=DIRECTION('',(-1.E0,0.E0,0.E0));
#10627=DIRECTION('',(0.E0,0.E0,1.E0));
#10628=AXIS2_PLACEMENT_3D('',#10625,#10626,#10627);
#10629=PLANE('',#10628);
#10630=ORIENTED_EDGE('',*,*,#7776,.F.);
#10632=ORIENTED_EDGE('',*,*,#10631,.F.);
#10634=ORIENTED_EDGE('',*,*,#10633,.F.);
#10636=ORIENTED_EDGE('',*,*,#10635,.F.);
#10638=ORIENTED_EDGE('',*,*,#10637,.F.);
#10640=ORIENTED_EDGE('',*,*,#10639,.F.);
#10642=ORIENTED_EDGE('',*,*,#10641,.F.);
#10643=ORIENTED_EDGE('',*,*,#10602,.F.);
#10644=EDGE_LOOP('',(#10630,#10632,#10634,#10636,#10638,#10640,#10642,#10643));
#10645=FACE_OUTER_BOUND('',#10644,.F.);
#10646=ADVANCED_FACE('',(#10645),#10629,.T.);
#10647=CARTESIAN_POINT('',(1.565E0,1.E1,0.E0));
#10648=DIRECTION('',(-1.E0,0.E0,0.E0));
#10649=DIRECTION('',(0.E0,0.E0,1.E0));
#10650=AXIS2_PLACEMENT_3D('',#10647,#10648,#10649);
#10651=PLANE('',#10650);
#10652=ORIENTED_EDGE('',*,*,#10618,.F.);
#10654=ORIENTED_EDGE('',*,*,#10653,.F.);
#10656=ORIENTED_EDGE('',*,*,#10655,.F.);
#10658=ORIENTED_EDGE('',*,*,#10657,.T.);
#10659=EDGE_LOOP('',(#10652,#10654,#10656,#10658));
#10660=FACE_OUTER_BOUND('',#10659,.F.);
#10661=ADVANCED_FACE('',(#10660),#10651,.T.);
#10662=CARTESIAN_POINT('',(2.635E0,6.965E0,-1.8365E1));
#10663=DIRECTION('',(0.E0,-1.E0,0.E0));
#10664=DIRECTION('',(0.E0,0.E0,1.E0));
#10665=AXIS2_PLACEMENT_3D('',#10662,#10663,#10664);
#10666=PLANE('',#10665);
#10667=ORIENTED_EDGE('',*,*,#7774,.F.);
#10668=ORIENTED_EDGE('',*,*,#10575,.F.);
#10670=ORIENTED_EDGE('',*,*,#10669,.T.);
#10671=ORIENTED_EDGE('',*,*,#10631,.T.);
#10672=EDGE_LOOP('',(#10667,#10668,#10670,#10671));
#10673=FACE_OUTER_BOUND('',#10672,.F.);
#10674=ADVANCED_FACE('',(#10673),#10666,.T.);
#10675=CARTESIAN_POINT('',(2.635E0,6.965E0,-1.8365E1));
#10676=DIRECTION('',(0.E0,-1.E0,0.E0));
#10677=DIRECTION('',(0.E0,0.E0,1.E0));
#10678=AXIS2_PLACEMENT_3D('',#10675,#10676,#10677);
#10679=PLANE('',#10678);
#10680=ORIENTED_EDGE('',*,*,#10589,.F.);
#10682=ORIENTED_EDGE('',*,*,#10681,.T.);
#10683=ORIENTED_EDGE('',*,*,#10655,.T.);
#10685=ORIENTED_EDGE('',*,*,#10684,.F.);
#10686=EDGE_LOOP('',(#10680,#10682,#10683,#10685));
#10687=FACE_OUTER_BOUND('',#10686,.F.);
#10688=ADVANCED_FACE('',(#10687),#10679,.T.);
#10689=CARTESIAN_POINT('',(2.635E0,6.465E0,-1.8365E1));
#10690=DIRECTION('',(-1.E0,0.E0,0.E0));
#10691=DIRECTION('',(0.E0,0.E0,1.E0));
#10692=AXIS2_PLACEMENT_3D('',#10689,#10690,#10691);
#10693=CYLINDRICAL_SURFACE('',#10692,5.E-1);
#10694=ORIENTED_EDGE('',*,*,#10573,.F.);
#10696=ORIENTED_EDGE('',*,*,#10695,.T.);
#10697=ORIENTED_EDGE('',*,*,#10633,.T.);
#10698=ORIENTED_EDGE('',*,*,#10669,.F.);
#10699=EDGE_LOOP('',(#10694,#10696,#10697,#10698));
#10700=FACE_OUTER_BOUND('',#10699,.F.);
#10701=ADVANCED_FACE('',(#10700),#10693,.F.);
#10702=CARTESIAN_POINT('',(2.635E0,-3.3E0,-1.8865E1));
#10703=DIRECTION('',(0.E0,0.E0,1.E0));
#10704=DIRECTION('',(0.E0,1.E0,0.E0));
#10705=AXIS2_PLACEMENT_3D('',#10702,#10703,#10704);
#10706=PLANE('',#10705);
#10707=ORIENTED_EDGE('',*,*,#10571,.F.);
#10709=ORIENTED_EDGE('',*,*,#10708,.T.);
#10710=ORIENTED_EDGE('',*,*,#10635,.T.);
#10711=ORIENTED_EDGE('',*,*,#10695,.F.);
#10712=EDGE_LOOP('',(#10707,#10709,#10710,#10711));
#10713=FACE_OUTER_BOUND('',#10712,.F.);
#10714=ADVANCED_FACE('',(#10713),#10706,.T.);
#10715=CARTESIAN_POINT('',(2.635E0,-3.3E0,-1.9935E1));
#10716=DIRECTION('',(0.E0,-1.E0,0.E0));
#10717=DIRECTION('',(0.E0,0.E0,1.E0));
#10718=AXIS2_PLACEMENT_3D('',#10715,#10716,#10717);
#10719=PLANE('',#10718);
#10720=ORIENTED_EDGE('',*,*,#10569,.F.);
#10722=ORIENTED_EDGE('',*,*,#10721,.T.);
#10723=ORIENTED_EDGE('',*,*,#10637,.T.);
#10724=ORIENTED_EDGE('',*,*,#10708,.F.);
#10725=EDGE_LOOP('',(#10720,#10722,#10723,#10724));
#10726=FACE_OUTER_BOUND('',#10725,.F.);
#10727=ADVANCED_FACE('',(#10726),#10719,.T.);
#10728=CARTESIAN_POINT('',(2.635E0,6.465E0,-1.9935E1));
#10729=DIRECTION('',(0.E0,0.E0,-1.E0));
#10730=DIRECTION('',(0.E0,-1.E0,0.E0));
#10731=AXIS2_PLACEMENT_3D('',#10728,#10729,#10730);
#10732=PLANE('',#10731);
#10733=ORIENTED_EDGE('',*,*,#10567,.F.);
#10735=ORIENTED_EDGE('',*,*,#10734,.T.);
#10736=ORIENTED_EDGE('',*,*,#10639,.T.);
#10737=ORIENTED_EDGE('',*,*,#10721,.F.);
#10738=EDGE_LOOP('',(#10733,#10735,#10736,#10737));
#10739=FACE_OUTER_BOUND('',#10738,.F.);
#10740=ADVANCED_FACE('',(#10739),#10732,.T.);
#10741=CARTESIAN_POINT('',(2.635E0,6.465E0,-1.8365E1));
#10742=DIRECTION('',(-1.E0,0.E0,0.E0));
#10743=DIRECTION('',(0.E0,0.E0,1.E0));
#10744=AXIS2_PLACEMENT_3D('',#10741,#10742,#10743);
#10745=CYLINDRICAL_SURFACE('',#10744,1.57E0);
#10746=ORIENTED_EDGE('',*,*,#10565,.F.);
#10747=ORIENTED_EDGE('',*,*,#10604,.T.);
#10748=ORIENTED_EDGE('',*,*,#10641,.T.);
#10749=ORIENTED_EDGE('',*,*,#10734,.F.);
#10750=EDGE_LOOP('',(#10746,#10747,#10748,#10749));
#10751=FACE_OUTER_BOUND('',#10750,.F.);
#10752=ADVANCED_FACE('',(#10751),#10745,.T.);
#10753=CARTESIAN_POINT('',(0.E0,0.E0,-1.E1));
#10754=DIRECTION('',(0.E0,0.E0,1.E0));
#10755=DIRECTION('',(1.E0,0.E0,0.E0));
#10756=AXIS2_PLACEMENT_3D('',#10753,#10754,#10755);
#10757=PLANE('',#10756);
#10759=ORIENTED_EDGE('',*,*,#10758,.F.);
#10761=ORIENTED_EDGE('',*,*,#10760,.F.);
#10763=ORIENTED_EDGE('',*,*,#10762,.F.);
#10765=ORIENTED_EDGE('',*,*,#10764,.F.);
#10767=ORIENTED_EDGE('',*,*,#10766,.F.);
#10769=ORIENTED_EDGE('',*,*,#10768,.F.);
#10770=EDGE_LOOP('',(#10759,#10761,#10763,#10765,#10767,#10769));
#10771=FACE_OUTER_BOUND('',#10770,.F.);
#10773=ORIENTED_EDGE('',*,*,#10772,.T.);
#10775=ORIENTED_EDGE('',*,*,#10774,.T.);
#10777=ORIENTED_EDGE('',*,*,#10776,.F.);
#10779=ORIENTED_EDGE('',*,*,#10778,.F.);
#10780=EDGE_LOOP('',(#10773,#10775,#10777,#10779));
#10781=FACE_BOUND('',#10780,.F.);
#10782=ADVANCED_FACE('',(#10771,#10781),#10757,.T.);
#10783=CARTESIAN_POINT('',(0.E0,0.E0,-1.E1));
#10784=DIRECTION('',(0.E0,0.E0,1.E0));
#10785=DIRECTION('',(1.E0,0.E0,0.E0));
#10786=AXIS2_PLACEMENT_3D('',#10783,#10784,#10785);
#10787=PLANE('',#10786);
#10789=ORIENTED_EDGE('',*,*,#10788,.F.);
#10791=ORIENTED_EDGE('',*,*,#10790,.F.);
#10793=ORIENTED_EDGE('',*,*,#10792,.F.);
#10795=ORIENTED_EDGE('',*,*,#10794,.F.);
#10796=EDGE_LOOP('',(#10789,#10791,#10793,#10795));
#10797=FACE_OUTER_BOUND('',#10796,.F.);
#10799=ORIENTED_EDGE('',*,*,#10798,.T.);
#10801=ORIENTED_EDGE('',*,*,#10800,.T.);
#10803=ORIENTED_EDGE('',*,*,#10802,.F.);
#10805=ORIENTED_EDGE('',*,*,#10804,.F.);
#10806=EDGE_LOOP('',(#10799,#10801,#10803,#10805));
#10807=FACE_BOUND('',#10806,.F.);
#10808=ADVANCED_FACE('',(#10797,#10807),#10787,.T.);
#10809=CARTESIAN_POINT('',(0.E0,0.E0,-1.E1));
#10810=DIRECTION('',(0.E0,0.E0,1.E0));
#10811=DIRECTION('',(1.E0,0.E0,0.E0));
#10812=AXIS2_PLACEMENT_3D('',#10809,#10810,#10811);
#10813=PLANE('',#10812);
#10815=ORIENTED_EDGE('',*,*,#10814,.F.);
#10817=ORIENTED_EDGE('',*,*,#10816,.F.);
#10819=ORIENTED_EDGE('',*,*,#10818,.F.);
#10821=ORIENTED_EDGE('',*,*,#10820,.F.);
#10823=ORIENTED_EDGE('',*,*,#10822,.F.);
#10825=ORIENTED_EDGE('',*,*,#10824,.F.);
#10826=EDGE_LOOP('',(#10815,#10817,#10819,#10821,#10823,#10825));
#10827=FACE_OUTER_BOUND('',#10826,.F.);
#10829=ORIENTED_EDGE('',*,*,#10828,.T.);
#10831=ORIENTED_EDGE('',*,*,#10830,.T.);
#10833=ORIENTED_EDGE('',*,*,#10832,.F.);
#10835=ORIENTED_EDGE('',*,*,#10834,.F.);
#10836=EDGE_LOOP('',(#10829,#10831,#10833,#10835));
#10837=FACE_BOUND('',#10836,.F.);
#10838=ADVANCED_FACE('',(#10827,#10837),#10813,.T.);
#10839=CARTESIAN_POINT('',(0.E0,0.E0,-1.E1));
#10840=DIRECTION('',(0.E0,0.E0,1.E0));
#10841=DIRECTION('',(1.E0,0.E0,0.E0));
#10842=AXIS2_PLACEMENT_3D('',#10839,#10840,#10841);
#10843=PLANE('',#10842);
#10845=ORIENTED_EDGE('',*,*,#10844,.F.);
#10847=ORIENTED_EDGE('',*,*,#10846,.F.);
#10849=ORIENTED_EDGE('',*,*,#10848,.F.);
#10851=ORIENTED_EDGE('',*,*,#10850,.F.);
#10852=EDGE_LOOP('',(#10845,#10847,#10849,#10851));
#10853=FACE_OUTER_BOUND('',#10852,.F.);
#10854=ORIENTED_EDGE('',*,*,#10587,.T.);
#10855=ORIENTED_EDGE('',*,*,#10620,.T.);
#10856=ORIENTED_EDGE('',*,*,#10657,.F.);
#10857=ORIENTED_EDGE('',*,*,#10681,.F.);
#10858=EDGE_LOOP('',(#10854,#10855,#10856,#10857));
#10859=FACE_BOUND('',#10858,.F.);
#10860=ADVANCED_FACE('',(#10853,#10859),#10843,.T.);
#10861=CARTESIAN_POINT('',(-4.E0,4.9E0,0.E0));
#10862=DIRECTION('',(-1.E0,0.E0,0.E0));
#10863=DIRECTION('',(0.E0,-1.E0,0.E0));
#10864=AXIS2_PLACEMENT_3D('',#10861,#10862,#10863);
#10865=PLANE('',#10864);
#10866=ORIENTED_EDGE('',*,*,#7268,.F.);
#10868=ORIENTED_EDGE('',*,*,#10867,.T.);
#10869=ORIENTED_EDGE('',*,*,#10758,.T.);
#10871=ORIENTED_EDGE('',*,*,#10870,.F.);
#10872=EDGE_LOOP('',(#10866,#10868,#10869,#10871));
#10873=FACE_OUTER_BOUND('',#10872,.F.);
#10874=ADVANCED_FACE('',(#10873),#10865,.F.);
#10875=CARTESIAN_POINT('',(-2.E-1,4.9E0,0.E0));
#10876=DIRECTION('',(0.E0,1.E0,0.E0));
#10877=DIRECTION('',(-1.E0,0.E0,0.E0));
#10878=AXIS2_PLACEMENT_3D('',#10875,#10876,#10877);
#10879=PLANE('',#10878);
#10880=ORIENTED_EDGE('',*,*,#7278,.F.);
#10882=ORIENTED_EDGE('',*,*,#10881,.T.);
#10883=ORIENTED_EDGE('',*,*,#10760,.T.);
#10884=ORIENTED_EDGE('',*,*,#10867,.F.);
#10885=EDGE_LOOP('',(#10880,#10882,#10883,#10884));
#10886=FACE_OUTER_BOUND('',#10885,.F.);
#10887=ADVANCED_FACE('',(#10886),#10879,.F.);
#10888=CARTESIAN_POINT('',(-2.E-1,2.1E0,0.E0));
#10889=DIRECTION('',(1.E0,0.E0,0.E0));
#10890=DIRECTION('',(0.E0,1.E0,0.E0));
#10891=AXIS2_PLACEMENT_3D('',#10888,#10889,#10890);
#10892=PLANE('',#10891);
#10893=ORIENTED_EDGE('',*,*,#7276,.F.);
#10895=ORIENTED_EDGE('',*,*,#10894,.T.);
#10896=ORIENTED_EDGE('',*,*,#10762,.T.);
#10897=ORIENTED_EDGE('',*,*,#10881,.F.);
#10898=EDGE_LOOP('',(#10893,#10895,#10896,#10897));
#10899=FACE_OUTER_BOUND('',#10898,.F.);
#10900=ADVANCED_FACE('',(#10899),#10892,.F.);
#10901=CARTESIAN_POINT('',(-1.E0,1.3E0,0.E0));
#10902=DIRECTION('',(7.071067811865E-1,-7.071067811865E-1,0.E0));
#10903=DIRECTION('',(7.071067811865E-1,7.071067811865E-1,0.E0));
#10904=AXIS2_PLACEMENT_3D('',#10901,#10902,#10903);
#10905=PLANE('',#10904);
#10906=ORIENTED_EDGE('',*,*,#7274,.F.);
#10908=ORIENTED_EDGE('',*,*,#10907,.T.);
#10909=ORIENTED_EDGE('',*,*,#10764,.T.);
#10910=ORIENTED_EDGE('',*,*,#10894,.F.);
#10911=EDGE_LOOP('',(#10906,#10908,#10909,#10910));
#10912=FACE_OUTER_BOUND('',#10911,.F.);
#10913=ADVANCED_FACE('',(#10912),#10905,.F.);
#10914=CARTESIAN_POINT('',(-3.2E0,1.3E0,0.E0));
#10915=DIRECTION('',(0.E0,-1.E0,0.E0));
#10916=DIRECTION('',(1.E0,0.E0,0.E0));
#10917=AXIS2_PLACEMENT_3D('',#10914,#10915,#10916);
#10918=PLANE('',#10917);
#10919=ORIENTED_EDGE('',*,*,#7272,.F.);
#10921=ORIENTED_EDGE('',*,*,#10920,.T.);
#10922=ORIENTED_EDGE('',*,*,#10766,.T.);
#10923=ORIENTED_EDGE('',*,*,#10907,.F.);
#10924=EDGE_LOOP('',(#10919,#10921,#10922,#10923));
#10925=FACE_OUTER_BOUND('',#10924,.F.);
#10926=ADVANCED_FACE('',(#10925),#10918,.F.);
#10927=CARTESIAN_POINT('',(-4.E0,2.1E0,0.E0));
#10928=DIRECTION('',(-7.071067811865E-1,-7.071067811865E-1,0.E0));
#10929=DIRECTION('',(7.071067811865E-1,-7.071067811865E-1,0.E0));
#10930=AXIS2_PLACEMENT_3D('',#10927,#10928,#10929);
#10931=PLANE('',#10930);
#10932=ORIENTED_EDGE('',*,*,#7270,.F.);
#10933=ORIENTED_EDGE('',*,*,#10870,.T.);
#10934=ORIENTED_EDGE('',*,*,#10768,.T.);
#10935=ORIENTED_EDGE('',*,*,#10920,.F.);
#10936=EDGE_LOOP('',(#10932,#10933,#10934,#10935));
#10937=FACE_OUTER_BOUND('',#10936,.F.);
#10938=ADVANCED_FACE('',(#10937),#10931,.F.);
#10939=CARTESIAN_POINT('',(-4.E0,9.1E0,0.E0));
#10940=DIRECTION('',(-1.E0,0.E0,0.E0));
#10941=DIRECTION('',(0.E0,-1.E0,0.E0));
#10942=AXIS2_PLACEMENT_3D('',#10939,#10940,#10941);
#10943=PLANE('',#10942);
#10944=ORIENTED_EDGE('',*,*,#7282,.F.);
#10946=ORIENTED_EDGE('',*,*,#10945,.T.);
#10947=ORIENTED_EDGE('',*,*,#10788,.T.);
#10949=ORIENTED_EDGE('',*,*,#10948,.F.);
#10950=EDGE_LOOP('',(#10944,#10946,#10947,#10949));
#10951=FACE_OUTER_BOUND('',#10950,.F.);
#10952=ADVANCED_FACE('',(#10951),#10943,.F.);
#10953=CARTESIAN_POINT('',(-2.E-1,9.1E0,0.E0));
#10954=DIRECTION('',(0.E0,1.E0,0.E0));
#10955=DIRECTION('',(-1.E0,0.E0,0.E0));
#10956=AXIS2_PLACEMENT_3D('',#10953,#10954,#10955);
#10957=PLANE('',#10956);
#10958=ORIENTED_EDGE('',*,*,#7288,.F.);
#10960=ORIENTED_EDGE('',*,*,#10959,.T.);
#10961=ORIENTED_EDGE('',*,*,#10790,.T.);
#10962=ORIENTED_EDGE('',*,*,#10945,.F.);
#10963=EDGE_LOOP('',(#10958,#10960,#10961,#10962));
#10964=FACE_OUTER_BOUND('',#10963,.F.);
#10965=ADVANCED_FACE('',(#10964),#10957,.F.);
#10966=CARTESIAN_POINT('',(-2.E-1,5.5E0,0.E0));
#10967=DIRECTION('',(1.E0,0.E0,0.E0));
#10968=DIRECTION('',(0.E0,1.E0,0.E0));
#10969=AXIS2_PLACEMENT_3D('',#10966,#10967,#10968);
#10970=PLANE('',#10969);
#10971=ORIENTED_EDGE('',*,*,#7286,.F.);
#10973=ORIENTED_EDGE('',*,*,#10972,.T.);
#10974=ORIENTED_EDGE('',*,*,#10792,.T.);
#10975=ORIENTED_EDGE('',*,*,#10959,.F.);
#10976=EDGE_LOOP('',(#10971,#10973,#10974,#10975));
#10977=FACE_OUTER_BOUND('',#10976,.F.);
#10978=ADVANCED_FACE('',(#10977),#10970,.F.);
#10979=CARTESIAN_POINT('',(-4.E0,5.5E0,0.E0));
#10980=DIRECTION('',(0.E0,-1.E0,0.E0));
#10981=DIRECTION('',(1.E0,0.E0,0.E0));
#10982=AXIS2_PLACEMENT_3D('',#10979,#10980,#10981);
#10983=PLANE('',#10982);
#10984=ORIENTED_EDGE('',*,*,#7284,.F.);
#10985=ORIENTED_EDGE('',*,*,#10948,.T.);
#10986=ORIENTED_EDGE('',*,*,#10794,.T.);
#10987=ORIENTED_EDGE('',*,*,#10972,.F.);
#10988=EDGE_LOOP('',(#10984,#10985,#10986,#10987));
#10989=FACE_OUTER_BOUND('',#10988,.F.);
#10990=ADVANCED_FACE('',(#10989),#10983,.F.);
#10991=CARTESIAN_POINT('',(2.E-1,4.9E0,0.E0));
#10992=DIRECTION('',(-1.E0,0.E0,0.E0));
#10993=DIRECTION('',(0.E0,-1.E0,0.E0));
#10994=AXIS2_PLACEMENT_3D('',#10991,#10992,#10993);
#10995=PLANE('',#10994);
#10996=ORIENTED_EDGE('',*,*,#7292,.F.);
#10998=ORIENTED_EDGE('',*,*,#10997,.T.);
#10999=ORIENTED_EDGE('',*,*,#10814,.T.);
#11001=ORIENTED_EDGE('',*,*,#11000,.F.);
#11002=EDGE_LOOP('',(#10996,#10998,#10999,#11001));
#11003=FACE_OUTER_BOUND('',#11002,.F.);
#11004=ADVANCED_FACE('',(#11003),#10995,.F.);
#11005=CARTESIAN_POINT('',(4.E0,4.9E0,0.E0));
#11006=DIRECTION('',(0.E0,1.E0,0.E0));
#11007=DIRECTION('',(-1.E0,0.E0,0.E0));
#11008=AXIS2_PLACEMENT_3D('',#11005,#11006,#11007);
#11009=PLANE('',#11008);
#11010=ORIENTED_EDGE('',*,*,#7302,.F.);
#11012=ORIENTED_EDGE('',*,*,#11011,.T.);
#11013=ORIENTED_EDGE('',*,*,#10816,.T.);
#11014=ORIENTED_EDGE('',*,*,#10997,.F.);
#11015=EDGE_LOOP('',(#11010,#11012,#11013,#11014));
#11016=FACE_OUTER_BOUND('',#11015,.F.);
#11017=ADVANCED_FACE('',(#11016),#11009,.F.);
#11018=CARTESIAN_POINT('',(4.E0,1.9E0,0.E0));
#11019=DIRECTION('',(1.E0,0.E0,0.E0));
#11020=DIRECTION('',(0.E0,1.E0,0.E0));
#11021=AXIS2_PLACEMENT_3D('',#11018,#11019,#11020);
#11022=PLANE('',#11021);
#11023=ORIENTED_EDGE('',*,*,#7300,.F.);
#11025=ORIENTED_EDGE('',*,*,#11024,.T.);
#11026=ORIENTED_EDGE('',*,*,#10818,.T.);
#11027=ORIENTED_EDGE('',*,*,#11011,.F.);
#11028=EDGE_LOOP('',(#11023,#11025,#11026,#11027));
#11029=FACE_OUTER_BOUND('',#11028,.F.);
#11030=ADVANCED_FACE('',(#11029),#11022,.F.);
#11031=CARTESIAN_POINT('',(3.2E0,1.1E0,0.E0));
#11032=DIRECTION('',(7.071067811865E-1,-7.071067811865E-1,0.E0));
#11033=DIRECTION('',(7.071067811865E-1,7.071067811865E-1,0.E0));
#11034=AXIS2_PLACEMENT_3D('',#11031,#11032,#11033);
#11035=PLANE('',#11034);
#11036=ORIENTED_EDGE('',*,*,#7298,.F.);
#11038=ORIENTED_EDGE('',*,*,#11037,.T.);
#11039=ORIENTED_EDGE('',*,*,#10820,.T.);
#11040=ORIENTED_EDGE('',*,*,#11024,.F.);
#11041=EDGE_LOOP('',(#11036,#11038,#11039,#11040));
#11042=FACE_OUTER_BOUND('',#11041,.F.);
#11043=ADVANCED_FACE('',(#11042),#11035,.F.);
#11044=CARTESIAN_POINT('',(1.E0,1.1E0,0.E0));
#11045=DIRECTION('',(0.E0,-1.E0,0.E0));
#11046=DIRECTION('',(1.E0,0.E0,0.E0));
#11047=AXIS2_PLACEMENT_3D('',#11044,#11045,#11046);
#11048=PLANE('',#11047);
#11049=ORIENTED_EDGE('',*,*,#7296,.F.);
#11051=ORIENTED_EDGE('',*,*,#11050,.T.);
#11052=ORIENTED_EDGE('',*,*,#10822,.T.);
#11053=ORIENTED_EDGE('',*,*,#11037,.F.);
#11054=EDGE_LOOP('',(#11049,#11051,#11052,#11053));
#11055=FACE_OUTER_BOUND('',#11054,.F.);
#11056=ADVANCED_FACE('',(#11055),#11048,.F.);
#11057=CARTESIAN_POINT('',(2.E-1,1.9E0,0.E0));
#11058=DIRECTION('',(-7.071067811865E-1,-7.071067811865E-1,0.E0));
#11059=DIRECTION('',(7.071067811865E-1,-7.071067811865E-1,0.E0));
#11060=AXIS2_PLACEMENT_3D('',#11057,#11058,#11059);
#11061=PLANE('',#11060);
#11062=ORIENTED_EDGE('',*,*,#7294,.F.);
#11063=ORIENTED_EDGE('',*,*,#11000,.T.);
#11064=ORIENTED_EDGE('',*,*,#10824,.T.);
#11065=ORIENTED_EDGE('',*,*,#11050,.F.);
#11066=EDGE_LOOP('',(#11062,#11063,#11064,#11065));
#11067=FACE_OUTER_BOUND('',#11066,.F.);
#11068=ADVANCED_FACE('',(#11067),#11061,.F.);
#11069=CARTESIAN_POINT('',(2.E-1,9.1E0,0.E0));
#11070=DIRECTION('',(-1.E0,0.E0,0.E0));
#11071=DIRECTION('',(0.E0,-1.E0,0.E0));
#11072=AXIS2_PLACEMENT_3D('',#11069,#11070,#11071);
#11073=PLANE('',#11072);
#11074=ORIENTED_EDGE('',*,*,#7306,.F.);
#11076=ORIENTED_EDGE('',*,*,#11075,.T.);
#11077=ORIENTED_EDGE('',*,*,#10844,.T.);
#11079=ORIENTED_EDGE('',*,*,#11078,.F.);
#11080=EDGE_LOOP('',(#11074,#11076,#11077,#11079));
#11081=FACE_OUTER_BOUND('',#11080,.F.);
#11082=ADVANCED_FACE('',(#11081),#11073,.F.);
#11083=CARTESIAN_POINT('',(4.E0,9.1E0,0.E0));
#11084=DIRECTION('',(0.E0,1.E0,0.E0));
#11085=DIRECTION('',(-1.E0,0.E0,0.E0));
#11086=AXIS2_PLACEMENT_3D('',#11083,#11084,#11085);
#11087=PLANE('',#11086);
#11088=ORIENTED_EDGE('',*,*,#7312,.F.);
#11090=ORIENTED_EDGE('',*,*,#11089,.T.);
#11091=ORIENTED_EDGE('',*,*,#10846,.T.);
#11092=ORIENTED_EDGE('',*,*,#11075,.F.);
#11093=EDGE_LOOP('',(#11088,#11090,#11091,#11092));
#11094=FACE_OUTER_BOUND('',#11093,.F.);
#11095=ADVANCED_FACE('',(#11094),#11087,.F.);
#11096=CARTESIAN_POINT('',(4.E0,5.5E0,0.E0));
#11097=DIRECTION('',(1.E0,0.E0,0.E0));
#11098=DIRECTION('',(0.E0,1.E0,0.E0));
#11099=AXIS2_PLACEMENT_3D('',#11096,#11097,#11098);
#11100=PLANE('',#11099);
#11101=ORIENTED_EDGE('',*,*,#7310,.F.);
#11103=ORIENTED_EDGE('',*,*,#11102,.T.);
#11104=ORIENTED_EDGE('',*,*,#10848,.T.);
#11105=ORIENTED_EDGE('',*,*,#11089,.F.);
#11106=EDGE_LOOP('',(#11101,#11103,#11104,#11105));
#11107=FACE_OUTER_BOUND('',#11106,.F.);
#11108=ADVANCED_FACE('',(#11107),#11100,.F.);
#11109=CARTESIAN_POINT('',(2.E-1,5.5E0,0.E0));
#11110=DIRECTION('',(0.E0,-1.E0,0.E0));
#11111=DIRECTION('',(1.E0,0.E0,0.E0));
#11112=AXIS2_PLACEMENT_3D('',#11109,#11110,#11111);
#11113=PLANE('',#11112);
#11114=ORIENTED_EDGE('',*,*,#7308,.F.);
#11115=ORIENTED_EDGE('',*,*,#11078,.T.);
#11116=ORIENTED_EDGE('',*,*,#10850,.T.);
#11117=ORIENTED_EDGE('',*,*,#11102,.F.);
#11118=EDGE_LOOP('',(#11114,#11115,#11116,#11117));
#11119=FACE_OUTER_BOUND('',#11118,.F.);
#11120=ADVANCED_FACE('',(#11119),#11113,.F.);
#11121=CARTESIAN_POINT('',(-1.565E0,1.E1,0.E0));
#11122=DIRECTION('',(-1.E0,0.E0,0.E0));
#11123=DIRECTION('',(0.E0,0.E0,1.E0));
#11124=AXIS2_PLACEMENT_3D('',#11121,#11122,#11123);
#11125=PLANE('',#11124);
#11126=ORIENTED_EDGE('',*,*,#7782,.T.);
#11128=ORIENTED_EDGE('',*,*,#11127,.T.);
#11130=ORIENTED_EDGE('',*,*,#11129,.T.);
#11132=ORIENTED_EDGE('',*,*,#11131,.T.);
#11134=ORIENTED_EDGE('',*,*,#11133,.T.);
#11136=ORIENTED_EDGE('',*,*,#11135,.T.);
#11138=ORIENTED_EDGE('',*,*,#11137,.T.);
#11140=ORIENTED_EDGE('',*,*,#11139,.T.);
#11141=EDGE_LOOP('',(#11126,#11128,#11130,#11132,#11134,#11136,#11138,#11140));
#11142=FACE_OUTER_BOUND('',#11141,.F.);
#11143=ADVANCED_FACE('',(#11142),#11125,.F.);
#11144=CARTESIAN_POINT('',(-1.565E0,1.E1,0.E0));
#11145=DIRECTION('',(-1.E0,0.E0,0.E0));
#11146=DIRECTION('',(0.E0,0.E0,1.E0));
#11147=AXIS2_PLACEMENT_3D('',#11144,#11145,#11146);
#11148=PLANE('',#11147);
#11150=ORIENTED_EDGE('',*,*,#11149,.T.);
#11151=ORIENTED_EDGE('',*,*,#10798,.F.);
#11153=ORIENTED_EDGE('',*,*,#11152,.T.);
#11155=ORIENTED_EDGE('',*,*,#11154,.T.);
#11156=EDGE_LOOP('',(#11150,#11151,#11153,#11155));
#11157=FACE_OUTER_BOUND('',#11156,.F.);
#11158=ADVANCED_FACE('',(#11157),#11148,.F.);
#11159=CARTESIAN_POINT('',(-1.565E0,8.035E0,-4.7E0));
#11160=DIRECTION('',(0.E0,1.E0,0.E0));
#11161=DIRECTION('',(0.E0,0.E0,-1.E0));
#11162=AXIS2_PLACEMENT_3D('',#11159,#11160,#11161);
#11163=PLANE('',#11162);
#11164=ORIENTED_EDGE('',*,*,#7788,.T.);
#11166=ORIENTED_EDGE('',*,*,#11165,.T.);
#11168=ORIENTED_EDGE('',*,*,#11167,.F.);
#11169=ORIENTED_EDGE('',*,*,#11127,.F.);
#11170=EDGE_LOOP('',(#11164,#11166,#11168,#11169));
#11171=FACE_OUTER_BOUND('',#11170,.F.);
#11172=ADVANCED_FACE('',(#11171),#11163,.T.);
#11173=CARTESIAN_POINT('',(-1.565E0,8.035E0,-4.7E0));
#11174=DIRECTION('',(0.E0,1.E0,0.E0));
#11175=DIRECTION('',(0.E0,0.E0,-1.E0));
#11176=AXIS2_PLACEMENT_3D('',#11173,#11174,#11175);
#11177=PLANE('',#11176);
#11178=ORIENTED_EDGE('',*,*,#11149,.F.);
#11180=ORIENTED_EDGE('',*,*,#11179,.T.);
#11182=ORIENTED_EDGE('',*,*,#11181,.T.);
#11183=ORIENTED_EDGE('',*,*,#10800,.F.);
#11184=EDGE_LOOP('',(#11178,#11180,#11182,#11183));
#11185=FACE_OUTER_BOUND('',#11184,.F.);
#11186=ADVANCED_FACE('',(#11185),#11177,.T.);
#11187=CARTESIAN_POINT('',(-2.635E0,1.E1,0.E0));
#11188=DIRECTION('',(-1.E0,0.E0,0.E0));
#11189=DIRECTION('',(0.E0,0.E0,1.E0));
#11190=AXIS2_PLACEMENT_3D('',#11187,#11188,#11189);
#11191=PLANE('',#11190);
#11192=ORIENTED_EDGE('',*,*,#7786,.F.);
#11194=ORIENTED_EDGE('',*,*,#11193,.F.);
#11196=ORIENTED_EDGE('',*,*,#11195,.F.);
#11198=ORIENTED_EDGE('',*,*,#11197,.F.);
#11200=ORIENTED_EDGE('',*,*,#11199,.F.);
#11202=ORIENTED_EDGE('',*,*,#11201,.F.);
#11204=ORIENTED_EDGE('',*,*,#11203,.F.);
#11205=ORIENTED_EDGE('',*,*,#11165,.F.);
#11206=EDGE_LOOP('',(#11192,#11194,#11196,#11198,#11200,#11202,#11204,#11205));
#11207=FACE_OUTER_BOUND('',#11206,.F.);
#11208=ADVANCED_FACE('',(#11207),#11191,.T.);
#11209=CARTESIAN_POINT('',(-2.635E0,1.E1,0.E0));
#11210=DIRECTION('',(-1.E0,0.E0,0.E0));
#11211=DIRECTION('',(0.E0,0.E0,1.E0));
#11212=AXIS2_PLACEMENT_3D('',#11209,#11210,#11211);
#11213=PLANE('',#11212);
#11214=ORIENTED_EDGE('',*,*,#11181,.F.);
#11216=ORIENTED_EDGE('',*,*,#11215,.F.);
#11218=ORIENTED_EDGE('',*,*,#11217,.F.);
#11219=ORIENTED_EDGE('',*,*,#10802,.T.);
#11220=EDGE_LOOP('',(#11214,#11216,#11218,#11219));
#11221=FACE_OUTER_BOUND('',#11220,.F.);
#11222=ADVANCED_FACE('',(#11221),#11213,.T.);
#11223=CARTESIAN_POINT('',(-1.565E0,6.965E0,-1.8365E1));
#11224=DIRECTION('',(0.E0,-1.E0,0.E0));
#11225=DIRECTION('',(0.E0,0.E0,1.E0));
#11226=AXIS2_PLACEMENT_3D('',#11223,#11224,#11225);
#11227=PLANE('',#11226);
#11228=ORIENTED_EDGE('',*,*,#7784,.F.);
#11229=ORIENTED_EDGE('',*,*,#11139,.F.);
#11231=ORIENTED_EDGE('',*,*,#11230,.T.);
#11232=ORIENTED_EDGE('',*,*,#11193,.T.);
#11233=EDGE_LOOP('',(#11228,#11229,#11231,#11232));
#11234=FACE_OUTER_BOUND('',#11233,.F.);
#11235=ADVANCED_FACE('',(#11234),#11227,.T.);
#11236=CARTESIAN_POINT('',(-1.565E0,6.965E0,-1.8365E1));
#11237=DIRECTION('',(0.E0,-1.E0,0.E0));
#11238=DIRECTION('',(0.E0,0.E0,1.E0));
#11239=AXIS2_PLACEMENT_3D('',#11236,#11237,#11238);
#11240=PLANE('',#11239);
#11241=ORIENTED_EDGE('',*,*,#11152,.F.);
#11242=ORIENTED_EDGE('',*,*,#10804,.T.);
#11243=ORIENTED_EDGE('',*,*,#11217,.T.);
#11245=ORIENTED_EDGE('',*,*,#11244,.F.);
#11246=EDGE_LOOP('',(#11241,#11242,#11243,#11245));
#11247=FACE_OUTER_BOUND('',#11246,.F.);
#11248=ADVANCED_FACE('',(#11247),#11240,.T.);
#11249=CARTESIAN_POINT('',(-1.565E0,6.465E0,-1.8365E1));
#11250=DIRECTION('',(-1.E0,0.E0,0.E0));
#11251=DIRECTION('',(0.E0,0.E0,1.E0));
#11252=AXIS2_PLACEMENT_3D('',#11249,#11250,#11251);
#11253=CYLINDRICAL_SURFACE('',#11252,5.E-1);
#11254=ORIENTED_EDGE('',*,*,#11137,.F.);
#11256=ORIENTED_EDGE('',*,*,#11255,.T.);
#11257=ORIENTED_EDGE('',*,*,#11195,.T.);
#11258=ORIENTED_EDGE('',*,*,#11230,.F.);
#11259=EDGE_LOOP('',(#11254,#11256,#11257,#11258));
#11260=FACE_OUTER_BOUND('',#11259,.F.);
#11261=ADVANCED_FACE('',(#11260),#11253,.F.);
#11262=CARTESIAN_POINT('',(-1.565E0,-3.3E0,-1.8865E1));
#11263=DIRECTION('',(0.E0,0.E0,1.E0));
#11264=DIRECTION('',(0.E0,1.E0,0.E0));
#11265=AXIS2_PLACEMENT_3D('',#11262,#11263,#11264);
#11266=PLANE('',#11265);
#11267=ORIENTED_EDGE('',*,*,#11135,.F.);
#11269=ORIENTED_EDGE('',*,*,#11268,.T.);
#11270=ORIENTED_EDGE('',*,*,#11197,.T.);
#11271=ORIENTED_EDGE('',*,*,#11255,.F.);
#11272=EDGE_LOOP('',(#11267,#11269,#11270,#11271));
#11273=FACE_OUTER_BOUND('',#11272,.F.);
#11274=ADVANCED_FACE('',(#11273),#11266,.T.);
#11275=CARTESIAN_POINT('',(-1.565E0,-3.3E0,-1.9935E1));
#11276=DIRECTION('',(0.E0,-1.E0,0.E0));
#11277=DIRECTION('',(0.E0,0.E0,1.E0));
#11278=AXIS2_PLACEMENT_3D('',#11275,#11276,#11277);
#11279=PLANE('',#11278);
#11280=ORIENTED_EDGE('',*,*,#11133,.F.);
#11282=ORIENTED_EDGE('',*,*,#11281,.T.);
#11283=ORIENTED_EDGE('',*,*,#11199,.T.);
#11284=ORIENTED_EDGE('',*,*,#11268,.F.);
#11285=EDGE_LOOP('',(#11280,#11282,#11283,#11284));
#11286=FACE_OUTER_BOUND('',#11285,.F.);
#11287=ADVANCED_FACE('',(#11286),#11279,.T.);
#11288=CARTESIAN_POINT('',(-1.565E0,6.465E0,-1.9935E1));
#11289=DIRECTION('',(0.E0,0.E0,-1.E0));
#11290=DIRECTION('',(0.E0,-1.E0,0.E0));
#11291=AXIS2_PLACEMENT_3D('',#11288,#11289,#11290);
#11292=PLANE('',#11291);
#11293=ORIENTED_EDGE('',*,*,#11131,.F.);
#11295=ORIENTED_EDGE('',*,*,#11294,.T.);
#11296=ORIENTED_EDGE('',*,*,#11201,.T.);
#11297=ORIENTED_EDGE('',*,*,#11281,.F.);
#11298=EDGE_LOOP('',(#11293,#11295,#11296,#11297));
#11299=FACE_OUTER_BOUND('',#11298,.F.);
#11300=ADVANCED_FACE('',(#11299),#11292,.T.);
#11301=CARTESIAN_POINT('',(-1.565E0,6.465E0,-1.8365E1));
#11302=DIRECTION('',(-1.E0,0.E0,0.E0));
#11303=DIRECTION('',(0.E0,0.E0,1.E0));
#11304=AXIS2_PLACEMENT_3D('',#11301,#11302,#11303);
#11305=CYLINDRICAL_SURFACE('',#11304,1.57E0);
#11306=ORIENTED_EDGE('',*,*,#11129,.F.);
#11307=ORIENTED_EDGE('',*,*,#11167,.T.);
#11308=ORIENTED_EDGE('',*,*,#11203,.T.);
#11309=ORIENTED_EDGE('',*,*,#11294,.F.);
#11310=EDGE_LOOP('',(#11306,#11307,#11308,#11309));
#11311=FACE_OUTER_BOUND('',#11310,.F.);
#11312=ADVANCED_FACE('',(#11311),#11305,.T.);
#11313=CARTESIAN_POINT('',(-1.565E0,6.965E0,-4.7E0));
#11314=DIRECTION('',(0.E0,0.E0,1.E0));
#11315=DIRECTION('',(0.E0,1.E0,0.E0));
#11316=AXIS2_PLACEMENT_3D('',#11313,#11314,#11315);
#11317=PLANE('',#11316);
#11318=ORIENTED_EDGE('',*,*,#11154,.F.);
#11319=ORIENTED_EDGE('',*,*,#11244,.T.);
#11320=ORIENTED_EDGE('',*,*,#11215,.T.);
#11321=ORIENTED_EDGE('',*,*,#11179,.F.);
#11322=EDGE_LOOP('',(#11318,#11319,#11320,#11321));
#11323=FACE_OUTER_BOUND('',#11322,.F.);
#11324=ADVANCED_FACE('',(#11323),#11317,.T.);
#11325=CARTESIAN_POINT('',(2.635E0,1.E1,0.E0));
#11326=DIRECTION('',(-1.E0,0.E0,0.E0));
#11327=DIRECTION('',(0.E0,0.E0,1.E0));
#11328=AXIS2_PLACEMENT_3D('',#11325,#11326,#11327);
#11329=PLANE('',#11328);
#11330=ORIENTED_EDGE('',*,*,#7892,.T.);
#11332=ORIENTED_EDGE('',*,*,#11331,.T.);
#11334=ORIENTED_EDGE('',*,*,#11333,.T.);
#11336=ORIENTED_EDGE('',*,*,#11335,.T.);
#11338=ORIENTED_EDGE('',*,*,#11337,.T.);
#11340=ORIENTED_EDGE('',*,*,#11339,.T.);
#11342=ORIENTED_EDGE('',*,*,#11341,.T.);
#11344=ORIENTED_EDGE('',*,*,#11343,.T.);
#11345=EDGE_LOOP('',(#11330,#11332,#11334,#11336,#11338,#11340,#11342,#11344));
#11346=FACE_OUTER_BOUND('',#11345,.F.);
#11347=ADVANCED_FACE('',(#11346),#11329,.F.);
#11348=CARTESIAN_POINT('',(2.635E0,1.E1,0.E0));
#11349=DIRECTION('',(-1.E0,0.E0,0.E0));
#11350=DIRECTION('',(0.E0,0.E0,1.E0));
#11351=AXIS2_PLACEMENT_3D('',#11348,#11349,#11350);
#11352=PLANE('',#11351);
#11354=ORIENTED_EDGE('',*,*,#11353,.T.);
#11355=ORIENTED_EDGE('',*,*,#10828,.F.);
#11357=ORIENTED_EDGE('',*,*,#11356,.T.);
#11359=ORIENTED_EDGE('',*,*,#11358,.T.);
#11360=EDGE_LOOP('',(#11354,#11355,#11357,#11359));
#11361=FACE_OUTER_BOUND('',#11360,.F.);
#11362=ADVANCED_FACE('',(#11361),#11352,.F.);
#11363=CARTESIAN_POINT('',(2.635E0,3.835E0,-4.7E0));
#11364=DIRECTION('',(0.E0,1.E0,0.E0));
#11365=DIRECTION('',(0.E0,0.E0,-1.E0));
#11366=AXIS2_PLACEMENT_3D('',#11363,#11364,#11365);
#11367=PLANE('',#11366);
#11368=ORIENTED_EDGE('',*,*,#7898,.T.);
#11370=ORIENTED_EDGE('',*,*,#11369,.T.);
#11372=ORIENTED_EDGE('',*,*,#11371,.F.);
#11373=ORIENTED_EDGE('',*,*,#11331,.F.);
#11374=EDGE_LOOP('',(#11368,#11370,#11372,#11373));
#11375=FACE_OUTER_BOUND('',#11374,.F.);
#11376=ADVANCED_FACE('',(#11375),#11367,.T.);
#11377=CARTESIAN_POINT('',(2.635E0,3.835E0,-4.7E0));
#11378=DIRECTION('',(0.E0,1.E0,0.E0));
#11379=DIRECTION('',(0.E0,0.E0,-1.E0));
#11380=AXIS2_PLACEMENT_3D('',#11377,#11378,#11379);
#11381=PLANE('',#11380);
#11382=ORIENTED_EDGE('',*,*,#11353,.F.);
#11384=ORIENTED_EDGE('',*,*,#11383,.T.);
#11386=ORIENTED_EDGE('',*,*,#11385,.T.);
#11387=ORIENTED_EDGE('',*,*,#10830,.F.);
#11388=EDGE_LOOP('',(#11382,#11384,#11386,#11387));
#11389=FACE_OUTER_BOUND('',#11388,.F.);
#11390=ADVANCED_FACE('',(#11389),#11381,.T.);
#11391=CARTESIAN_POINT('',(1.565E0,1.E1,0.E0));
#11392=DIRECTION('',(-1.E0,0.E0,0.E0));
#11393=DIRECTION('',(0.E0,0.E0,1.E0));
#11394=AXIS2_PLACEMENT_3D('',#11391,#11392,#11393);
#11395=PLANE('',#11394);
#11396=ORIENTED_EDGE('',*,*,#7896,.F.);
#11398=ORIENTED_EDGE('',*,*,#11397,.F.);
#11400=ORIENTED_EDGE('',*,*,#11399,.F.);
#11402=ORIENTED_EDGE('',*,*,#11401,.F.);
#11404=ORIENTED_EDGE('',*,*,#11403,.F.);
#11406=ORIENTED_EDGE('',*,*,#11405,.F.);
#11408=ORIENTED_EDGE('',*,*,#11407,.F.);
#11409=ORIENTED_EDGE('',*,*,#11369,.F.);
#11410=EDGE_LOOP('',(#11396,#11398,#11400,#11402,#11404,#11406,#11408,#11409));
#11411=FACE_OUTER_BOUND('',#11410,.F.);
#11412=ADVANCED_FACE('',(#11411),#11395,.T.);
#11413=CARTESIAN_POINT('',(1.565E0,1.E1,0.E0));
#11414=DIRECTION('',(-1.E0,0.E0,0.E0));
#11415=DIRECTION('',(0.E0,0.E0,1.E0));
#11416=AXIS2_PLACEMENT_3D('',#11413,#11414,#11415);
#11417=PLANE('',#11416);
#11418=ORIENTED_EDGE('',*,*,#11385,.F.);
#11420=ORIENTED_EDGE('',*,*,#11419,.F.);
#11422=ORIENTED_EDGE('',*,*,#11421,.F.);
#11423=ORIENTED_EDGE('',*,*,#10832,.T.);
#11424=EDGE_LOOP('',(#11418,#11420,#11422,#11423));
#11425=FACE_OUTER_BOUND('',#11424,.F.);
#11426=ADVANCED_FACE('',(#11425),#11417,.T.);
#11427=CARTESIAN_POINT('',(2.635E0,2.765E0,-1.3065E1));
#11428=DIRECTION('',(0.E0,-1.E0,0.E0));
#11429=DIRECTION('',(0.E0,0.E0,1.E0));
#11430=AXIS2_PLACEMENT_3D('',#11427,#11428,#11429);
#11431=PLANE('',#11430);
#11432=ORIENTED_EDGE('',*,*,#7894,.F.);
#11433=ORIENTED_EDGE('',*,*,#11343,.F.);
#11435=ORIENTED_EDGE('',*,*,#11434,.T.);
#11436=ORIENTED_EDGE('',*,*,#11397,.T.);
#11437=EDGE_LOOP('',(#11432,#11433,#11435,#11436));
#11438=FACE_OUTER_BOUND('',#11437,.F.);
#11439=ADVANCED_FACE('',(#11438),#11431,.T.);
#11440=CARTESIAN_POINT('',(2.635E0,2.765E0,-1.3065E1));
#11441=DIRECTION('',(0.E0,-1.E0,0.E0));
#11442=DIRECTION('',(0.E0,0.E0,1.E0));
#11443=AXIS2_PLACEMENT_3D('',#11440,#11441,#11442);
#11444=PLANE('',#11443);
#11445=ORIENTED_EDGE('',*,*,#11356,.F.);
#11446=ORIENTED_EDGE('',*,*,#10834,.T.);
#11447=ORIENTED_EDGE('',*,*,#11421,.T.);
#11449=ORIENTED_EDGE('',*,*,#11448,.F.);
#11450=EDGE_LOOP('',(#11445,#11446,#11447,#11449));
#11451=FACE_OUTER_BOUND('',#11450,.F.);
#11452=ADVANCED_FACE('',(#11451),#11444,.T.);
#11453=CARTESIAN_POINT('',(2.635E0,2.465E0,-1.3065E1));
#11454=DIRECTION('',(-1.E0,0.E0,0.E0));
#11455=DIRECTION('',(0.E0,0.E0,1.E0));
#11456=AXIS2_PLACEMENT_3D('',#11453,#11454,#11455);
#11457=CYLINDRICAL_SURFACE('',#11456,3.E-1);
#11458=ORIENTED_EDGE('',*,*,#11341,.F.);
#11460=ORIENTED_EDGE('',*,*,#11459,.T.);
#11461=ORIENTED_EDGE('',*,*,#11399,.T.);
#11462=ORIENTED_EDGE('',*,*,#11434,.F.);
#11463=EDGE_LOOP('',(#11458,#11460,#11461,#11462));
#11464=FACE_OUTER_BOUND('',#11463,.F.);
#11465=ADVANCED_FACE('',(#11464),#11457,.F.);
#11466=CARTESIAN_POINT('',(2.635E0,-3.3E0,-1.3365E1));
#11467=DIRECTION('',(0.E0,0.E0,1.E0));
#11468=DIRECTION('',(0.E0,1.E0,0.E0));
#11469=AXIS2_PLACEMENT_3D('',#11466,#11467,#11468);
#11470=PLANE('',#11469);
#11471=ORIENTED_EDGE('',*,*,#11339,.F.);
#11473=ORIENTED_EDGE('',*,*,#11472,.T.);
#11474=ORIENTED_EDGE('',*,*,#11401,.T.);
#11475=ORIENTED_EDGE('',*,*,#11459,.F.);
#11476=EDGE_LOOP('',(#11471,#11473,#11474,#11475));
#11477=FACE_OUTER_BOUND('',#11476,.F.);
#11478=ADVANCED_FACE('',(#11477),#11470,.T.);
#11479=CARTESIAN_POINT('',(2.635E0,-3.3E0,-1.4435E1));
#11480=DIRECTION('',(0.E0,-1.E0,0.E0));
#11481=DIRECTION('',(0.E0,0.E0,1.E0));
#11482=AXIS2_PLACEMENT_3D('',#11479,#11480,#11481);
#11483=PLANE('',#11482);
#11484=ORIENTED_EDGE('',*,*,#11337,.F.);
#11486=ORIENTED_EDGE('',*,*,#11485,.T.);
#11487=ORIENTED_EDGE('',*,*,#11403,.T.);
#11488=ORIENTED_EDGE('',*,*,#11472,.F.);
#11489=EDGE_LOOP('',(#11484,#11486,#11487,#11488));
#11490=FACE_OUTER_BOUND('',#11489,.F.);
#11491=ADVANCED_FACE('',(#11490),#11483,.T.);
#11492=CARTESIAN_POINT('',(2.635E0,2.465E0,-1.4435E1));
#11493=DIRECTION('',(0.E0,0.E0,-1.E0));
#11494=DIRECTION('',(0.E0,-1.E0,0.E0));
#11495=AXIS2_PLACEMENT_3D('',#11492,#11493,#11494);
#11496=PLANE('',#11495);
#11497=ORIENTED_EDGE('',*,*,#11335,.F.);
#11499=ORIENTED_EDGE('',*,*,#11498,.T.);
#11500=ORIENTED_EDGE('',*,*,#11405,.T.);
#11501=ORIENTED_EDGE('',*,*,#11485,.F.);
#11502=EDGE_LOOP('',(#11497,#11499,#11500,#11501));
#11503=FACE_OUTER_BOUND('',#11502,.F.);
#11504=ADVANCED_FACE('',(#11503),#11496,.T.);
#11505=CARTESIAN_POINT('',(2.635E0,2.465E0,-1.3065E1));
#11506=DIRECTION('',(-1.E0,0.E0,0.E0));
#11507=DIRECTION('',(0.E0,0.E0,1.E0));
#11508=AXIS2_PLACEMENT_3D('',#11505,#11506,#11507);
#11509=CYLINDRICAL_SURFACE('',#11508,1.37E0);
#11510=ORIENTED_EDGE('',*,*,#11333,.F.);
#11511=ORIENTED_EDGE('',*,*,#11371,.T.);
#11512=ORIENTED_EDGE('',*,*,#11407,.T.);
#11513=ORIENTED_EDGE('',*,*,#11498,.F.);
#11514=EDGE_LOOP('',(#11510,#11511,#11512,#11513));
#11515=FACE_OUTER_BOUND('',#11514,.F.);
#11516=ADVANCED_FACE('',(#11515),#11509,.T.);
#11517=CARTESIAN_POINT('',(2.635E0,2.765E0,-4.7E0));
#11518=DIRECTION('',(0.E0,0.E0,1.E0));
#11519=DIRECTION('',(0.E0,1.E0,0.E0));
#11520=AXIS2_PLACEMENT_3D('',#11517,#11518,#11519);
#11521=PLANE('',#11520);
#11522=ORIENTED_EDGE('',*,*,#11358,.F.);
#11523=ORIENTED_EDGE('',*,*,#11448,.T.);
#11524=ORIENTED_EDGE('',*,*,#11419,.T.);
#11525=ORIENTED_EDGE('',*,*,#11383,.F.);
#11526=EDGE_LOOP('',(#11522,#11523,#11524,#11525));
#11527=FACE_OUTER_BOUND('',#11526,.F.);
#11528=ADVANCED_FACE('',(#11527),#11521,.T.);
#11529=CARTESIAN_POINT('',(-1.565E0,1.E1,0.E0));
#11530=DIRECTION('',(-1.E0,0.E0,0.E0));
#11531=DIRECTION('',(0.E0,0.E0,1.E0));
#11532=AXIS2_PLACEMENT_3D('',#11529,#11530,#11531);
#11533=PLANE('',#11532);
#11534=ORIENTED_EDGE('',*,*,#7902,.T.);
#11536=ORIENTED_EDGE('',*,*,#11535,.T.);
#11538=ORIENTED_EDGE('',*,*,#11537,.T.);
#11540=ORIENTED_EDGE('',*,*,#11539,.T.);
#11542=ORIENTED_EDGE('',*,*,#11541,.T.);
#11544=ORIENTED_EDGE('',*,*,#11543,.T.);
#11546=ORIENTED_EDGE('',*,*,#11545,.T.);
#11548=ORIENTED_EDGE('',*,*,#11547,.T.);
#11549=EDGE_LOOP('',(#11534,#11536,#11538,#11540,#11542,#11544,#11546,#11548));
#11550=FACE_OUTER_BOUND('',#11549,.F.);
#11551=ADVANCED_FACE('',(#11550),#11533,.F.);
#11552=CARTESIAN_POINT('',(-1.565E0,1.E1,0.E0));
#11553=DIRECTION('',(-1.E0,0.E0,0.E0));
#11554=DIRECTION('',(0.E0,0.E0,1.E0));
#11555=AXIS2_PLACEMENT_3D('',#11552,#11553,#11554);
#11556=PLANE('',#11555);
#11558=ORIENTED_EDGE('',*,*,#11557,.T.);
#11559=ORIENTED_EDGE('',*,*,#10772,.F.);
#11561=ORIENTED_EDGE('',*,*,#11560,.T.);
#11563=ORIENTED_EDGE('',*,*,#11562,.T.);
#11564=EDGE_LOOP('',(#11558,#11559,#11561,#11563));
#11565=FACE_OUTER_BOUND('',#11564,.F.);
#11566=ADVANCED_FACE('',(#11565),#11556,.F.);
#11567=CARTESIAN_POINT('',(-1.565E0,3.835E0,-4.7E0));
#11568=DIRECTION('',(0.E0,1.E0,0.E0));
#11569=DIRECTION('',(0.E0,0.E0,-1.E0));
#11570=AXIS2_PLACEMENT_3D('',#11567,#11568,#11569);
#11571=PLANE('',#11570);
#11572=ORIENTED_EDGE('',*,*,#7908,.T.);
#11574=ORIENTED_EDGE('',*,*,#11573,.T.);
#11576=ORIENTED_EDGE('',*,*,#11575,.F.);
#11577=ORIENTED_EDGE('',*,*,#11535,.F.);
#11578=EDGE_LOOP('',(#11572,#11574,#11576,#11577));
#11579=FACE_OUTER_BOUND('',#11578,.F.);
#11580=ADVANCED_FACE('',(#11579),#11571,.T.);
#11581=CARTESIAN_POINT('',(-1.565E0,3.835E0,-4.7E0));
#11582=DIRECTION('',(0.E0,1.E0,0.E0));
#11583=DIRECTION('',(0.E0,0.E0,-1.E0));
#11584=AXIS2_PLACEMENT_3D('',#11581,#11582,#11583);
#11585=PLANE('',#11584);
#11586=ORIENTED_EDGE('',*,*,#11557,.F.);
#11588=ORIENTED_EDGE('',*,*,#11587,.T.);
#11590=ORIENTED_EDGE('',*,*,#11589,.T.);
#11591=ORIENTED_EDGE('',*,*,#10774,.F.);
#11592=EDGE_LOOP('',(#11586,#11588,#11590,#11591));
#11593=FACE_OUTER_BOUND('',#11592,.F.);
#11594=ADVANCED_FACE('',(#11593),#11585,.T.);
#11595=CARTESIAN_POINT('',(-2.635E0,1.E1,0.E0));
#11596=DIRECTION('',(-1.E0,0.E0,0.E0));
#11597=DIRECTION('',(0.E0,0.E0,1.E0));
#11598=AXIS2_PLACEMENT_3D('',#11595,#11596,#11597);
#11599=PLANE('',#11598);
#11600=ORIENTED_EDGE('',*,*,#7906,.F.);
#11602=ORIENTED_EDGE('',*,*,#11601,.F.);
#11604=ORIENTED_EDGE('',*,*,#11603,.F.);
#11606=ORIENTED_EDGE('',*,*,#11605,.F.);
#11608=ORIENTED_EDGE('',*,*,#11607,.F.);
#11610=ORIENTED_EDGE('',*,*,#11609,.F.);
#11612=ORIENTED_EDGE('',*,*,#11611,.F.);
#11613=ORIENTED_EDGE('',*,*,#11573,.F.);
#11614=EDGE_LOOP('',(#11600,#11602,#11604,#11606,#11608,#11610,#11612,#11613));
#11615=FACE_OUTER_BOUND('',#11614,.F.);
#11616=ADVANCED_FACE('',(#11615),#11599,.T.);
#11617=CARTESIAN_POINT('',(-2.635E0,1.E1,0.E0));
#11618=DIRECTION('',(-1.E0,0.E0,0.E0));
#11619=DIRECTION('',(0.E0,0.E0,1.E0));
#11620=AXIS2_PLACEMENT_3D('',#11617,#11618,#11619);
#11621=PLANE('',#11620);
#11622=ORIENTED_EDGE('',*,*,#11589,.F.);
#11624=ORIENTED_EDGE('',*,*,#11623,.F.);
#11626=ORIENTED_EDGE('',*,*,#11625,.F.);
#11627=ORIENTED_EDGE('',*,*,#10776,.T.);
#11628=EDGE_LOOP('',(#11622,#11624,#11626,#11627));
#11629=FACE_OUTER_BOUND('',#11628,.F.);
#11630=ADVANCED_FACE('',(#11629),#11621,.T.);
#11631=CARTESIAN_POINT('',(-1.565E0,2.765E0,-1.3065E1));
#11632=DIRECTION('',(0.E0,-1.E0,0.E0));
#11633=DIRECTION('',(0.E0,0.E0,1.E0));
#11634=AXIS2_PLACEMENT_3D('',#11631,#11632,#11633);
#11635=PLANE('',#11634);
#11636=ORIENTED_EDGE('',*,*,#7904,.F.);
#11637=ORIENTED_EDGE('',*,*,#11547,.F.);
#11639=ORIENTED_EDGE('',*,*,#11638,.T.);
#11640=ORIENTED_EDGE('',*,*,#11601,.T.);
#11641=EDGE_LOOP('',(#11636,#11637,#11639,#11640));
#11642=FACE_OUTER_BOUND('',#11641,.F.);
#11643=ADVANCED_FACE('',(#11642),#11635,.T.);
#11644=CARTESIAN_POINT('',(-1.565E0,2.765E0,-1.3065E1));
#11645=DIRECTION('',(0.E0,-1.E0,0.E0));
#11646=DIRECTION('',(0.E0,0.E0,1.E0));
#11647=AXIS2_PLACEMENT_3D('',#11644,#11645,#11646);
#11648=PLANE('',#11647);
#11649=ORIENTED_EDGE('',*,*,#11560,.F.);
#11650=ORIENTED_EDGE('',*,*,#10778,.T.);
#11651=ORIENTED_EDGE('',*,*,#11625,.T.);
#11653=ORIENTED_EDGE('',*,*,#11652,.F.);
#11654=EDGE_LOOP('',(#11649,#11650,#11651,#11653));
#11655=FACE_OUTER_BOUND('',#11654,.F.);
#11656=ADVANCED_FACE('',(#11655),#11648,.T.);
#11657=CARTESIAN_POINT('',(-1.565E0,2.465E0,-1.3065E1));
#11658=DIRECTION('',(-1.E0,0.E0,0.E0));
#11659=DIRECTION('',(0.E0,0.E0,1.E0));
#11660=AXIS2_PLACEMENT_3D('',#11657,#11658,#11659);
#11661=CYLINDRICAL_SURFACE('',#11660,3.E-1);
#11662=ORIENTED_EDGE('',*,*,#11545,.F.);
#11664=ORIENTED_EDGE('',*,*,#11663,.T.);
#11665=ORIENTED_EDGE('',*,*,#11603,.T.);
#11666=ORIENTED_EDGE('',*,*,#11638,.F.);
#11667=EDGE_LOOP('',(#11662,#11664,#11665,#11666));
#11668=FACE_OUTER_BOUND('',#11667,.F.);
#11669=ADVANCED_FACE('',(#11668),#11661,.F.);
#11670=CARTESIAN_POINT('',(-1.565E0,-3.3E0,-1.3365E1));
#11671=DIRECTION('',(0.E0,0.E0,1.E0));
#11672=DIRECTION('',(0.E0,1.E0,0.E0));
#11673=AXIS2_PLACEMENT_3D('',#11670,#11671,#11672);
#11674=PLANE('',#11673);
#11675=ORIENTED_EDGE('',*,*,#11543,.F.);
#11677=ORIENTED_EDGE('',*,*,#11676,.T.);
#11678=ORIENTED_EDGE('',*,*,#11605,.T.);
#11679=ORIENTED_EDGE('',*,*,#11663,.F.);
#11680=EDGE_LOOP('',(#11675,#11677,#11678,#11679));
#11681=FACE_OUTER_BOUND('',#11680,.F.);
#11682=ADVANCED_FACE('',(#11681),#11674,.T.);
#11683=CARTESIAN_POINT('',(-1.565E0,-3.3E0,-1.4435E1));
#11684=DIRECTION('',(0.E0,-1.E0,0.E0));
#11685=DIRECTION('',(0.E0,0.E0,1.E0));
#11686=AXIS2_PLACEMENT_3D('',#11683,#11684,#11685);
#11687=PLANE('',#11686);
#11688=ORIENTED_EDGE('',*,*,#11541,.F.);
#11690=ORIENTED_EDGE('',*,*,#11689,.T.);
#11691=ORIENTED_EDGE('',*,*,#11607,.T.);
#11692=ORIENTED_EDGE('',*,*,#11676,.F.);
#11693=EDGE_LOOP('',(#11688,#11690,#11691,#11692));
#11694=FACE_OUTER_BOUND('',#11693,.F.);
#11695=ADVANCED_FACE('',(#11694),#11687,.T.);
#11696=CARTESIAN_POINT('',(-1.565E0,2.465E0,-1.4435E1));
#11697=DIRECTION('',(0.E0,0.E0,-1.E0));
#11698=DIRECTION('',(0.E0,-1.E0,0.E0));
#11699=AXIS2_PLACEMENT_3D('',#11696,#11697,#11698);
#11700=PLANE('',#11699);
#11701=ORIENTED_EDGE('',*,*,#11539,.F.);
#11703=ORIENTED_EDGE('',*,*,#11702,.T.);
#11704=ORIENTED_EDGE('',*,*,#11609,.T.);
#11705=ORIENTED_EDGE('',*,*,#11689,.F.);
#11706=EDGE_LOOP('',(#11701,#11703,#11704,#11705));
#11707=FACE_OUTER_BOUND('',#11706,.F.);
#11708=ADVANCED_FACE('',(#11707),#11700,.T.);
#11709=CARTESIAN_POINT('',(-1.565E0,2.465E0,-1.3065E1));
#11710=DIRECTION('',(-1.E0,0.E0,0.E0));
#11711=DIRECTION('',(0.E0,0.E0,1.E0));
#11712=AXIS2_PLACEMENT_3D('',#11709,#11710,#11711);
#11713=CYLINDRICAL_SURFACE('',#11712,1.37E0);
#11714=ORIENTED_EDGE('',*,*,#11537,.F.);
#11715=ORIENTED_EDGE('',*,*,#11575,.T.);
#11716=ORIENTED_EDGE('',*,*,#11611,.T.);
#11717=ORIENTED_EDGE('',*,*,#11702,.F.);
#11718=EDGE_LOOP('',(#11714,#11715,#11716,#11717));
#11719=FACE_OUTER_BOUND('',#11718,.F.);
#11720=ADVANCED_FACE('',(#11719),#11713,.T.);
#11721=CARTESIAN_POINT('',(-1.565E0,2.765E0,-4.7E0));
#11722=DIRECTION('',(0.E0,0.E0,1.E0));
#11723=DIRECTION('',(0.E0,1.E0,0.E0));
#11724=AXIS2_PLACEMENT_3D('',#11721,#11722,#11723);
#11725=PLANE('',#11724);
#11726=ORIENTED_EDGE('',*,*,#11562,.F.);
#11727=ORIENTED_EDGE('',*,*,#11652,.T.);
#11728=ORIENTED_EDGE('',*,*,#11623,.T.);
#11729=ORIENTED_EDGE('',*,*,#11587,.F.);
#11730=EDGE_LOOP('',(#11726,#11727,#11728,#11729));
#11731=FACE_OUTER_BOUND('',#11730,.F.);
#11732=ADVANCED_FACE('',(#11731),#11725,.T.);
#11733=CARTESIAN_POINT('',(2.635E0,6.965E0,-4.7E0));
#11734=DIRECTION('',(0.E0,0.E0,1.E0));
#11735=DIRECTION('',(0.E0,1.E0,0.E0));
#11736=AXIS2_PLACEMENT_3D('',#11733,#11734,#11735);
#11737=PLANE('',#11736);
#11738=ORIENTED_EDGE('',*,*,#10591,.F.);
#11739=ORIENTED_EDGE('',*,*,#10684,.T.);
#11740=ORIENTED_EDGE('',*,*,#10653,.T.);
#11741=ORIENTED_EDGE('',*,*,#10616,.F.);
#11742=EDGE_LOOP('',(#11738,#11739,#11740,#11741));
#11743=FACE_OUTER_BOUND('',#11742,.F.);
#11744=ADVANCED_FACE('',(#11743),#11737,.T.);
#11745=CARTESIAN_POINT('',(-5.765E0,1.E1,0.E0));
#11746=DIRECTION('',(-1.E0,0.E0,0.E0));
#11747=DIRECTION('',(0.E0,0.E0,1.E0));
#11748=AXIS2_PLACEMENT_3D('',#11745,#11746,#11747);
#11749=PLANE('',#11748);
#11750=ORIENTED_EDGE('',*,*,#7792,.T.);
#11752=ORIENTED_EDGE('',*,*,#11751,.T.);
#11754=ORIENTED_EDGE('',*,*,#11753,.T.);
#11756=ORIENTED_EDGE('',*,*,#11755,.T.);
#11758=ORIENTED_EDGE('',*,*,#11757,.T.);
#11760=ORIENTED_EDGE('',*,*,#11759,.T.);
#11762=ORIENTED_EDGE('',*,*,#11761,.T.);
#11764=ORIENTED_EDGE('',*,*,#11763,.T.);
#11765=EDGE_LOOP('',(#11750,#11752,#11754,#11756,#11758,#11760,#11762,#11764));
#11766=FACE_OUTER_BOUND('',#11765,.F.);
#11767=ADVANCED_FACE('',(#11766),#11749,.F.);
#11768=CARTESIAN_POINT('',(-5.765E0,1.E1,0.E0));
#11769=DIRECTION('',(-1.E0,0.E0,0.E0));
#11770=DIRECTION('',(0.E0,0.E0,1.E0));
#11771=AXIS2_PLACEMENT_3D('',#11768,#11769,#11770);
#11772=PLANE('',#11771);
#11774=ORIENTED_EDGE('',*,*,#11773,.T.);
#11776=ORIENTED_EDGE('',*,*,#11775,.F.);
#11778=ORIENTED_EDGE('',*,*,#11777,.T.);
#11780=ORIENTED_EDGE('',*,*,#11779,.T.);
#11781=EDGE_LOOP('',(#11774,#11776,#11778,#11780));
#11782=FACE_OUTER_BOUND('',#11781,.F.);
#11783=ADVANCED_FACE('',(#11782),#11772,.F.);
#11784=CARTESIAN_POINT('',(-5.765E0,8.035E0,-4.7E0));
#11785=DIRECTION('',(0.E0,1.E0,0.E0));
#11786=DIRECTION('',(0.E0,0.E0,-1.E0));
#11787=AXIS2_PLACEMENT_3D('',#11784,#11785,#11786);
#11788=PLANE('',#11787);
#11789=ORIENTED_EDGE('',*,*,#7798,.T.);
#11791=ORIENTED_EDGE('',*,*,#11790,.T.);
#11793=ORIENTED_EDGE('',*,*,#11792,.F.);
#11794=ORIENTED_EDGE('',*,*,#11751,.F.);
#11795=EDGE_LOOP('',(#11789,#11791,#11793,#11794));
#11796=FACE_OUTER_BOUND('',#11795,.F.);
#11797=ADVANCED_FACE('',(#11796),#11788,.T.);
#11798=CARTESIAN_POINT('',(-5.765E0,8.035E0,-4.7E0));
#11799=DIRECTION('',(0.E0,1.E0,0.E0));
#11800=DIRECTION('',(0.E0,0.E0,-1.E0));
#11801=AXIS2_PLACEMENT_3D('',#11798,#11799,#11800);
#11802=PLANE('',#11801);
#11803=ORIENTED_EDGE('',*,*,#11773,.F.);
#11805=ORIENTED_EDGE('',*,*,#11804,.T.);
#11807=ORIENTED_EDGE('',*,*,#11806,.T.);
#11809=ORIENTED_EDGE('',*,*,#11808,.F.);
#11810=EDGE_LOOP('',(#11803,#11805,#11807,#11809));
#11811=FACE_OUTER_BOUND('',#11810,.F.);
#11812=ADVANCED_FACE('',(#11811),#11802,.T.);
#11813=CARTESIAN_POINT('',(-6.835E0,1.E1,0.E0));
#11814=DIRECTION('',(-1.E0,0.E0,0.E0));
#11815=DIRECTION('',(0.E0,0.E0,1.E0));
#11816=AXIS2_PLACEMENT_3D('',#11813,#11814,#11815);
#11817=PLANE('',#11816);
#11818=ORIENTED_EDGE('',*,*,#7796,.F.);
#11820=ORIENTED_EDGE('',*,*,#11819,.F.);
#11822=ORIENTED_EDGE('',*,*,#11821,.F.);
#11824=ORIENTED_EDGE('',*,*,#11823,.F.);
#11826=ORIENTED_EDGE('',*,*,#11825,.F.);
#11828=ORIENTED_EDGE('',*,*,#11827,.F.);
#11830=ORIENTED_EDGE('',*,*,#11829,.F.);
#11831=ORIENTED_EDGE('',*,*,#11790,.F.);
#11832=EDGE_LOOP('',(#11818,#11820,#11822,#11824,#11826,#11828,#11830,#11831));
#11833=FACE_OUTER_BOUND('',#11832,.F.);
#11834=ADVANCED_FACE('',(#11833),#11817,.T.);
#11835=CARTESIAN_POINT('',(-6.835E0,1.E1,0.E0));
#11836=DIRECTION('',(-1.E0,0.E0,0.E0));
#11837=DIRECTION('',(0.E0,0.E0,1.E0));
#11838=AXIS2_PLACEMENT_3D('',#11835,#11836,#11837);
#11839=PLANE('',#11838);
#11840=ORIENTED_EDGE('',*,*,#11806,.F.);
#11842=ORIENTED_EDGE('',*,*,#11841,.F.);
#11844=ORIENTED_EDGE('',*,*,#11843,.F.);
#11846=ORIENTED_EDGE('',*,*,#11845,.T.);
#11847=EDGE_LOOP('',(#11840,#11842,#11844,#11846));
#11848=FACE_OUTER_BOUND('',#11847,.F.);
#11849=ADVANCED_FACE('',(#11848),#11839,.T.);
#11850=CARTESIAN_POINT('',(-5.765E0,6.965E0,-1.8365E1));
#11851=DIRECTION('',(0.E0,-1.E0,0.E0));
#11852=DIRECTION('',(0.E0,0.E0,1.E0));
#11853=AXIS2_PLACEMENT_3D('',#11850,#11851,#11852);
#11854=PLANE('',#11853);
#11855=ORIENTED_EDGE('',*,*,#7794,.F.);
#11856=ORIENTED_EDGE('',*,*,#11763,.F.);
#11858=ORIENTED_EDGE('',*,*,#11857,.T.);
#11859=ORIENTED_EDGE('',*,*,#11819,.T.);
#11860=EDGE_LOOP('',(#11855,#11856,#11858,#11859));
#11861=FACE_OUTER_BOUND('',#11860,.F.);
#11862=ADVANCED_FACE('',(#11861),#11854,.T.);
#11863=CARTESIAN_POINT('',(-5.765E0,6.965E0,-1.8365E1));
#11864=DIRECTION('',(0.E0,-1.E0,0.E0));
#11865=DIRECTION('',(0.E0,0.E0,1.E0));
#11866=AXIS2_PLACEMENT_3D('',#11863,#11864,#11865);
#11867=PLANE('',#11866);
#11868=ORIENTED_EDGE('',*,*,#11777,.F.);
#11870=ORIENTED_EDGE('',*,*,#11869,.T.);
#11871=ORIENTED_EDGE('',*,*,#11843,.T.);
#11873=ORIENTED_EDGE('',*,*,#11872,.F.);
#11874=EDGE_LOOP('',(#11868,#11870,#11871,#11873));
#11875=FACE_OUTER_BOUND('',#11874,.F.);
#11876=ADVANCED_FACE('',(#11875),#11867,.T.);
#11877=CARTESIAN_POINT('',(-5.765E0,6.465E0,-1.8365E1));
#11878=DIRECTION('',(-1.E0,0.E0,0.E0));
#11879=DIRECTION('',(0.E0,0.E0,1.E0));
#11880=AXIS2_PLACEMENT_3D('',#11877,#11878,#11879);
#11881=CYLINDRICAL_SURFACE('',#11880,5.E-1);
#11882=ORIENTED_EDGE('',*,*,#11761,.F.);
#11884=ORIENTED_EDGE('',*,*,#11883,.T.);
#11885=ORIENTED_EDGE('',*,*,#11821,.T.);
#11886=ORIENTED_EDGE('',*,*,#11857,.F.);
#11887=EDGE_LOOP('',(#11882,#11884,#11885,#11886));
#11888=FACE_OUTER_BOUND('',#11887,.F.);
#11889=ADVANCED_FACE('',(#11888),#11881,.F.);
#11890=CARTESIAN_POINT('',(-5.765E0,-3.3E0,-1.8865E1));
#11891=DIRECTION('',(0.E0,0.E0,1.E0));
#11892=DIRECTION('',(0.E0,1.E0,0.E0));
#11893=AXIS2_PLACEMENT_3D('',#11890,#11891,#11892);
#11894=PLANE('',#11893);
#11895=ORIENTED_EDGE('',*,*,#11759,.F.);
#11897=ORIENTED_EDGE('',*,*,#11896,.T.);
#11898=ORIENTED_EDGE('',*,*,#11823,.T.);
#11899=ORIENTED_EDGE('',*,*,#11883,.F.);
#11900=EDGE_LOOP('',(#11895,#11897,#11898,#11899));
#11901=FACE_OUTER_BOUND('',#11900,.F.);
#11902=ADVANCED_FACE('',(#11901),#11894,.T.);
#11903=CARTESIAN_POINT('',(-5.765E0,-3.3E0,-1.9935E1));
#11904=DIRECTION('',(0.E0,-1.E0,0.E0));
#11905=DIRECTION('',(0.E0,0.E0,1.E0));
#11906=AXIS2_PLACEMENT_3D('',#11903,#11904,#11905);
#11907=PLANE('',#11906);
#11908=ORIENTED_EDGE('',*,*,#11757,.F.);
#11910=ORIENTED_EDGE('',*,*,#11909,.T.);
#11911=ORIENTED_EDGE('',*,*,#11825,.T.);
#11912=ORIENTED_EDGE('',*,*,#11896,.F.);
#11913=EDGE_LOOP('',(#11908,#11910,#11911,#11912));
#11914=FACE_OUTER_BOUND('',#11913,.F.);
#11915=ADVANCED_FACE('',(#11914),#11907,.T.);
#11916=CARTESIAN_POINT('',(-5.765E0,6.465E0,-1.9935E1));
#11917=DIRECTION('',(0.E0,0.E0,-1.E0));
#11918=DIRECTION('',(0.E0,-1.E0,0.E0));
#11919=AXIS2_PLACEMENT_3D('',#11916,#11917,#11918);
#11920=PLANE('',#11919);
#11921=ORIENTED_EDGE('',*,*,#11755,.F.);
#11923=ORIENTED_EDGE('',*,*,#11922,.T.);
#11924=ORIENTED_EDGE('',*,*,#11827,.T.);
#11925=ORIENTED_EDGE('',*,*,#11909,.F.);
#11926=EDGE_LOOP('',(#11921,#11923,#11924,#11925));
#11927=FACE_OUTER_BOUND('',#11926,.F.);
#11928=ADVANCED_FACE('',(#11927),#11920,.T.);
#11929=CARTESIAN_POINT('',(-5.765E0,6.465E0,-1.8365E1));
#11930=DIRECTION('',(-1.E0,0.E0,0.E0));
#11931=DIRECTION('',(0.E0,0.E0,1.E0));
#11932=AXIS2_PLACEMENT_3D('',#11929,#11930,#11931);
#11933=CYLINDRICAL_SURFACE('',#11932,1.57E0);
#11934=ORIENTED_EDGE('',*,*,#11753,.F.);
#11935=ORIENTED_EDGE('',*,*,#11792,.T.);
#11936=ORIENTED_EDGE('',*,*,#11829,.T.);
#11937=ORIENTED_EDGE('',*,*,#11922,.F.);
#11938=EDGE_LOOP('',(#11934,#11935,#11936,#11937));
#11939=FACE_OUTER_BOUND('',#11938,.F.);
#11940=ADVANCED_FACE('',(#11939),#11933,.T.);
#11941=CARTESIAN_POINT('',(0.E0,0.E0,-1.E1));
#11942=DIRECTION('',(0.E0,0.E0,1.E0));
#11943=DIRECTION('',(1.E0,0.E0,0.E0));
#11944=AXIS2_PLACEMENT_3D('',#11941,#11942,#11943);
#11945=PLANE('',#11944);
#11947=ORIENTED_EDGE('',*,*,#11946,.F.);
#11949=ORIENTED_EDGE('',*,*,#11948,.F.);
#11951=ORIENTED_EDGE('',*,*,#11950,.F.);
#11953=ORIENTED_EDGE('',*,*,#11952,.F.);
#11954=EDGE_LOOP('',(#11947,#11949,#11951,#11953));
#11955=FACE_OUTER_BOUND('',#11954,.F.);
#11957=ORIENTED_EDGE('',*,*,#11956,.T.);
#11959=ORIENTED_EDGE('',*,*,#11958,.T.);
#11961=ORIENTED_EDGE('',*,*,#11960,.F.);
#11963=ORIENTED_EDGE('',*,*,#11962,.F.);
#11964=EDGE_LOOP('',(#11957,#11959,#11961,#11963));
#11965=FACE_BOUND('',#11964,.F.);
#11966=ADVANCED_FACE('',(#11955,#11965),#11945,.T.);
#11967=CARTESIAN_POINT('',(0.E0,0.E0,-1.E1));
#11968=DIRECTION('',(0.E0,0.E0,1.E0));
#11969=DIRECTION('',(1.E0,0.E0,0.E0));
#11970=AXIS2_PLACEMENT_3D('',#11967,#11968,#11969);
#11971=PLANE('',#11970);
#11973=ORIENTED_EDGE('',*,*,#11972,.F.);
#11975=ORIENTED_EDGE('',*,*,#11974,.F.);
#11977=ORIENTED_EDGE('',*,*,#11976,.F.);
#11979=ORIENTED_EDGE('',*,*,#11978,.F.);
#11981=ORIENTED_EDGE('',*,*,#11980,.F.);
#11983=ORIENTED_EDGE('',*,*,#11982,.F.);
#11984=EDGE_LOOP('',(#11973,#11975,#11977,#11979,#11981,#11983));
#11985=FACE_OUTER_BOUND('',#11984,.F.);
#11987=ORIENTED_EDGE('',*,*,#11986,.T.);
#11989=ORIENTED_EDGE('',*,*,#11988,.T.);
#11991=ORIENTED_EDGE('',*,*,#11990,.F.);
#11993=ORIENTED_EDGE('',*,*,#11992,.F.);
#11994=EDGE_LOOP('',(#11987,#11989,#11991,#11993));
#11995=FACE_BOUND('',#11994,.F.);
#11996=ADVANCED_FACE('',(#11985,#11995),#11971,.T.);
#11997=CARTESIAN_POINT('',(0.E0,0.E0,-1.E1));
#11998=DIRECTION('',(0.E0,0.E0,1.E0));
#11999=DIRECTION('',(1.E0,0.E0,0.E0));
#12000=AXIS2_PLACEMENT_3D('',#11997,#11998,#11999);
#12001=PLANE('',#12000);
#12003=ORIENTED_EDGE('',*,*,#12002,.F.);
#12005=ORIENTED_EDGE('',*,*,#12004,.F.);
#12007=ORIENTED_EDGE('',*,*,#12006,.F.);
#12009=ORIENTED_EDGE('',*,*,#12008,.F.);
#12010=EDGE_LOOP('',(#12003,#12005,#12007,#12009));
#12011=FACE_OUTER_BOUND('',#12010,.F.);
#12013=ORIENTED_EDGE('',*,*,#12012,.T.);
#12015=ORIENTED_EDGE('',*,*,#12014,.T.);
#12017=ORIENTED_EDGE('',*,*,#12016,.F.);
#12019=ORIENTED_EDGE('',*,*,#12018,.F.);
#12020=EDGE_LOOP('',(#12013,#12015,#12017,#12019));
#12021=FACE_BOUND('',#12020,.F.);
#12022=ADVANCED_FACE('',(#12011,#12021),#12001,.T.);
#12023=CARTESIAN_POINT('',(0.E0,0.E0,-1.E1));
#12024=DIRECTION('',(0.E0,0.E0,1.E0));
#12025=DIRECTION('',(1.E0,0.E0,0.E0));
#12026=AXIS2_PLACEMENT_3D('',#12023,#12024,#12025);
#12027=PLANE('',#12026);
#12029=ORIENTED_EDGE('',*,*,#12028,.F.);
#12031=ORIENTED_EDGE('',*,*,#12030,.F.);
#12033=ORIENTED_EDGE('',*,*,#12032,.F.);
#12035=ORIENTED_EDGE('',*,*,#12034,.F.);
#12037=ORIENTED_EDGE('',*,*,#12036,.F.);
#12039=ORIENTED_EDGE('',*,*,#12038,.F.);
#12040=EDGE_LOOP('',(#12029,#12031,#12033,#12035,#12037,#12039));
#12041=FACE_OUTER_BOUND('',#12040,.F.);
#12042=ORIENTED_EDGE('',*,*,#11775,.T.);
#12043=ORIENTED_EDGE('',*,*,#11808,.T.);
#12044=ORIENTED_EDGE('',*,*,#11845,.F.);
#12045=ORIENTED_EDGE('',*,*,#11869,.F.);
#12046=EDGE_LOOP('',(#12042,#12043,#12044,#12045));
#12047=FACE_BOUND('',#12046,.F.);
#12048=ADVANCED_FACE('',(#12041,#12047),#12027,.T.);
#12049=CARTESIAN_POINT('',(-1.24E1,4.9E0,0.E0));
#12050=DIRECTION('',(-1.E0,0.E0,0.E0));
#12051=DIRECTION('',(0.E0,-1.E0,0.E0));
#12052=AXIS2_PLACEMENT_3D('',#12049,#12050,#12051);
#12053=PLANE('',#12052);
#12054=ORIENTED_EDGE('',*,*,#7412,.F.);
#12056=ORIENTED_EDGE('',*,*,#12055,.T.);
#12057=ORIENTED_EDGE('',*,*,#11946,.T.);
#12059=ORIENTED_EDGE('',*,*,#12058,.F.);
#12060=EDGE_LOOP('',(#12054,#12056,#12057,#12059));
#12061=FACE_OUTER_BOUND('',#12060,.F.);
#12062=ADVANCED_FACE('',(#12061),#12053,.F.);
#12063=CARTESIAN_POINT('',(-8.6E0,4.9E0,0.E0));
#12064=DIRECTION('',(0.E0,1.E0,0.E0));
#12065=DIRECTION('',(-1.E0,0.E0,0.E0));
#12066=AXIS2_PLACEMENT_3D('',#12063,#12064,#12065);
#12067=PLANE('',#12066);
#12068=ORIENTED_EDGE('',*,*,#7418,.F.);
#12070=ORIENTED_EDGE('',*,*,#12069,.T.);
#12071=ORIENTED_EDGE('',*,*,#11948,.T.);
#12072=ORIENTED_EDGE('',*,*,#12055,.F.);
#12073=EDGE_LOOP('',(#12068,#12070,#12071,#12072));
#12074=FACE_OUTER_BOUND('',#12073,.F.);
#12075=ADVANCED_FACE('',(#12074),#12067,.F.);
#12076=CARTESIAN_POINT('',(-8.6E0,1.3E0,0.E0));
#12077=DIRECTION('',(1.E0,0.E0,0.E0));
#12078=DIRECTION('',(0.E0,1.E0,0.E0));
#12079=AXIS2_PLACEMENT_3D('',#12076,#12077,#12078);
#12080=PLANE('',#12079);
#12081=ORIENTED_EDGE('',*,*,#7416,.F.);
#12083=ORIENTED_EDGE('',*,*,#12082,.T.);
#12084=ORIENTED_EDGE('',*,*,#11950,.T.);
#12085=ORIENTED_EDGE('',*,*,#12069,.F.);
#12086=EDGE_LOOP('',(#12081,#12083,#12084,#12085));
#12087=FACE_OUTER_BOUND('',#12086,.F.);
#12088=ADVANCED_FACE('',(#12087),#12080,.F.);
#12089=CARTESIAN_POINT('',(-1.24E1,1.3E0,0.E0));
#12090=DIRECTION('',(0.E0,-1.E0,0.E0));
#12091=DIRECTION('',(1.E0,0.E0,0.E0));
#12092=AXIS2_PLACEMENT_3D('',#12089,#12090,#12091);
#12093=PLANE('',#12092);
#12094=ORIENTED_EDGE('',*,*,#7414,.F.);
#12095=ORIENTED_EDGE('',*,*,#12058,.T.);
#12096=ORIENTED_EDGE('',*,*,#11952,.T.);
#12097=ORIENTED_EDGE('',*,*,#12082,.F.);
#12098=EDGE_LOOP('',(#12094,#12095,#12096,#12097));
#12099=FACE_OUTER_BOUND('',#12098,.F.);
#12100=ADVANCED_FACE('',(#12099),#12093,.F.);
#12101=CARTESIAN_POINT('',(-1.24E1,9.1E0,0.E0));
#12102=DIRECTION('',(-1.E0,0.E0,0.E0));
#12103=DIRECTION('',(0.E0,-1.E0,0.E0));
#12104=AXIS2_PLACEMENT_3D('',#12101,#12102,#12103);
#12105=PLANE('',#12104);
#12106=ORIENTED_EDGE('',*,*,#7422,.F.);
#12108=ORIENTED_EDGE('',*,*,#12107,.T.);
#12109=ORIENTED_EDGE('',*,*,#11972,.T.);
#12111=ORIENTED_EDGE('',*,*,#12110,.F.);
#12112=EDGE_LOOP('',(#12106,#12108,#12109,#12111));
#12113=FACE_OUTER_BOUND('',#12112,.F.);
#12114=ADVANCED_FACE('',(#12113),#12105,.F.);
#12115=CARTESIAN_POINT('',(-8.6E0,9.1E0,0.E0));
#12116=DIRECTION('',(0.E0,1.E0,0.E0));
#12117=DIRECTION('',(-1.E0,0.E0,0.E0));
#12118=AXIS2_PLACEMENT_3D('',#12115,#12116,#12117);
#12119=PLANE('',#12118);
#12120=ORIENTED_EDGE('',*,*,#7432,.F.);
#12122=ORIENTED_EDGE('',*,*,#12121,.T.);
#12123=ORIENTED_EDGE('',*,*,#11974,.T.);
#12124=ORIENTED_EDGE('',*,*,#12107,.F.);
#12125=EDGE_LOOP('',(#12120,#12122,#12123,#12124));
#12126=FACE_OUTER_BOUND('',#12125,.F.);
#12127=ADVANCED_FACE('',(#12126),#12119,.F.);
#12128=CARTESIAN_POINT('',(-8.6E0,6.3E0,0.E0));
#12129=DIRECTION('',(1.E0,0.E0,0.E0));
#12130=DIRECTION('',(0.E0,1.E0,0.E0));
#12131=AXIS2_PLACEMENT_3D('',#12128,#12129,#12130);
#12132=PLANE('',#12131);
#12133=ORIENTED_EDGE('',*,*,#7430,.F.);
#12135=ORIENTED_EDGE('',*,*,#12134,.T.);
#12136=ORIENTED_EDGE('',*,*,#11976,.T.);
#12137=ORIENTED_EDGE('',*,*,#12121,.F.);
#12138=EDGE_LOOP('',(#12133,#12135,#12136,#12137));
#12139=FACE_OUTER_BOUND('',#12138,.F.);
#12140=ADVANCED_FACE('',(#12139),#12132,.F.);
#12141=CARTESIAN_POINT('',(-9.4E0,5.5E0,0.E0));
#12142=DIRECTION('',(7.071067811865E-1,-7.071067811865E-1,0.E0));
#12143=DIRECTION('',(7.071067811865E-1,7.071067811865E-1,0.E0));
#12144=AXIS2_PLACEMENT_3D('',#12141,#12142,#12143);
#12145=PLANE('',#12144);
#12146=ORIENTED_EDGE('',*,*,#7428,.F.);
#12148=ORIENTED_EDGE('',*,*,#12147,.T.);
#12149=ORIENTED_EDGE('',*,*,#11978,.T.);
#12150=ORIENTED_EDGE('',*,*,#12134,.F.);
#12151=EDGE_LOOP('',(#12146,#12148,#12149,#12150));
#12152=FACE_OUTER_BOUND('',#12151,.F.);
#12153=ADVANCED_FACE('',(#12152),#12145,.F.);
#12154=CARTESIAN_POINT('',(-1.16E1,5.5E0,0.E0));
#12155=DIRECTION('',(0.E0,-1.E0,0.E0));
#12156=DIRECTION('',(1.E0,0.E0,0.E0));
#12157=AXIS2_PLACEMENT_3D('',#12154,#12155,#12156);
#12158=PLANE('',#12157);
#12159=ORIENTED_EDGE('',*,*,#7426,.F.);
#12161=ORIENTED_EDGE('',*,*,#12160,.T.);
#12162=ORIENTED_EDGE('',*,*,#11980,.T.);
#12163=ORIENTED_EDGE('',*,*,#12147,.F.);
#12164=EDGE_LOOP('',(#12159,#12161,#12162,#12163));
#12165=FACE_OUTER_BOUND('',#12164,.F.);
#12166=ADVANCED_FACE('',(#12165),#12158,.F.);
#12167=CARTESIAN_POINT('',(-1.24E1,6.3E0,0.E0));
#12168=DIRECTION('',(-7.071067811865E-1,-7.071067811865E-1,0.E0));
#12169=DIRECTION('',(7.071067811865E-1,-7.071067811865E-1,0.E0));
#12170=AXIS2_PLACEMENT_3D('',#12167,#12168,#12169);
#12171=PLANE('',#12170);
#12172=ORIENTED_EDGE('',*,*,#7424,.F.);
#12173=ORIENTED_EDGE('',*,*,#12110,.T.);
#12174=ORIENTED_EDGE('',*,*,#11982,.T.);
#12175=ORIENTED_EDGE('',*,*,#12160,.F.);
#12176=EDGE_LOOP('',(#12172,#12173,#12174,#12175));
#12177=FACE_OUTER_BOUND('',#12176,.F.);
#12178=ADVANCED_FACE('',(#12177),#12171,.F.);
#12179=CARTESIAN_POINT('',(-8.2E0,4.9E0,0.E0));
#12180=DIRECTION('',(-1.E0,0.E0,0.E0));
#12181=DIRECTION('',(0.E0,-1.E0,0.E0));
#12182=AXIS2_PLACEMENT_3D('',#12179,#12180,#12181);
#12183=PLANE('',#12182);
#12184=ORIENTED_EDGE('',*,*,#7436,.F.);
#12186=ORIENTED_EDGE('',*,*,#12185,.T.);
#12187=ORIENTED_EDGE('',*,*,#12002,.T.);
#12189=ORIENTED_EDGE('',*,*,#12188,.F.);
#12190=EDGE_LOOP('',(#12184,#12186,#12187,#12189));
#12191=FACE_OUTER_BOUND('',#12190,.F.);
#12192=ADVANCED_FACE('',(#12191),#12183,.F.);
#12193=CARTESIAN_POINT('',(-4.4E0,4.9E0,0.E0));
#12194=DIRECTION('',(0.E0,1.E0,0.E0));
#12195=DIRECTION('',(-1.E0,0.E0,0.E0));
#12196=AXIS2_PLACEMENT_3D('',#12193,#12194,#12195);
#12197=PLANE('',#12196);
#12198=ORIENTED_EDGE('',*,*,#7442,.F.);
#12200=ORIENTED_EDGE('',*,*,#12199,.T.);
#12201=ORIENTED_EDGE('',*,*,#12004,.T.);
#12202=ORIENTED_EDGE('',*,*,#12185,.F.);
#12203=EDGE_LOOP('',(#12198,#12200,#12201,#12202));
#12204=FACE_OUTER_BOUND('',#12203,.F.);
#12205=ADVANCED_FACE('',(#12204),#12197,.F.);
#12206=CARTESIAN_POINT('',(-4.4E0,1.3E0,0.E0));
#12207=DIRECTION('',(1.E0,0.E0,0.E0));
#12208=DIRECTION('',(0.E0,1.E0,0.E0));
#12209=AXIS2_PLACEMENT_3D('',#12206,#12207,#12208);
#12210=PLANE('',#12209);
#12211=ORIENTED_EDGE('',*,*,#7440,.F.);
#12213=ORIENTED_EDGE('',*,*,#12212,.T.);
#12214=ORIENTED_EDGE('',*,*,#12006,.T.);
#12215=ORIENTED_EDGE('',*,*,#12199,.F.);
#12216=EDGE_LOOP('',(#12211,#12213,#12214,#12215));
#12217=FACE_OUTER_BOUND('',#12216,.F.);
#12218=ADVANCED_FACE('',(#12217),#12210,.F.);
#12219=CARTESIAN_POINT('',(-8.2E0,1.3E0,0.E0));
#12220=DIRECTION('',(0.E0,-1.E0,0.E0));
#12221=DIRECTION('',(1.E0,0.E0,0.E0));
#12222=AXIS2_PLACEMENT_3D('',#12219,#12220,#12221);
#12223=PLANE('',#12222);
#12224=ORIENTED_EDGE('',*,*,#7438,.F.);
#12225=ORIENTED_EDGE('',*,*,#12188,.T.);
#12226=ORIENTED_EDGE('',*,*,#12008,.T.);
#12227=ORIENTED_EDGE('',*,*,#12212,.F.);
#12228=EDGE_LOOP('',(#12224,#12225,#12226,#12227));
#12229=FACE_OUTER_BOUND('',#12228,.F.);
#12230=ADVANCED_FACE('',(#12229),#12223,.F.);
#12231=CARTESIAN_POINT('',(-8.2E0,9.1E0,0.E0));
#12232=DIRECTION('',(-1.E0,0.E0,0.E0));
#12233=DIRECTION('',(0.E0,-1.E0,0.E0));
#12234=AXIS2_PLACEMENT_3D('',#12231,#12232,#12233);
#12235=PLANE('',#12234);
#12236=ORIENTED_EDGE('',*,*,#7446,.F.);
#12238=ORIENTED_EDGE('',*,*,#12237,.T.);
#12239=ORIENTED_EDGE('',*,*,#12028,.T.);
#12241=ORIENTED_EDGE('',*,*,#12240,.F.);
#12242=EDGE_LOOP('',(#12236,#12238,#12239,#12241));
#12243=FACE_OUTER_BOUND('',#12242,.F.);
#12244=ADVANCED_FACE('',(#12243),#12235,.F.);
#12245=CARTESIAN_POINT('',(-4.4E0,9.1E0,0.E0));
#12246=DIRECTION('',(0.E0,1.E0,0.E0));
#12247=DIRECTION('',(-1.E0,0.E0,0.E0));
#12248=AXIS2_PLACEMENT_3D('',#12245,#12246,#12247);
#12249=PLANE('',#12248);
#12250=ORIENTED_EDGE('',*,*,#7456,.F.);
#12252=ORIENTED_EDGE('',*,*,#12251,.T.);
#12253=ORIENTED_EDGE('',*,*,#12030,.T.);
#12254=ORIENTED_EDGE('',*,*,#12237,.F.);
#12255=EDGE_LOOP('',(#12250,#12252,#12253,#12254));
#12256=FACE_OUTER_BOUND('',#12255,.F.);
#12257=ADVANCED_FACE('',(#12256),#12249,.F.);
#12258=CARTESIAN_POINT('',(-4.4E0,6.3E0,0.E0));
#12259=DIRECTION('',(1.E0,0.E0,0.E0));
#12260=DIRECTION('',(0.E0,1.E0,0.E0));
#12261=AXIS2_PLACEMENT_3D('',#12258,#12259,#12260);
#12262=PLANE('',#12261);
#12263=ORIENTED_EDGE('',*,*,#7454,.F.);
#12265=ORIENTED_EDGE('',*,*,#12264,.T.);
#12266=ORIENTED_EDGE('',*,*,#12032,.T.);
#12267=ORIENTED_EDGE('',*,*,#12251,.F.);
#12268=EDGE_LOOP('',(#12263,#12265,#12266,#12267));
#12269=FACE_OUTER_BOUND('',#12268,.F.);
#12270=ADVANCED_FACE('',(#12269),#12262,.F.);
#12271=CARTESIAN_POINT('',(-5.2E0,5.5E0,0.E0));
#12272=DIRECTION('',(7.071067811865E-1,-7.071067811865E-1,0.E0));
#12273=DIRECTION('',(7.071067811865E-1,7.071067811865E-1,0.E0));
#12274=AXIS2_PLACEMENT_3D('',#12271,#12272,#12273);
#12275=PLANE('',#12274);
#12276=ORIENTED_EDGE('',*,*,#7452,.F.);
#12278=ORIENTED_EDGE('',*,*,#12277,.T.);
#12279=ORIENTED_EDGE('',*,*,#12034,.T.);
#12280=ORIENTED_EDGE('',*,*,#12264,.F.);
#12281=EDGE_LOOP('',(#12276,#12278,#12279,#12280));
#12282=FACE_OUTER_BOUND('',#12281,.F.);
#12283=ADVANCED_FACE('',(#12282),#12275,.F.);
#12284=CARTESIAN_POINT('',(-7.4E0,5.5E0,0.E0));
#12285=DIRECTION('',(0.E0,-1.E0,0.E0));
#12286=DIRECTION('',(1.E0,0.E0,0.E0));
#12287=AXIS2_PLACEMENT_3D('',#12284,#12285,#12286);
#12288=PLANE('',#12287);
#12289=ORIENTED_EDGE('',*,*,#7450,.F.);
#12291=ORIENTED_EDGE('',*,*,#12290,.T.);
#12292=ORIENTED_EDGE('',*,*,#12036,.T.);
#12293=ORIENTED_EDGE('',*,*,#12277,.F.);
#12294=EDGE_LOOP('',(#12289,#12291,#12292,#12293));
#12295=FACE_OUTER_BOUND('',#12294,.F.);
#12296=ADVANCED_FACE('',(#12295),#12288,.F.);
#12297=CARTESIAN_POINT('',(-8.2E0,6.3E0,0.E0));
#12298=DIRECTION('',(-7.071067811865E-1,-7.071067811865E-1,0.E0));
#12299=DIRECTION('',(7.071067811865E-1,-7.071067811865E-1,0.E0));
#12300=AXIS2_PLACEMENT_3D('',#12297,#12298,#12299);
#12301=PLANE('',#12300);
#12302=ORIENTED_EDGE('',*,*,#7448,.F.);
#12303=ORIENTED_EDGE('',*,*,#12240,.T.);
#12304=ORIENTED_EDGE('',*,*,#12038,.T.);
#12305=ORIENTED_EDGE('',*,*,#12290,.F.);
#12306=EDGE_LOOP('',(#12302,#12303,#12304,#12305));
#12307=FACE_OUTER_BOUND('',#12306,.F.);
#12308=ADVANCED_FACE('',(#12307),#12301,.F.);
#12309=CARTESIAN_POINT('',(-9.965E0,1.E1,0.E0));
#12310=DIRECTION('',(-1.E0,0.E0,0.E0));
#12311=DIRECTION('',(0.E0,0.E0,1.E0));
#12312=AXIS2_PLACEMENT_3D('',#12309,#12310,#12311);
#12313=PLANE('',#12312);
#12314=ORIENTED_EDGE('',*,*,#7802,.T.);
#12316=ORIENTED_EDGE('',*,*,#12315,.T.);
#12318=ORIENTED_EDGE('',*,*,#12317,.T.);
#12320=ORIENTED_EDGE('',*,*,#12319,.T.);
#12322=ORIENTED_EDGE('',*,*,#12321,.T.);
#12324=ORIENTED_EDGE('',*,*,#12323,.T.);
#12326=ORIENTED_EDGE('',*,*,#12325,.T.);
#12328=ORIENTED_EDGE('',*,*,#12327,.T.);
#12329=EDGE_LOOP('',(#12314,#12316,#12318,#12320,#12322,#12324,#12326,#12328));
#12330=FACE_OUTER_BOUND('',#12329,.F.);
#12331=ADVANCED_FACE('',(#12330),#12313,.F.);
#12332=CARTESIAN_POINT('',(-9.965E0,1.E1,0.E0));
#12333=DIRECTION('',(-1.E0,0.E0,0.E0));
#12334=DIRECTION('',(0.E0,0.E0,1.E0));
#12335=AXIS2_PLACEMENT_3D('',#12332,#12333,#12334);
#12336=PLANE('',#12335);
#12338=ORIENTED_EDGE('',*,*,#12337,.T.);
#12339=ORIENTED_EDGE('',*,*,#11986,.F.);
#12341=ORIENTED_EDGE('',*,*,#12340,.T.);
#12343=ORIENTED_EDGE('',*,*,#12342,.T.);
#12344=EDGE_LOOP('',(#12338,#12339,#12341,#12343));
#12345=FACE_OUTER_BOUND('',#12344,.F.);
#12346=ADVANCED_FACE('',(#12345),#12336,.F.);
#12347=CARTESIAN_POINT('',(-9.965E0,8.035E0,-4.7E0));
#12348=DIRECTION('',(0.E0,1.E0,0.E0));
#12349=DIRECTION('',(0.E0,0.E0,-1.E0));
#12350=AXIS2_PLACEMENT_3D('',#12347,#12348,#12349);
#12351=PLANE('',#12350);
#12352=ORIENTED_EDGE('',*,*,#7808,.T.);
#12354=ORIENTED_EDGE('',*,*,#12353,.T.);
#12356=ORIENTED_EDGE('',*,*,#12355,.F.);
#12357=ORIENTED_EDGE('',*,*,#12315,.F.);
#12358=EDGE_LOOP('',(#12352,#12354,#12356,#12357));
#12359=FACE_OUTER_BOUND('',#12358,.F.);
#12360=ADVANCED_FACE('',(#12359),#12351,.T.);
#12361=CARTESIAN_POINT('',(-9.965E0,8.035E0,-4.7E0));
#12362=DIRECTION('',(0.E0,1.E0,0.E0));
#12363=DIRECTION('',(0.E0,0.E0,-1.E0));
#12364=AXIS2_PLACEMENT_3D('',#12361,#12362,#12363);
#12365=PLANE('',#12364);
#12366=ORIENTED_EDGE('',*,*,#12337,.F.);
#12368=ORIENTED_EDGE('',*,*,#12367,.T.);
#12370=ORIENTED_EDGE('',*,*,#12369,.T.);
#12371=ORIENTED_EDGE('',*,*,#11988,.F.);
#12372=EDGE_LOOP('',(#12366,#12368,#12370,#12371));
#12373=FACE_OUTER_BOUND('',#12372,.F.);
#12374=ADVANCED_FACE('',(#12373),#12365,.T.);
#12375=CARTESIAN_POINT('',(-1.1035E1,1.E1,0.E0));
#12376=DIRECTION('',(-1.E0,0.E0,0.E0));
#12377=DIRECTION('',(0.E0,0.E0,1.E0));
#12378=AXIS2_PLACEMENT_3D('',#12375,#12376,#12377);
#12379=PLANE('',#12378);
#12380=ORIENTED_EDGE('',*,*,#7806,.F.);
#12382=ORIENTED_EDGE('',*,*,#12381,.F.);
#12384=ORIENTED_EDGE('',*,*,#12383,.F.);
#12386=ORIENTED_EDGE('',*,*,#12385,.F.);
#12388=ORIENTED_EDGE('',*,*,#12387,.F.);
#12390=ORIENTED_EDGE('',*,*,#12389,.F.);
#12392=ORIENTED_EDGE('',*,*,#12391,.F.);
#12393=ORIENTED_EDGE('',*,*,#12353,.F.);
#12394=EDGE_LOOP('',(#12380,#12382,#12384,#12386,#12388,#12390,#12392,#12393));
#12395=FACE_OUTER_BOUND('',#12394,.F.);
#12396=ADVANCED_FACE('',(#12395),#12379,.T.);
#12397=CARTESIAN_POINT('',(-1.1035E1,1.E1,0.E0));
#12398=DIRECTION('',(-1.E0,0.E0,0.E0));
#12399=DIRECTION('',(0.E0,0.E0,1.E0));
#12400=AXIS2_PLACEMENT_3D('',#12397,#12398,#12399);
#12401=PLANE('',#12400);
#12402=ORIENTED_EDGE('',*,*,#12369,.F.);
#12404=ORIENTED_EDGE('',*,*,#12403,.F.);
#12406=ORIENTED_EDGE('',*,*,#12405,.F.);
#12407=ORIENTED_EDGE('',*,*,#11990,.T.);
#12408=EDGE_LOOP('',(#12402,#12404,#12406,#12407));
#12409=FACE_OUTER_BOUND('',#12408,.F.);
#12410=ADVANCED_FACE('',(#12409),#12401,.T.);
#12411=CARTESIAN_POINT('',(-9.965E0,6.965E0,-1.8365E1));
#12412=DIRECTION('',(0.E0,-1.E0,0.E0));
#12413=DIRECTION('',(0.E0,0.E0,1.E0));
#12414=AXIS2_PLACEMENT_3D('',#12411,#12412,#12413);
#12415=PLANE('',#12414);
#12416=ORIENTED_EDGE('',*,*,#7804,.F.);
#12417=ORIENTED_EDGE('',*,*,#12327,.F.);
#12419=ORIENTED_EDGE('',*,*,#12418,.T.);
#12420=ORIENTED_EDGE('',*,*,#12381,.T.);
#12421=EDGE_LOOP('',(#12416,#12417,#12419,#12420));
#12422=FACE_OUTER_BOUND('',#12421,.F.);
#12423=ADVANCED_FACE('',(#12422),#12415,.T.);
#12424=CARTESIAN_POINT('',(-9.965E0,6.965E0,-1.8365E1));
#12425=DIRECTION('',(0.E0,-1.E0,0.E0));
#12426=DIRECTION('',(0.E0,0.E0,1.E0));
#12427=AXIS2_PLACEMENT_3D('',#12424,#12425,#12426);
#12428=PLANE('',#12427);
#12429=ORIENTED_EDGE('',*,*,#12340,.F.);
#12430=ORIENTED_EDGE('',*,*,#11992,.T.);
#12431=ORIENTED_EDGE('',*,*,#12405,.T.);
#12433=ORIENTED_EDGE('',*,*,#12432,.F.);
#12434=EDGE_LOOP('',(#12429,#12430,#12431,#12433));
#12435=FACE_OUTER_BOUND('',#12434,.F.);
#12436=ADVANCED_FACE('',(#12435),#12428,.T.);
#12437=CARTESIAN_POINT('',(-9.965E0,6.465E0,-1.8365E1));
#12438=DIRECTION('',(-1.E0,0.E0,0.E0));
#12439=DIRECTION('',(0.E0,0.E0,1.E0));
#12440=AXIS2_PLACEMENT_3D('',#12437,#12438,#12439);
#12441=CYLINDRICAL_SURFACE('',#12440,5.E-1);
#12442=ORIENTED_EDGE('',*,*,#12325,.F.);
#12444=ORIENTED_EDGE('',*,*,#12443,.T.);
#12445=ORIENTED_EDGE('',*,*,#12383,.T.);
#12446=ORIENTED_EDGE('',*,*,#12418,.F.);
#12447=EDGE_LOOP('',(#12442,#12444,#12445,#12446));
#12448=FACE_OUTER_BOUND('',#12447,.F.);
#12449=ADVANCED_FACE('',(#12448),#12441,.F.);
#12450=CARTESIAN_POINT('',(-9.965E0,-3.3E0,-1.8865E1));
#12451=DIRECTION('',(0.E0,0.E0,1.E0));
#12452=DIRECTION('',(0.E0,1.E0,0.E0));
#12453=AXIS2_PLACEMENT_3D('',#12450,#12451,#12452);
#12454=PLANE('',#12453);
#12455=ORIENTED_EDGE('',*,*,#12323,.F.);
#12457=ORIENTED_EDGE('',*,*,#12456,.T.);
#12458=ORIENTED_EDGE('',*,*,#12385,.T.);
#12459=ORIENTED_EDGE('',*,*,#12443,.F.);
#12460=EDGE_LOOP('',(#12455,#12457,#12458,#12459));
#12461=FACE_OUTER_BOUND('',#12460,.F.);
#12462=ADVANCED_FACE('',(#12461),#12454,.T.);
#12463=CARTESIAN_POINT('',(-9.965E0,-3.3E0,-1.9935E1));
#12464=DIRECTION('',(0.E0,-1.E0,0.E0));
#12465=DIRECTION('',(0.E0,0.E0,1.E0));
#12466=AXIS2_PLACEMENT_3D('',#12463,#12464,#12465);
#12467=PLANE('',#12466);
#12468=ORIENTED_EDGE('',*,*,#12321,.F.);
#12470=ORIENTED_EDGE('',*,*,#12469,.T.);
#12471=ORIENTED_EDGE('',*,*,#12387,.T.);
#12472=ORIENTED_EDGE('',*,*,#12456,.F.);
#12473=EDGE_LOOP('',(#12468,#12470,#12471,#12472));
#12474=FACE_OUTER_BOUND('',#12473,.F.);
#12475=ADVANCED_FACE('',(#12474),#12467,.T.);
#12476=CARTESIAN_POINT('',(-9.965E0,6.465E0,-1.9935E1));
#12477=DIRECTION('',(0.E0,0.E0,-1.E0));
#12478=DIRECTION('',(0.E0,-1.E0,0.E0));
#12479=AXIS2_PLACEMENT_3D('',#12476,#12477,#12478);
#12480=PLANE('',#12479);
#12481=ORIENTED_EDGE('',*,*,#12319,.F.);
#12483=ORIENTED_EDGE('',*,*,#12482,.T.);
#12484=ORIENTED_EDGE('',*,*,#12389,.T.);
#12485=ORIENTED_EDGE('',*,*,#12469,.F.);
#12486=EDGE_LOOP('',(#12481,#12483,#12484,#12485));
#12487=FACE_OUTER_BOUND('',#12486,.F.);
#12488=ADVANCED_FACE('',(#12487),#12480,.T.);
#12489=CARTESIAN_POINT('',(-9.965E0,6.465E0,-1.8365E1));
#12490=DIRECTION('',(-1.E0,0.E0,0.E0));
#12491=DIRECTION('',(0.E0,0.E0,1.E0));
#12492=AXIS2_PLACEMENT_3D('',#12489,#12490,#12491);
#12493=CYLINDRICAL_SURFACE('',#12492,1.57E0);
#12494=ORIENTED_EDGE('',*,*,#12317,.F.);
#12495=ORIENTED_EDGE('',*,*,#12355,.T.);
#12496=ORIENTED_EDGE('',*,*,#12391,.T.);
#12497=ORIENTED_EDGE('',*,*,#12482,.F.);
#12498=EDGE_LOOP('',(#12494,#12495,#12496,#12497));
#12499=FACE_OUTER_BOUND('',#12498,.F.);
#12500=ADVANCED_FACE('',(#12499),#12493,.T.);
#12501=CARTESIAN_POINT('',(-9.965E0,6.965E0,-4.7E0));
#12502=DIRECTION('',(0.E0,0.E0,1.E0));
#12503=DIRECTION('',(0.E0,1.E0,0.E0));
#12504=AXIS2_PLACEMENT_3D('',#12501,#12502,#12503);
#12505=PLANE('',#12504);
#12506=ORIENTED_EDGE('',*,*,#12342,.F.);
#12507=ORIENTED_EDGE('',*,*,#12432,.T.);
#12508=ORIENTED_EDGE('',*,*,#12403,.T.);
#12509=ORIENTED_EDGE('',*,*,#12367,.F.);
#12510=EDGE_LOOP('',(#12506,#12507,#12508,#12509));
#12511=FACE_OUTER_BOUND('',#12510,.F.);
#12512=ADVANCED_FACE('',(#12511),#12505,.T.);
#12513=CARTESIAN_POINT('',(-5.765E0,1.E1,0.E0));
#12514=DIRECTION('',(-1.E0,0.E0,0.E0));
#12515=DIRECTION('',(0.E0,0.E0,1.E0));
#12516=AXIS2_PLACEMENT_3D('',#12513,#12514,#12515);
#12517=PLANE('',#12516);
#12518=ORIENTED_EDGE('',*,*,#7912,.T.);
#12520=ORIENTED_EDGE('',*,*,#12519,.T.);
#12522=ORIENTED_EDGE('',*,*,#12521,.T.);
#12524=ORIENTED_EDGE('',*,*,#12523,.T.);
#12526=ORIENTED_EDGE('',*,*,#12525,.T.);
#12528=ORIENTED_EDGE('',*,*,#12527,.T.);
#12530=ORIENTED_EDGE('',*,*,#12529,.T.);
#12532=ORIENTED_EDGE('',*,*,#12531,.T.);
#12533=EDGE_LOOP('',(#12518,#12520,#12522,#12524,#12526,#12528,#12530,#12532));
#12534=FACE_OUTER_BOUND('',#12533,.F.);
#12535=ADVANCED_FACE('',(#12534),#12517,.F.);
#12536=CARTESIAN_POINT('',(-5.765E0,1.E1,0.E0));
#12537=DIRECTION('',(-1.E0,0.E0,0.E0));
#12538=DIRECTION('',(0.E0,0.E0,1.E0));
#12539=AXIS2_PLACEMENT_3D('',#12536,#12537,#12538);
#12540=PLANE('',#12539);
#12542=ORIENTED_EDGE('',*,*,#12541,.T.);
#12543=ORIENTED_EDGE('',*,*,#12012,.F.);
#12545=ORIENTED_EDGE('',*,*,#12544,.T.);
#12547=ORIENTED_EDGE('',*,*,#12546,.T.);
#12548=EDGE_LOOP('',(#12542,#12543,#12545,#12547));
#12549=FACE_OUTER_BOUND('',#12548,.F.);
#12550=ADVANCED_FACE('',(#12549),#12540,.F.);
#12551=CARTESIAN_POINT('',(-5.765E0,3.835E0,-4.7E0));
#12552=DIRECTION('',(0.E0,1.E0,0.E0));
#12553=DIRECTION('',(0.E0,0.E0,-1.E0));
#12554=AXIS2_PLACEMENT_3D('',#12551,#12552,#12553);
#12555=PLANE('',#12554);
#12556=ORIENTED_EDGE('',*,*,#7918,.T.);
#12558=ORIENTED_EDGE('',*,*,#12557,.T.);
#12560=ORIENTED_EDGE('',*,*,#12559,.F.);
#12561=ORIENTED_EDGE('',*,*,#12519,.F.);
#12562=EDGE_LOOP('',(#12556,#12558,#12560,#12561));
#12563=FACE_OUTER_BOUND('',#12562,.F.);
#12564=ADVANCED_FACE('',(#12563),#12555,.T.);
#12565=CARTESIAN_POINT('',(-5.765E0,3.835E0,-4.7E0));
#12566=DIRECTION('',(0.E0,1.E0,0.E0));
#12567=DIRECTION('',(0.E0,0.E0,-1.E0));
#12568=AXIS2_PLACEMENT_3D('',#12565,#12566,#12567);
#12569=PLANE('',#12568);
#12570=ORIENTED_EDGE('',*,*,#12541,.F.);
#12572=ORIENTED_EDGE('',*,*,#12571,.T.);
#12574=ORIENTED_EDGE('',*,*,#12573,.T.);
#12575=ORIENTED_EDGE('',*,*,#12014,.F.);
#12576=EDGE_LOOP('',(#12570,#12572,#12574,#12575));
#12577=FACE_OUTER_BOUND('',#12576,.F.);
#12578=ADVANCED_FACE('',(#12577),#12569,.T.);
#12579=CARTESIAN_POINT('',(-6.835E0,1.E1,0.E0));
#12580=DIRECTION('',(-1.E0,0.E0,0.E0));
#12581=DIRECTION('',(0.E0,0.E0,1.E0));
#12582=AXIS2_PLACEMENT_3D('',#12579,#12580,#12581);
#12583=PLANE('',#12582);
#12584=ORIENTED_EDGE('',*,*,#7916,.F.);
#12586=ORIENTED_EDGE('',*,*,#12585,.F.);
#12588=ORIENTED_EDGE('',*,*,#12587,.F.);
#12590=ORIENTED_EDGE('',*,*,#12589,.F.);
#12592=ORIENTED_EDGE('',*,*,#12591,.F.);
#12594=ORIENTED_EDGE('',*,*,#12593,.F.);
#12596=ORIENTED_EDGE('',*,*,#12595,.F.);
#12597=ORIENTED_EDGE('',*,*,#12557,.F.);
#12598=EDGE_LOOP('',(#12584,#12586,#12588,#12590,#12592,#12594,#12596,#12597));
#12599=FACE_OUTER_BOUND('',#12598,.F.);
#12600=ADVANCED_FACE('',(#12599),#12583,.T.);
#12601=CARTESIAN_POINT('',(-6.835E0,1.E1,0.E0));
#12602=DIRECTION('',(-1.E0,0.E0,0.E0));
#12603=DIRECTION('',(0.E0,0.E0,1.E0));
#12604=AXIS2_PLACEMENT_3D('',#12601,#12602,#12603);
#12605=PLANE('',#12604);
#12606=ORIENTED_EDGE('',*,*,#12573,.F.);
#12608=ORIENTED_EDGE('',*,*,#12607,.F.);
#12610=ORIENTED_EDGE('',*,*,#12609,.F.);
#12611=ORIENTED_EDGE('',*,*,#12016,.T.);
#12612=EDGE_LOOP('',(#12606,#12608,#12610,#12611));
#12613=FACE_OUTER_BOUND('',#12612,.F.);
#12614=ADVANCED_FACE('',(#12613),#12605,.T.);
#12615=CARTESIAN_POINT('',(-5.765E0,2.765E0,-1.3065E1));
#12616=DIRECTION('',(0.E0,-1.E0,0.E0));
#12617=DIRECTION('',(0.E0,0.E0,1.E0));
#12618=AXIS2_PLACEMENT_3D('',#12615,#12616,#12617);
#12619=PLANE('',#12618);
#12620=ORIENTED_EDGE('',*,*,#7914,.F.);
#12621=ORIENTED_EDGE('',*,*,#12531,.F.);
#12623=ORIENTED_EDGE('',*,*,#12622,.T.);
#12624=ORIENTED_EDGE('',*,*,#12585,.T.);
#12625=EDGE_LOOP('',(#12620,#12621,#12623,#12624));
#12626=FACE_OUTER_BOUND('',#12625,.F.);
#12627=ADVANCED_FACE('',(#12626),#12619,.T.);
#12628=CARTESIAN_POINT('',(-5.765E0,2.765E0,-1.3065E1));
#12629=DIRECTION('',(0.E0,-1.E0,0.E0));
#12630=DIRECTION('',(0.E0,0.E0,1.E0));
#12631=AXIS2_PLACEMENT_3D('',#12628,#12629,#12630);
#12632=PLANE('',#12631);
#12633=ORIENTED_EDGE('',*,*,#12544,.F.);
#12634=ORIENTED_EDGE('',*,*,#12018,.T.);
#12635=ORIENTED_EDGE('',*,*,#12609,.T.);
#12637=ORIENTED_EDGE('',*,*,#12636,.F.);
#12638=EDGE_LOOP('',(#12633,#12634,#12635,#12637));
#12639=FACE_OUTER_BOUND('',#12638,.F.);
#12640=ADVANCED_FACE('',(#12639),#12632,.T.);
#12641=CARTESIAN_POINT('',(-5.765E0,2.465E0,-1.3065E1));
#12642=DIRECTION('',(-1.E0,0.E0,0.E0));
#12643=DIRECTION('',(0.E0,0.E0,1.E0));
#12644=AXIS2_PLACEMENT_3D('',#12641,#12642,#12643);
#12645=CYLINDRICAL_SURFACE('',#12644,3.E-1);
#12646=ORIENTED_EDGE('',*,*,#12529,.F.);
#12648=ORIENTED_EDGE('',*,*,#12647,.T.);
#12649=ORIENTED_EDGE('',*,*,#12587,.T.);
#12650=ORIENTED_EDGE('',*,*,#12622,.F.);
#12651=EDGE_LOOP('',(#12646,#12648,#12649,#12650));
#12652=FACE_OUTER_BOUND('',#12651,.F.);
#12653=ADVANCED_FACE('',(#12652),#12645,.F.);
#12654=CARTESIAN_POINT('',(-5.765E0,-3.3E0,-1.3365E1));
#12655=DIRECTION('',(0.E0,0.E0,1.E0));
#12656=DIRECTION('',(0.E0,1.E0,0.E0));
#12657=AXIS2_PLACEMENT_3D('',#12654,#12655,#12656);
#12658=PLANE('',#12657);
#12659=ORIENTED_EDGE('',*,*,#12527,.F.);
#12661=ORIENTED_EDGE('',*,*,#12660,.T.);
#12662=ORIENTED_EDGE('',*,*,#12589,.T.);
#12663=ORIENTED_EDGE('',*,*,#12647,.F.);
#12664=EDGE_LOOP('',(#12659,#12661,#12662,#12663));
#12665=FACE_OUTER_BOUND('',#12664,.F.);
#12666=ADVANCED_FACE('',(#12665),#12658,.T.);
#12667=CARTESIAN_POINT('',(-5.765E0,-3.3E0,-1.4435E1));
#12668=DIRECTION('',(0.E0,-1.E0,0.E0));
#12669=DIRECTION('',(0.E0,0.E0,1.E0));
#12670=AXIS2_PLACEMENT_3D('',#12667,#12668,#12669);
#12671=PLANE('',#12670);
#12672=ORIENTED_EDGE('',*,*,#12525,.F.);
#12674=ORIENTED_EDGE('',*,*,#12673,.T.);
#12675=ORIENTED_EDGE('',*,*,#12591,.T.);
#12676=ORIENTED_EDGE('',*,*,#12660,.F.);
#12677=EDGE_LOOP('',(#12672,#12674,#12675,#12676));
#12678=FACE_OUTER_BOUND('',#12677,.F.);
#12679=ADVANCED_FACE('',(#12678),#12671,.T.);
#12680=CARTESIAN_POINT('',(-5.765E0,2.465E0,-1.4435E1));
#12681=DIRECTION('',(0.E0,0.E0,-1.E0));
#12682=DIRECTION('',(0.E0,-1.E0,0.E0));
#12683=AXIS2_PLACEMENT_3D('',#12680,#12681,#12682);
#12684=PLANE('',#12683);
#12685=ORIENTED_EDGE('',*,*,#12523,.F.);
#12687=ORIENTED_EDGE('',*,*,#12686,.T.);
#12688=ORIENTED_EDGE('',*,*,#12593,.T.);
#12689=ORIENTED_EDGE('',*,*,#12673,.F.);
#12690=EDGE_LOOP('',(#12685,#12687,#12688,#12689));
#12691=FACE_OUTER_BOUND('',#12690,.F.);
#12692=ADVANCED_FACE('',(#12691),#12684,.T.);
#12693=CARTESIAN_POINT('',(-5.765E0,2.465E0,-1.3065E1));
#12694=DIRECTION('',(-1.E0,0.E0,0.E0));
#12695=DIRECTION('',(0.E0,0.E0,1.E0));
#12696=AXIS2_PLACEMENT_3D('',#12693,#12694,#12695);
#12697=CYLINDRICAL_SURFACE('',#12696,1.37E0);
#12698=ORIENTED_EDGE('',*,*,#12521,.F.);
#12699=ORIENTED_EDGE('',*,*,#12559,.T.);
#12700=ORIENTED_EDGE('',*,*,#12595,.T.);
#12701=ORIENTED_EDGE('',*,*,#12686,.F.);
#12702=EDGE_LOOP('',(#12698,#12699,#12700,#12701));
#12703=FACE_OUTER_BOUND('',#12702,.F.);
#12704=ADVANCED_FACE('',(#12703),#12697,.T.);
#12705=CARTESIAN_POINT('',(-5.765E0,2.765E0,-4.7E0));
#12706=DIRECTION('',(0.E0,0.E0,1.E0));
#12707=DIRECTION('',(0.E0,1.E0,0.E0));
#12708=AXIS2_PLACEMENT_3D('',#12705,#12706,#12707);
#12709=PLANE('',#12708);
#12710=ORIENTED_EDGE('',*,*,#12546,.F.);
#12711=ORIENTED_EDGE('',*,*,#12636,.T.);
#12712=ORIENTED_EDGE('',*,*,#12607,.T.);
#12713=ORIENTED_EDGE('',*,*,#12571,.F.);
#12714=EDGE_LOOP('',(#12710,#12711,#12712,#12713));
#12715=FACE_OUTER_BOUND('',#12714,.F.);
#12716=ADVANCED_FACE('',(#12715),#12709,.T.);
#12717=CARTESIAN_POINT('',(-9.965E0,1.E1,0.E0));
#12718=DIRECTION('',(-1.E0,0.E0,0.E0));
#12719=DIRECTION('',(0.E0,0.E0,1.E0));
#12720=AXIS2_PLACEMENT_3D('',#12717,#12718,#12719);
#12721=PLANE('',#12720);
#12722=ORIENTED_EDGE('',*,*,#7922,.T.);
#12724=ORIENTED_EDGE('',*,*,#12723,.T.);
#12726=ORIENTED_EDGE('',*,*,#12725,.T.);
#12728=ORIENTED_EDGE('',*,*,#12727,.T.);
#12730=ORIENTED_EDGE('',*,*,#12729,.T.);
#12732=ORIENTED_EDGE('',*,*,#12731,.T.);
#12734=ORIENTED_EDGE('',*,*,#12733,.T.);
#12736=ORIENTED_EDGE('',*,*,#12735,.T.);
#12737=EDGE_LOOP('',(#12722,#12724,#12726,#12728,#12730,#12732,#12734,#12736));
#12738=FACE_OUTER_BOUND('',#12737,.F.);
#12739=ADVANCED_FACE('',(#12738),#12721,.F.);
#12740=CARTESIAN_POINT('',(-9.965E0,1.E1,0.E0));
#12741=DIRECTION('',(-1.E0,0.E0,0.E0));
#12742=DIRECTION('',(0.E0,0.E0,1.E0));
#12743=AXIS2_PLACEMENT_3D('',#12740,#12741,#12742);
#12744=PLANE('',#12743);
#12746=ORIENTED_EDGE('',*,*,#12745,.T.);
#12747=ORIENTED_EDGE('',*,*,#11956,.F.);
#12749=ORIENTED_EDGE('',*,*,#12748,.T.);
#12751=ORIENTED_EDGE('',*,*,#12750,.T.);
#12752=EDGE_LOOP('',(#12746,#12747,#12749,#12751));
#12753=FACE_OUTER_BOUND('',#12752,.F.);
#12754=ADVANCED_FACE('',(#12753),#12744,.F.);
#12755=CARTESIAN_POINT('',(-9.965E0,3.835E0,-4.7E0));
#12756=DIRECTION('',(0.E0,1.E0,0.E0));
#12757=DIRECTION('',(0.E0,0.E0,-1.E0));
#12758=AXIS2_PLACEMENT_3D('',#12755,#12756,#12757);
#12759=PLANE('',#12758);
#12760=ORIENTED_EDGE('',*,*,#7928,.T.);
#12762=ORIENTED_EDGE('',*,*,#12761,.T.);
#12764=ORIENTED_EDGE('',*,*,#12763,.F.);
#12765=ORIENTED_EDGE('',*,*,#12723,.F.);
#12766=EDGE_LOOP('',(#12760,#12762,#12764,#12765));
#12767=FACE_OUTER_BOUND('',#12766,.F.);
#12768=ADVANCED_FACE('',(#12767),#12759,.T.);
#12769=CARTESIAN_POINT('',(-9.965E0,3.835E0,-4.7E0));
#12770=DIRECTION('',(0.E0,1.E0,0.E0));
#12771=DIRECTION('',(0.E0,0.E0,-1.E0));
#12772=AXIS2_PLACEMENT_3D('',#12769,#12770,#12771);
#12773=PLANE('',#12772);
#12774=ORIENTED_EDGE('',*,*,#12745,.F.);
#12776=ORIENTED_EDGE('',*,*,#12775,.T.);
#12778=ORIENTED_EDGE('',*,*,#12777,.T.);
#12779=ORIENTED_EDGE('',*,*,#11958,.F.);
#12780=EDGE_LOOP('',(#12774,#12776,#12778,#12779));
#12781=FACE_OUTER_BOUND('',#12780,.F.);
#12782=ADVANCED_FACE('',(#12781),#12773,.T.);
#12783=CARTESIAN_POINT('',(-1.1035E1,1.E1,0.E0));
#12784=DIRECTION('',(-1.E0,0.E0,0.E0));
#12785=DIRECTION('',(0.E0,0.E0,1.E0));
#12786=AXIS2_PLACEMENT_3D('',#12783,#12784,#12785);
#12787=PLANE('',#12786);
#12788=ORIENTED_EDGE('',*,*,#7926,.F.);
#12790=ORIENTED_EDGE('',*,*,#12789,.F.);
#12792=ORIENTED_EDGE('',*,*,#12791,.F.);
#12794=ORIENTED_EDGE('',*,*,#12793,.F.);
#12796=ORIENTED_EDGE('',*,*,#12795,.F.);
#12798=ORIENTED_EDGE('',*,*,#12797,.F.);
#12800=ORIENTED_EDGE('',*,*,#12799,.F.);
#12801=ORIENTED_EDGE('',*,*,#12761,.F.);
#12802=EDGE_LOOP('',(#12788,#12790,#12792,#12794,#12796,#12798,#12800,#12801));
#12803=FACE_OUTER_BOUND('',#12802,.F.);
#12804=ADVANCED_FACE('',(#12803),#12787,.T.);
#12805=CARTESIAN_POINT('',(-1.1035E1,1.E1,0.E0));
#12806=DIRECTION('',(-1.E0,0.E0,0.E0));
#12807=DIRECTION('',(0.E0,0.E0,1.E0));
#12808=AXIS2_PLACEMENT_3D('',#12805,#12806,#12807);
#12809=PLANE('',#12808);
#12810=ORIENTED_EDGE('',*,*,#12777,.F.);
#12812=ORIENTED_EDGE('',*,*,#12811,.F.);
#12814=ORIENTED_EDGE('',*,*,#12813,.F.);
#12815=ORIENTED_EDGE('',*,*,#11960,.T.);
#12816=EDGE_LOOP('',(#12810,#12812,#12814,#12815));
#12817=FACE_OUTER_BOUND('',#12816,.F.);
#12818=ADVANCED_FACE('',(#12817),#12809,.T.);
#12819=CARTESIAN_POINT('',(-9.965E0,2.765E0,-1.3065E1));
#12820=DIRECTION('',(0.E0,-1.E0,0.E0));
#12821=DIRECTION('',(0.E0,0.E0,1.E0));
#12822=AXIS2_PLACEMENT_3D('',#12819,#12820,#12821);
#12823=PLANE('',#12822);
#12824=ORIENTED_EDGE('',*,*,#7924,.F.);
#12825=ORIENTED_EDGE('',*,*,#12735,.F.);
#12827=ORIENTED_EDGE('',*,*,#12826,.T.);
#12828=ORIENTED_EDGE('',*,*,#12789,.T.);
#12829=EDGE_LOOP('',(#12824,#12825,#12827,#12828));
#12830=FACE_OUTER_BOUND('',#12829,.F.);
#12831=ADVANCED_FACE('',(#12830),#12823,.T.);
#12832=CARTESIAN_POINT('',(-9.965E0,2.765E0,-1.3065E1));
#12833=DIRECTION('',(0.E0,-1.E0,0.E0));
#12834=DIRECTION('',(0.E0,0.E0,1.E0));
#12835=AXIS2_PLACEMENT_3D('',#12832,#12833,#12834);
#12836=PLANE('',#12835);
#12837=ORIENTED_EDGE('',*,*,#12748,.F.);
#12838=ORIENTED_EDGE('',*,*,#11962,.T.);
#12839=ORIENTED_EDGE('',*,*,#12813,.T.);
#12841=ORIENTED_EDGE('',*,*,#12840,.F.);
#12842=EDGE_LOOP('',(#12837,#12838,#12839,#12841));
#12843=FACE_OUTER_BOUND('',#12842,.F.);
#12844=ADVANCED_FACE('',(#12843),#12836,.T.);
#12845=CARTESIAN_POINT('',(-9.965E0,2.465E0,-1.3065E1));
#12846=DIRECTION('',(-1.E0,0.E0,0.E0));
#12847=DIRECTION('',(0.E0,0.E0,1.E0));
#12848=AXIS2_PLACEMENT_3D('',#12845,#12846,#12847);
#12849=CYLINDRICAL_SURFACE('',#12848,3.E-1);
#12850=ORIENTED_EDGE('',*,*,#12733,.F.);
#12852=ORIENTED_EDGE('',*,*,#12851,.T.);
#12853=ORIENTED_EDGE('',*,*,#12791,.T.);
#12854=ORIENTED_EDGE('',*,*,#12826,.F.);
#12855=EDGE_LOOP('',(#12850,#12852,#12853,#12854));
#12856=FACE_OUTER_BOUND('',#12855,.F.);
#12857=ADVANCED_FACE('',(#12856),#12849,.F.);
#12858=CARTESIAN_POINT('',(-9.965E0,-3.3E0,-1.3365E1));
#12859=DIRECTION('',(0.E0,0.E0,1.E0));
#12860=DIRECTION('',(0.E0,1.E0,0.E0));
#12861=AXIS2_PLACEMENT_3D('',#12858,#12859,#12860);
#12862=PLANE('',#12861);
#12863=ORIENTED_EDGE('',*,*,#12731,.F.);
#12865=ORIENTED_EDGE('',*,*,#12864,.T.);
#12866=ORIENTED_EDGE('',*,*,#12793,.T.);
#12867=ORIENTED_EDGE('',*,*,#12851,.F.);
#12868=EDGE_LOOP('',(#12863,#12865,#12866,#12867));
#12869=FACE_OUTER_BOUND('',#12868,.F.);
#12870=ADVANCED_FACE('',(#12869),#12862,.T.);
#12871=CARTESIAN_POINT('',(-9.965E0,-3.3E0,-1.4435E1));
#12872=DIRECTION('',(0.E0,-1.E0,0.E0));
#12873=DIRECTION('',(0.E0,0.E0,1.E0));
#12874=AXIS2_PLACEMENT_3D('',#12871,#12872,#12873);
#12875=PLANE('',#12874);
#12876=ORIENTED_EDGE('',*,*,#12729,.F.);
#12878=ORIENTED_EDGE('',*,*,#12877,.T.);
#12879=ORIENTED_EDGE('',*,*,#12795,.T.);
#12880=ORIENTED_EDGE('',*,*,#12864,.F.);
#12881=EDGE_LOOP('',(#12876,#12878,#12879,#12880));
#12882=FACE_OUTER_BOUND('',#12881,.F.);
#12883=ADVANCED_FACE('',(#12882),#12875,.T.);
#12884=CARTESIAN_POINT('',(-9.965E0,2.465E0,-1.4435E1));
#12885=DIRECTION('',(0.E0,0.E0,-1.E0));
#12886=DIRECTION('',(0.E0,-1.E0,0.E0));
#12887=AXIS2_PLACEMENT_3D('',#12884,#12885,#12886);
#12888=PLANE('',#12887);
#12889=ORIENTED_EDGE('',*,*,#12727,.F.);
#12891=ORIENTED_EDGE('',*,*,#12890,.T.);
#12892=ORIENTED_EDGE('',*,*,#12797,.T.);
#12893=ORIENTED_EDGE('',*,*,#12877,.F.);
#12894=EDGE_LOOP('',(#12889,#12891,#12892,#12893));
#12895=FACE_OUTER_BOUND('',#12894,.F.);
#12896=ADVANCED_FACE('',(#12895),#12888,.T.);
#12897=CARTESIAN_POINT('',(-9.965E0,2.465E0,-1.3065E1));
#12898=DIRECTION('',(-1.E0,0.E0,0.E0));
#12899=DIRECTION('',(0.E0,0.E0,1.E0));
#12900=AXIS2_PLACEMENT_3D('',#12897,#12898,#12899);
#12901=CYLINDRICAL_SURFACE('',#12900,1.37E0);
#12902=ORIENTED_EDGE('',*,*,#12725,.F.);
#12903=ORIENTED_EDGE('',*,*,#12763,.T.);
#12904=ORIENTED_EDGE('',*,*,#12799,.T.);
#12905=ORIENTED_EDGE('',*,*,#12890,.F.);
#12906=EDGE_LOOP('',(#12902,#12903,#12904,#12905));
#12907=FACE_OUTER_BOUND('',#12906,.F.);
#12908=ADVANCED_FACE('',(#12907),#12901,.T.);
#12909=CARTESIAN_POINT('',(-9.965E0,2.765E0,-4.7E0));
#12910=DIRECTION('',(0.E0,0.E0,1.E0));
#12911=DIRECTION('',(0.E0,1.E0,0.E0));
#12912=AXIS2_PLACEMENT_3D('',#12909,#12910,#12911);
#12913=PLANE('',#12912);
#12914=ORIENTED_EDGE('',*,*,#12750,.F.);
#12915=ORIENTED_EDGE('',*,*,#12840,.T.);
#12916=ORIENTED_EDGE('',*,*,#12811,.T.);
#12917=ORIENTED_EDGE('',*,*,#12775,.F.);
#12918=EDGE_LOOP('',(#12914,#12915,#12916,#12917));
#12919=FACE_OUTER_BOUND('',#12918,.F.);
#12920=ADVANCED_FACE('',(#12919),#12913,.T.);
#12921=CARTESIAN_POINT('',(-5.765E0,6.965E0,-4.7E0));
#12922=DIRECTION('',(0.E0,0.E0,1.E0));
#12923=DIRECTION('',(0.E0,1.E0,0.E0));
#12924=AXIS2_PLACEMENT_3D('',#12921,#12922,#12923);
#12925=PLANE('',#12924);
#12926=ORIENTED_EDGE('',*,*,#11779,.F.);
#12927=ORIENTED_EDGE('',*,*,#11872,.T.);
#12928=ORIENTED_EDGE('',*,*,#11841,.T.);
#12929=ORIENTED_EDGE('',*,*,#11804,.F.);
#12930=EDGE_LOOP('',(#12926,#12927,#12928,#12929));
#12931=FACE_OUTER_BOUND('',#12930,.F.);
#12932=ADVANCED_FACE('',(#12931),#12925,.T.);
#12933=CARTESIAN_POINT('',(-1.4165E1,1.E1,0.E0));
#12934=DIRECTION('',(-1.E0,0.E0,0.E0));
#12935=DIRECTION('',(0.E0,0.E0,1.E0));
#12936=AXIS2_PLACEMENT_3D('',#12933,#12934,#12935);
#12937=PLANE('',#12936);
#12938=ORIENTED_EDGE('',*,*,#7812,.T.);
#12940=ORIENTED_EDGE('',*,*,#12939,.T.);
#12942=ORIENTED_EDGE('',*,*,#12941,.T.);
#12944=ORIENTED_EDGE('',*,*,#12943,.T.);
#12946=ORIENTED_EDGE('',*,*,#12945,.T.);
#12948=ORIENTED_EDGE('',*,*,#12947,.T.);
#12950=ORIENTED_EDGE('',*,*,#12949,.T.);
#12952=ORIENTED_EDGE('',*,*,#12951,.T.);
#12953=EDGE_LOOP('',(#12938,#12940,#12942,#12944,#12946,#12948,#12950,#12952));
#12954=FACE_OUTER_BOUND('',#12953,.F.);
#12955=ADVANCED_FACE('',(#12954),#12937,.F.);
#12956=CARTESIAN_POINT('',(-1.4165E1,1.E1,0.E0));
#12957=DIRECTION('',(-1.E0,0.E0,0.E0));
#12958=DIRECTION('',(0.E0,0.E0,1.E0));
#12959=AXIS2_PLACEMENT_3D('',#12956,#12957,#12958);
#12960=PLANE('',#12959);
#12962=ORIENTED_EDGE('',*,*,#12961,.T.);
#12964=ORIENTED_EDGE('',*,*,#12963,.F.);
#12966=ORIENTED_EDGE('',*,*,#12965,.T.);
#12968=ORIENTED_EDGE('',*,*,#12967,.T.);
#12969=EDGE_LOOP('',(#12962,#12964,#12966,#12968));
#12970=FACE_OUTER_BOUND('',#12969,.F.);
#12971=ADVANCED_FACE('',(#12970),#12960,.F.);
#12972=CARTESIAN_POINT('',(-1.4165E1,8.035E0,-4.7E0));
#12973=DIRECTION('',(0.E0,1.E0,0.E0));
#12974=DIRECTION('',(0.E0,0.E0,-1.E0));
#12975=AXIS2_PLACEMENT_3D('',#12972,#12973,#12974);
#12976=PLANE('',#12975);
#12977=ORIENTED_EDGE('',*,*,#7818,.T.);
#12979=ORIENTED_EDGE('',*,*,#12978,.T.);
#12981=ORIENTED_EDGE('',*,*,#12980,.F.);
#12982=ORIENTED_EDGE('',*,*,#12939,.F.);
#12983=EDGE_LOOP('',(#12977,#12979,#12981,#12982));
#12984=FACE_OUTER_BOUND('',#12983,.F.);
#12985=ADVANCED_FACE('',(#12984),#12976,.T.);
#12986=CARTESIAN_POINT('',(-1.4165E1,8.035E0,-4.7E0));
#12987=DIRECTION('',(0.E0,1.E0,0.E0));
#12988=DIRECTION('',(0.E0,0.E0,-1.E0));
#12989=AXIS2_PLACEMENT_3D('',#12986,#12987,#12988);
#12990=PLANE('',#12989);
#12991=ORIENTED_EDGE('',*,*,#12961,.F.);
#12993=ORIENTED_EDGE('',*,*,#12992,.T.);
#12995=ORIENTED_EDGE('',*,*,#12994,.T.);
#12997=ORIENTED_EDGE('',*,*,#12996,.F.);
#12998=EDGE_LOOP('',(#12991,#12993,#12995,#12997));
#12999=FACE_OUTER_BOUND('',#12998,.F.);
#13000=ADVANCED_FACE('',(#12999),#12990,.T.);
#13001=CARTESIAN_POINT('',(-1.5235E1,1.E1,0.E0));
#13002=DIRECTION('',(-1.E0,0.E0,0.E0));
#13003=DIRECTION('',(0.E0,0.E0,1.E0));
#13004=AXIS2_PLACEMENT_3D('',#13001,#13002,#13003);
#13005=PLANE('',#13004);
#13006=ORIENTED_EDGE('',*,*,#7816,.F.);
#13008=ORIENTED_EDGE('',*,*,#13007,.F.);
#13010=ORIENTED_EDGE('',*,*,#13009,.F.);
#13012=ORIENTED_EDGE('',*,*,#13011,.F.);
#13014=ORIENTED_EDGE('',*,*,#13013,.F.);
#13016=ORIENTED_EDGE('',*,*,#13015,.F.);
#13018=ORIENTED_EDGE('',*,*,#13017,.F.);
#13019=ORIENTED_EDGE('',*,*,#12978,.F.);
#13020=EDGE_LOOP('',(#13006,#13008,#13010,#13012,#13014,#13016,#13018,#13019));
#13021=FACE_OUTER_BOUND('',#13020,.F.);
#13022=ADVANCED_FACE('',(#13021),#13005,.T.);
#13023=CARTESIAN_POINT('',(-1.5235E1,1.E1,0.E0));
#13024=DIRECTION('',(-1.E0,0.E0,0.E0));
#13025=DIRECTION('',(0.E0,0.E0,1.E0));
#13026=AXIS2_PLACEMENT_3D('',#13023,#13024,#13025);
#13027=PLANE('',#13026);
#13028=ORIENTED_EDGE('',*,*,#12994,.F.);
#13030=ORIENTED_EDGE('',*,*,#13029,.F.);
#13032=ORIENTED_EDGE('',*,*,#13031,.F.);
#13034=ORIENTED_EDGE('',*,*,#13033,.T.);
#13035=EDGE_LOOP('',(#13028,#13030,#13032,#13034));
#13036=FACE_OUTER_BOUND('',#13035,.F.);
#13037=ADVANCED_FACE('',(#13036),#13027,.T.);
#13038=CARTESIAN_POINT('',(-1.4165E1,6.965E0,-1.8365E1));
#13039=DIRECTION('',(0.E0,-1.E0,0.E0));
#13040=DIRECTION('',(0.E0,0.E0,1.E0));
#13041=AXIS2_PLACEMENT_3D('',#13038,#13039,#13040);
#13042=PLANE('',#13041);
#13043=ORIENTED_EDGE('',*,*,#7814,.F.);
#13044=ORIENTED_EDGE('',*,*,#12951,.F.);
#13046=ORIENTED_EDGE('',*,*,#13045,.T.);
#13047=ORIENTED_EDGE('',*,*,#13007,.T.);
#13048=EDGE_LOOP('',(#13043,#13044,#13046,#13047));
#13049=FACE_OUTER_BOUND('',#13048,.F.);
#13050=ADVANCED_FACE('',(#13049),#13042,.T.);
#13051=CARTESIAN_POINT('',(-1.4165E1,6.965E0,-1.8365E1));
#13052=DIRECTION('',(0.E0,-1.E0,0.E0));
#13053=DIRECTION('',(0.E0,0.E0,1.E0));
#13054=AXIS2_PLACEMENT_3D('',#13051,#13052,#13053);
#13055=PLANE('',#13054);
#13056=ORIENTED_EDGE('',*,*,#12965,.F.);
#13058=ORIENTED_EDGE('',*,*,#13057,.T.);
#13059=ORIENTED_EDGE('',*,*,#13031,.T.);
#13061=ORIENTED_EDGE('',*,*,#13060,.F.);
#13062=EDGE_LOOP('',(#13056,#13058,#13059,#13061));
#13063=FACE_OUTER_BOUND('',#13062,.F.);
#13064=ADVANCED_FACE('',(#13063),#13055,.T.);
#13065=CARTESIAN_POINT('',(-1.4165E1,6.465E0,-1.8365E1));
#13066=DIRECTION('',(-1.E0,0.E0,0.E0));
#13067=DIRECTION('',(0.E0,0.E0,1.E0));
#13068=AXIS2_PLACEMENT_3D('',#13065,#13066,#13067);
#13069=CYLINDRICAL_SURFACE('',#13068,5.E-1);
#13070=ORIENTED_EDGE('',*,*,#12949,.F.);
#13072=ORIENTED_EDGE('',*,*,#13071,.T.);
#13073=ORIENTED_EDGE('',*,*,#13009,.T.);
#13074=ORIENTED_EDGE('',*,*,#13045,.F.);
#13075=EDGE_LOOP('',(#13070,#13072,#13073,#13074));
#13076=FACE_OUTER_BOUND('',#13075,.F.);
#13077=ADVANCED_FACE('',(#13076),#13069,.F.);
#13078=CARTESIAN_POINT('',(-1.4165E1,-3.3E0,-1.8865E1));
#13079=DIRECTION('',(0.E0,0.E0,1.E0));
#13080=DIRECTION('',(0.E0,1.E0,0.E0));
#13081=AXIS2_PLACEMENT_3D('',#13078,#13079,#13080);
#13082=PLANE('',#13081);
#13083=ORIENTED_EDGE('',*,*,#12947,.F.);
#13085=ORIENTED_EDGE('',*,*,#13084,.T.);
#13086=ORIENTED_EDGE('',*,*,#13011,.T.);
#13087=ORIENTED_EDGE('',*,*,#13071,.F.);
#13088=EDGE_LOOP('',(#13083,#13085,#13086,#13087));
#13089=FACE_OUTER_BOUND('',#13088,.F.);
#13090=ADVANCED_FACE('',(#13089),#13082,.T.);
#13091=CARTESIAN_POINT('',(-1.4165E1,-3.3E0,-1.9935E1));
#13092=DIRECTION('',(0.E0,-1.E0,0.E0));
#13093=DIRECTION('',(0.E0,0.E0,1.E0));
#13094=AXIS2_PLACEMENT_3D('',#13091,#13092,#13093);
#13095=PLANE('',#13094);
#13096=ORIENTED_EDGE('',*,*,#12945,.F.);
#13098=ORIENTED_EDGE('',*,*,#13097,.T.);
#13099=ORIENTED_EDGE('',*,*,#13013,.T.);
#13100=ORIENTED_EDGE('',*,*,#13084,.F.);
#13101=EDGE_LOOP('',(#13096,#13098,#13099,#13100));
#13102=FACE_OUTER_BOUND('',#13101,.F.);
#13103=ADVANCED_FACE('',(#13102),#13095,.T.);
#13104=CARTESIAN_POINT('',(-1.4165E1,6.465E0,-1.9935E1));
#13105=DIRECTION('',(0.E0,0.E0,-1.E0));
#13106=DIRECTION('',(0.E0,-1.E0,0.E0));
#13107=AXIS2_PLACEMENT_3D('',#13104,#13105,#13106);
#13108=PLANE('',#13107);
#13109=ORIENTED_EDGE('',*,*,#12943,.F.);
#13111=ORIENTED_EDGE('',*,*,#13110,.T.);
#13112=ORIENTED_EDGE('',*,*,#13015,.T.);
#13113=ORIENTED_EDGE('',*,*,#13097,.F.);
#13114=EDGE_LOOP('',(#13109,#13111,#13112,#13113));
#13115=FACE_OUTER_BOUND('',#13114,.F.);
#13116=ADVANCED_FACE('',(#13115),#13108,.T.);
#13117=CARTESIAN_POINT('',(-1.4165E1,6.465E0,-1.8365E1));
#13118=DIRECTION('',(-1.E0,0.E0,0.E0));
#13119=DIRECTION('',(0.E0,0.E0,1.E0));
#13120=AXIS2_PLACEMENT_3D('',#13117,#13118,#13119);
#13121=CYLINDRICAL_SURFACE('',#13120,1.57E0);
#13122=ORIENTED_EDGE('',*,*,#12941,.F.);
#13123=ORIENTED_EDGE('',*,*,#12980,.T.);
#13124=ORIENTED_EDGE('',*,*,#13017,.T.);
#13125=ORIENTED_EDGE('',*,*,#13110,.F.);
#13126=EDGE_LOOP('',(#13122,#13123,#13124,#13125));
#13127=FACE_OUTER_BOUND('',#13126,.F.);
#13128=ADVANCED_FACE('',(#13127),#13121,.T.);
#13129=CARTESIAN_POINT('',(0.E0,0.E0,-1.E1));
#13130=DIRECTION('',(0.E0,0.E0,1.E0));
#13131=DIRECTION('',(1.E0,0.E0,0.E0));
#13132=AXIS2_PLACEMENT_3D('',#13129,#13130,#13131);
#13133=PLANE('',#13132);
#13135=ORIENTED_EDGE('',*,*,#13134,.F.);
#13137=ORIENTED_EDGE('',*,*,#13136,.F.);
#13139=ORIENTED_EDGE('',*,*,#13138,.F.);
#13141=ORIENTED_EDGE('',*,*,#13140,.F.);
#13143=ORIENTED_EDGE('',*,*,#13142,.F.);
#13145=ORIENTED_EDGE('',*,*,#13144,.F.);
#13146=EDGE_LOOP('',(#13135,#13137,#13139,#13141,#13143,#13145));
#13147=FACE_OUTER_BOUND('',#13146,.F.);
#13149=ORIENTED_EDGE('',*,*,#13148,.T.);
#13151=ORIENTED_EDGE('',*,*,#13150,.T.);
#13153=ORIENTED_EDGE('',*,*,#13152,.F.);
#13155=ORIENTED_EDGE('',*,*,#13154,.F.);
#13156=EDGE_LOOP('',(#13149,#13151,#13153,#13155));
#13157=FACE_BOUND('',#13156,.F.);
#13158=ADVANCED_FACE('',(#13147,#13157),#13133,.T.);
#13159=CARTESIAN_POINT('',(0.E0,0.E0,-1.E1));
#13160=DIRECTION('',(0.E0,0.E0,1.E0));
#13161=DIRECTION('',(1.E0,0.E0,0.E0));
#13162=AXIS2_PLACEMENT_3D('',#13159,#13160,#13161);
#13163=PLANE('',#13162);
#13165=ORIENTED_EDGE('',*,*,#13164,.F.);
#13167=ORIENTED_EDGE('',*,*,#13166,.F.);
#13169=ORIENTED_EDGE('',*,*,#13168,.F.);
#13171=ORIENTED_EDGE('',*,*,#13170,.F.);
#13172=EDGE_LOOP('',(#13165,#13167,#13169,#13171));
#13173=FACE_OUTER_BOUND('',#13172,.F.);
#13175=ORIENTED_EDGE('',*,*,#13174,.T.);
#13177=ORIENTED_EDGE('',*,*,#13176,.T.);
#13179=ORIENTED_EDGE('',*,*,#13178,.F.);
#13181=ORIENTED_EDGE('',*,*,#13180,.F.);
#13182=EDGE_LOOP('',(#13175,#13177,#13179,#13181));
#13183=FACE_BOUND('',#13182,.F.);
#13184=ADVANCED_FACE('',(#13173,#13183),#13163,.T.);
#13185=CARTESIAN_POINT('',(0.E0,0.E0,-1.E1));
#13186=DIRECTION('',(0.E0,0.E0,1.E0));
#13187=DIRECTION('',(1.E0,0.E0,0.E0));
#13188=AXIS2_PLACEMENT_3D('',#13185,#13186,#13187);
#13189=PLANE('',#13188);
#13191=ORIENTED_EDGE('',*,*,#13190,.F.);
#13193=ORIENTED_EDGE('',*,*,#13192,.F.);
#13195=ORIENTED_EDGE('',*,*,#13194,.F.);
#13197=ORIENTED_EDGE('',*,*,#13196,.F.);
#13199=ORIENTED_EDGE('',*,*,#13198,.F.);
#13201=ORIENTED_EDGE('',*,*,#13200,.F.);
#13202=EDGE_LOOP('',(#13191,#13193,#13195,#13197,#13199,#13201));
#13203=FACE_OUTER_BOUND('',#13202,.F.);
#13205=ORIENTED_EDGE('',*,*,#13204,.T.);
#13207=ORIENTED_EDGE('',*,*,#13206,.T.);
#13209=ORIENTED_EDGE('',*,*,#13208,.F.);
#13211=ORIENTED_EDGE('',*,*,#13210,.F.);
#13212=EDGE_LOOP('',(#13205,#13207,#13209,#13211));
#13213=FACE_BOUND('',#13212,.F.);
#13214=ADVANCED_FACE('',(#13203,#13213),#13189,.T.);
#13215=CARTESIAN_POINT('',(0.E0,0.E0,-1.E1));
#13216=DIRECTION('',(0.E0,0.E0,1.E0));
#13217=DIRECTION('',(1.E0,0.E0,0.E0));
#13218=AXIS2_PLACEMENT_3D('',#13215,#13216,#13217);
#13219=PLANE('',#13218);
#13221=ORIENTED_EDGE('',*,*,#13220,.F.);
#13223=ORIENTED_EDGE('',*,*,#13222,.F.);
#13225=ORIENTED_EDGE('',*,*,#13224,.F.);
#13227=ORIENTED_EDGE('',*,*,#13226,.F.);
#13228=EDGE_LOOP('',(#13221,#13223,#13225,#13227));
#13229=FACE_OUTER_BOUND('',#13228,.F.);
#13230=ORIENTED_EDGE('',*,*,#12963,.T.);
#13231=ORIENTED_EDGE('',*,*,#12996,.T.);
#13232=ORIENTED_EDGE('',*,*,#13033,.F.);
#13233=ORIENTED_EDGE('',*,*,#13057,.F.);
#13234=EDGE_LOOP('',(#13230,#13231,#13232,#13233));
#13235=FACE_BOUND('',#13234,.F.);
#13236=ADVANCED_FACE('',(#13229,#13235),#13219,.T.);
#13237=CARTESIAN_POINT('',(-2.08E1,4.9E0,0.E0));
#13238=DIRECTION('',(-1.E0,0.E0,0.E0));
#13239=DIRECTION('',(0.E0,-1.E0,0.E0));
#13240=AXIS2_PLACEMENT_3D('',#13237,#13238,#13239);
#13241=PLANE('',#13240);
#13242=ORIENTED_EDGE('',*,*,#7316,.F.);
#13244=ORIENTED_EDGE('',*,*,#13243,.T.);
#13245=ORIENTED_EDGE('',*,*,#13134,.T.);
#13247=ORIENTED_EDGE('',*,*,#13246,.F.);
#13248=EDGE_LOOP('',(#13242,#13244,#13245,#13247));
#13249=FACE_OUTER_BOUND('',#13248,.F.);
#13250=ADVANCED_FACE('',(#13249),#13241,.F.);
#13251=CARTESIAN_POINT('',(-1.7E1,4.9E0,0.E0));
#13252=DIRECTION('',(0.E0,1.E0,0.E0));
#13253=DIRECTION('',(-1.E0,0.E0,0.E0));
#13254=AXIS2_PLACEMENT_3D('',#13251,#13252,#13253);
#13255=PLANE('',#13254);
#13256=ORIENTED_EDGE('',*,*,#7326,.F.);
#13258=ORIENTED_EDGE('',*,*,#13257,.T.);
#13259=ORIENTED_EDGE('',*,*,#13136,.T.);
#13260=ORIENTED_EDGE('',*,*,#13243,.F.);
#13261=EDGE_LOOP('',(#13256,#13258,#13259,#13260));
#13262=FACE_OUTER_BOUND('',#13261,.F.);
#13263=ADVANCED_FACE('',(#13262),#13255,.F.);
#13264=CARTESIAN_POINT('',(-1.7E1,2.1E0,0.E0));
#13265=DIRECTION('',(1.E0,0.E0,0.E0));
#13266=DIRECTION('',(0.E0,1.E0,0.E0));
#13267=AXIS2_PLACEMENT_3D('',#13264,#13265,#13266);
#13268=PLANE('',#13267);
#13269=ORIENTED_EDGE('',*,*,#7324,.F.);
#13271=ORIENTED_EDGE('',*,*,#13270,.T.);
#13272=ORIENTED_EDGE('',*,*,#13138,.T.);
#13273=ORIENTED_EDGE('',*,*,#13257,.F.);
#13274=EDGE_LOOP('',(#13269,#13271,#13272,#13273));
#13275=FACE_OUTER_BOUND('',#13274,.F.);
#13276=ADVANCED_FACE('',(#13275),#13268,.F.);
#13277=CARTESIAN_POINT('',(-1.78E1,1.3E0,0.E0));
#13278=DIRECTION('',(7.071067811865E-1,-7.071067811865E-1,0.E0));
#13279=DIRECTION('',(7.071067811865E-1,7.071067811865E-1,0.E0));
#13280=AXIS2_PLACEMENT_3D('',#13277,#13278,#13279);
#13281=PLANE('',#13280);
#13282=ORIENTED_EDGE('',*,*,#7322,.F.);
#13284=ORIENTED_EDGE('',*,*,#13283,.T.);
#13285=ORIENTED_EDGE('',*,*,#13140,.T.);
#13286=ORIENTED_EDGE('',*,*,#13270,.F.);
#13287=EDGE_LOOP('',(#13282,#13284,#13285,#13286));
#13288=FACE_OUTER_BOUND('',#13287,.F.);
#13289=ADVANCED_FACE('',(#13288),#13281,.F.);
#13290=CARTESIAN_POINT('',(-2.E1,1.3E0,0.E0));
#13291=DIRECTION('',(0.E0,-1.E0,0.E0));
#13292=DIRECTION('',(1.E0,0.E0,0.E0));
#13293=AXIS2_PLACEMENT_3D('',#13290,#13291,#13292);
#13294=PLANE('',#13293);
#13295=ORIENTED_EDGE('',*,*,#7320,.F.);
#13297=ORIENTED_EDGE('',*,*,#13296,.T.);
#13298=ORIENTED_EDGE('',*,*,#13142,.T.);
#13299=ORIENTED_EDGE('',*,*,#13283,.F.);
#13300=EDGE_LOOP('',(#13295,#13297,#13298,#13299));
#13301=FACE_OUTER_BOUND('',#13300,.F.);
#13302=ADVANCED_FACE('',(#13301),#13294,.F.);
#13303=CARTESIAN_POINT('',(-2.08E1,2.1E0,0.E0));
#13304=DIRECTION('',(-7.071067811865E-1,-7.071067811865E-1,0.E0));
#13305=DIRECTION('',(7.071067811865E-1,-7.071067811865E-1,0.E0));
#13306=AXIS2_PLACEMENT_3D('',#13303,#13304,#13305);
#13307=PLANE('',#13306);
#13308=ORIENTED_EDGE('',*,*,#7318,.F.);
#13309=ORIENTED_EDGE('',*,*,#13246,.T.);
#13310=ORIENTED_EDGE('',*,*,#13144,.T.);
#13311=ORIENTED_EDGE('',*,*,#13296,.F.);
#13312=EDGE_LOOP('',(#13308,#13309,#13310,#13311));
#13313=FACE_OUTER_BOUND('',#13312,.F.);
#13314=ADVANCED_FACE('',(#13313),#13307,.F.);
#13315=CARTESIAN_POINT('',(-2.08E1,9.1E0,0.E0));
#13316=DIRECTION('',(-1.E0,0.E0,0.E0));
#13317=DIRECTION('',(0.E0,-1.E0,0.E0));
#13318=AXIS2_PLACEMENT_3D('',#13315,#13316,#13317);
#13319=PLANE('',#13318);
#13320=ORIENTED_EDGE('',*,*,#7330,.F.);
#13322=ORIENTED_EDGE('',*,*,#13321,.T.);
#13323=ORIENTED_EDGE('',*,*,#13164,.T.);
#13325=ORIENTED_EDGE('',*,*,#13324,.F.);
#13326=EDGE_LOOP('',(#13320,#13322,#13323,#13325));
#13327=FACE_OUTER_BOUND('',#13326,.F.);
#13328=ADVANCED_FACE('',(#13327),#13319,.F.);
#13329=CARTESIAN_POINT('',(-1.7E1,9.1E0,0.E0));
#13330=DIRECTION('',(0.E0,1.E0,0.E0));
#13331=DIRECTION('',(-1.E0,0.E0,0.E0));
#13332=AXIS2_PLACEMENT_3D('',#13329,#13330,#13331);
#13333=PLANE('',#13332);
#13334=ORIENTED_EDGE('',*,*,#7336,.F.);
#13336=ORIENTED_EDGE('',*,*,#13335,.T.);
#13337=ORIENTED_EDGE('',*,*,#13166,.T.);
#13338=ORIENTED_EDGE('',*,*,#13321,.F.);
#13339=EDGE_LOOP('',(#13334,#13336,#13337,#13338));
#13340=FACE_OUTER_BOUND('',#13339,.F.);
#13341=ADVANCED_FACE('',(#13340),#13333,.F.);
#13342=CARTESIAN_POINT('',(-1.7E1,5.5E0,0.E0));
#13343=DIRECTION('',(1.E0,0.E0,0.E0));
#13344=DIRECTION('',(0.E0,1.E0,0.E0));
#13345=AXIS2_PLACEMENT_3D('',#13342,#13343,#13344);
#13346=PLANE('',#13345);
#13347=ORIENTED_EDGE('',*,*,#7334,.F.);
#13349=ORIENTED_EDGE('',*,*,#13348,.T.);
#13350=ORIENTED_EDGE('',*,*,#13168,.T.);
#13351=ORIENTED_EDGE('',*,*,#13335,.F.);
#13352=EDGE_LOOP('',(#13347,#13349,#13350,#13351));
#13353=FACE_OUTER_BOUND('',#13352,.F.);
#13354=ADVANCED_FACE('',(#13353),#13346,.F.);
#13355=CARTESIAN_POINT('',(-2.08E1,5.5E0,0.E0));
#13356=DIRECTION('',(0.E0,-1.E0,0.E0));
#13357=DIRECTION('',(1.E0,0.E0,0.E0));
#13358=AXIS2_PLACEMENT_3D('',#13355,#13356,#13357);
#13359=PLANE('',#13358);
#13360=ORIENTED_EDGE('',*,*,#7332,.F.);
#13361=ORIENTED_EDGE('',*,*,#13324,.T.);
#13362=ORIENTED_EDGE('',*,*,#13170,.T.);
#13363=ORIENTED_EDGE('',*,*,#13348,.F.);
#13364=EDGE_LOOP('',(#13360,#13361,#13362,#13363));
#13365=FACE_OUTER_BOUND('',#13364,.F.);
#13366=ADVANCED_FACE('',(#13365),#13359,.F.);
#13367=CARTESIAN_POINT('',(-1.66E1,4.9E0,0.E0));
#13368=DIRECTION('',(-1.E0,0.E0,0.E0));
#13369=DIRECTION('',(0.E0,-1.E0,0.E0));
#13370=AXIS2_PLACEMENT_3D('',#13367,#13368,#13369);
#13371=PLANE('',#13370);
#13372=ORIENTED_EDGE('',*,*,#7340,.F.);
#13374=ORIENTED_EDGE('',*,*,#13373,.T.);
#13375=ORIENTED_EDGE('',*,*,#13190,.T.);
#13377=ORIENTED_EDGE('',*,*,#13376,.F.);
#13378=EDGE_LOOP('',(#13372,#13374,#13375,#13377));
#13379=FACE_OUTER_BOUND('',#13378,.F.);
#13380=ADVANCED_FACE('',(#13379),#13371,.F.);
#13381=CARTESIAN_POINT('',(-1.28E1,4.9E0,0.E0));
#13382=DIRECTION('',(0.E0,1.E0,0.E0));
#13383=DIRECTION('',(-1.E0,0.E0,0.E0));
#13384=AXIS2_PLACEMENT_3D('',#13381,#13382,#13383);
#13385=PLANE('',#13384);
#13386=ORIENTED_EDGE('',*,*,#7350,.F.);
#13388=ORIENTED_EDGE('',*,*,#13387,.T.);
#13389=ORIENTED_EDGE('',*,*,#13192,.T.);
#13390=ORIENTED_EDGE('',*,*,#13373,.F.);
#13391=EDGE_LOOP('',(#13386,#13388,#13389,#13390));
#13392=FACE_OUTER_BOUND('',#13391,.F.);
#13393=ADVANCED_FACE('',(#13392),#13385,.F.);
#13394=CARTESIAN_POINT('',(-1.28E1,1.9E0,0.E0));
#13395=DIRECTION('',(1.E0,0.E0,0.E0));
#13396=DIRECTION('',(0.E0,1.E0,0.E0));
#13397=AXIS2_PLACEMENT_3D('',#13394,#13395,#13396);
#13398=PLANE('',#13397);
#13399=ORIENTED_EDGE('',*,*,#7348,.F.);
#13401=ORIENTED_EDGE('',*,*,#13400,.T.);
#13402=ORIENTED_EDGE('',*,*,#13194,.T.);
#13403=ORIENTED_EDGE('',*,*,#13387,.F.);
#13404=EDGE_LOOP('',(#13399,#13401,#13402,#13403));
#13405=FACE_OUTER_BOUND('',#13404,.F.);
#13406=ADVANCED_FACE('',(#13405),#13398,.F.);
#13407=CARTESIAN_POINT('',(-1.36E1,1.1E0,0.E0));
#13408=DIRECTION('',(7.071067811865E-1,-7.071067811865E-1,0.E0));
#13409=DIRECTION('',(7.071067811865E-1,7.071067811865E-1,0.E0));
#13410=AXIS2_PLACEMENT_3D('',#13407,#13408,#13409);
#13411=PLANE('',#13410);
#13412=ORIENTED_EDGE('',*,*,#7346,.F.);
#13414=ORIENTED_EDGE('',*,*,#13413,.T.);
#13415=ORIENTED_EDGE('',*,*,#13196,.T.);
#13416=ORIENTED_EDGE('',*,*,#13400,.F.);
#13417=EDGE_LOOP('',(#13412,#13414,#13415,#13416));
#13418=FACE_OUTER_BOUND('',#13417,.F.);
#13419=ADVANCED_FACE('',(#13418),#13411,.F.);
#13420=CARTESIAN_POINT('',(-1.58E1,1.1E0,0.E0));
#13421=DIRECTION('',(0.E0,-1.E0,0.E0));
#13422=DIRECTION('',(1.E0,0.E0,0.E0));
#13423=AXIS2_PLACEMENT_3D('',#13420,#13421,#13422);
#13424=PLANE('',#13423);
#13425=ORIENTED_EDGE('',*,*,#7344,.F.);
#13427=ORIENTED_EDGE('',*,*,#13426,.T.);
#13428=ORIENTED_EDGE('',*,*,#13198,.T.);
#13429=ORIENTED_EDGE('',*,*,#13413,.F.);
#13430=EDGE_LOOP('',(#13425,#13427,#13428,#13429));
#13431=FACE_OUTER_BOUND('',#13430,.F.);
#13432=ADVANCED_FACE('',(#13431),#13424,.F.);
#13433=CARTESIAN_POINT('',(-1.66E1,1.9E0,0.E0));
#13434=DIRECTION('',(-7.071067811865E-1,-7.071067811865E-1,0.E0));
#13435=DIRECTION('',(7.071067811865E-1,-7.071067811865E-1,0.E0));
#13436=AXIS2_PLACEMENT_3D('',#13433,#13434,#13435);
#13437=PLANE('',#13436);
#13438=ORIENTED_EDGE('',*,*,#7342,.F.);
#13439=ORIENTED_EDGE('',*,*,#13376,.T.);
#13440=ORIENTED_EDGE('',*,*,#13200,.T.);
#13441=ORIENTED_EDGE('',*,*,#13426,.F.);
#13442=EDGE_LOOP('',(#13438,#13439,#13440,#13441));
#13443=FACE_OUTER_BOUND('',#13442,.F.);
#13444=ADVANCED_FACE('',(#13443),#13437,.F.);
#13445=CARTESIAN_POINT('',(-1.66E1,9.1E0,0.E0));
#13446=DIRECTION('',(-1.E0,0.E0,0.E0));
#13447=DIRECTION('',(0.E0,-1.E0,0.E0));
#13448=AXIS2_PLACEMENT_3D('',#13445,#13446,#13447);
#13449=PLANE('',#13448);
#13450=ORIENTED_EDGE('',*,*,#7354,.F.);
#13452=ORIENTED_EDGE('',*,*,#13451,.T.);
#13453=ORIENTED_EDGE('',*,*,#13220,.T.);
#13455=ORIENTED_EDGE('',*,*,#13454,.F.);
#13456=EDGE_LOOP('',(#13450,#13452,#13453,#13455));
#13457=FACE_OUTER_BOUND('',#13456,.F.);
#13458=ADVANCED_FACE('',(#13457),#13449,.F.);
#13459=CARTESIAN_POINT('',(-1.28E1,9.1E0,0.E0));
#13460=DIRECTION('',(0.E0,1.E0,0.E0));
#13461=DIRECTION('',(-1.E0,0.E0,0.E0));
#13462=AXIS2_PLACEMENT_3D('',#13459,#13460,#13461);
#13463=PLANE('',#13462);
#13464=ORIENTED_EDGE('',*,*,#7360,.F.);
#13466=ORIENTED_EDGE('',*,*,#13465,.T.);
#13467=ORIENTED_EDGE('',*,*,#13222,.T.);
#13468=ORIENTED_EDGE('',*,*,#13451,.F.);
#13469=EDGE_LOOP('',(#13464,#13466,#13467,#13468));
#13470=FACE_OUTER_BOUND('',#13469,.F.);
#13471=ADVANCED_FACE('',(#13470),#13463,.F.);
#13472=CARTESIAN_POINT('',(-1.28E1,5.5E0,0.E0));
#13473=DIRECTION('',(1.E0,0.E0,0.E0));
#13474=DIRECTION('',(0.E0,1.E0,0.E0));
#13475=AXIS2_PLACEMENT_3D('',#13472,#13473,#13474);
#13476=PLANE('',#13475);
#13477=ORIENTED_EDGE('',*,*,#7358,.F.);
#13479=ORIENTED_EDGE('',*,*,#13478,.T.);
#13480=ORIENTED_EDGE('',*,*,#13224,.T.);
#13481=ORIENTED_EDGE('',*,*,#13465,.F.);
#13482=EDGE_LOOP('',(#13477,#13479,#13480,#13481));
#13483=FACE_OUTER_BOUND('',#13482,.F.);
#13484=ADVANCED_FACE('',(#13483),#13476,.F.);
#13485=CARTESIAN_POINT('',(-1.66E1,5.5E0,0.E0));
#13486=DIRECTION('',(0.E0,-1.E0,0.E0));
#13487=DIRECTION('',(1.E0,0.E0,0.E0));
#13488=AXIS2_PLACEMENT_3D('',#13485,#13486,#13487);
#13489=PLANE('',#13488);
#13490=ORIENTED_EDGE('',*,*,#7356,.F.);
#13491=ORIENTED_EDGE('',*,*,#13454,.T.);
#13492=ORIENTED_EDGE('',*,*,#13226,.T.);
#13493=ORIENTED_EDGE('',*,*,#13478,.F.);
#13494=EDGE_LOOP('',(#13490,#13491,#13492,#13493));
#13495=FACE_OUTER_BOUND('',#13494,.F.);
#13496=ADVANCED_FACE('',(#13495),#13489,.F.);
#13497=CARTESIAN_POINT('',(-1.8365E1,1.E1,0.E0));
#13498=DIRECTION('',(-1.E0,0.E0,0.E0));
#13499=DIRECTION('',(0.E0,0.E0,1.E0));
#13500=AXIS2_PLACEMENT_3D('',#13497,#13498,#13499);
#13501=PLANE('',#13500);
#13502=ORIENTED_EDGE('',*,*,#7822,.T.);
#13504=ORIENTED_EDGE('',*,*,#13503,.T.);
#13506=ORIENTED_EDGE('',*,*,#13505,.T.);
#13508=ORIENTED_EDGE('',*,*,#13507,.T.);
#13510=ORIENTED_EDGE('',*,*,#13509,.T.);
#13512=ORIENTED_EDGE('',*,*,#13511,.T.);
#13514=ORIENTED_EDGE('',*,*,#13513,.T.);
#13516=ORIENTED_EDGE('',*,*,#13515,.T.);
#13517=EDGE_LOOP('',(#13502,#13504,#13506,#13508,#13510,#13512,#13514,#13516));
#13518=FACE_OUTER_BOUND('',#13517,.F.);
#13519=ADVANCED_FACE('',(#13518),#13501,.F.);
#13520=CARTESIAN_POINT('',(-1.8365E1,1.E1,0.E0));
#13521=DIRECTION('',(-1.E0,0.E0,0.E0));
#13522=DIRECTION('',(0.E0,0.E0,1.E0));
#13523=AXIS2_PLACEMENT_3D('',#13520,#13521,#13522);
#13524=PLANE('',#13523);
#13526=ORIENTED_EDGE('',*,*,#13525,.T.);
#13527=ORIENTED_EDGE('',*,*,#13174,.F.);
#13529=ORIENTED_EDGE('',*,*,#13528,.T.);
#13531=ORIENTED_EDGE('',*,*,#13530,.T.);
#13532=EDGE_LOOP('',(#13526,#13527,#13529,#13531));
#13533=FACE_OUTER_BOUND('',#13532,.F.);
#13534=ADVANCED_FACE('',(#13533),#13524,.F.);
#13535=CARTESIAN_POINT('',(-1.8365E1,8.035E0,-4.7E0));
#13536=DIRECTION('',(0.E0,1.E0,0.E0));
#13537=DIRECTION('',(0.E0,0.E0,-1.E0));
#13538=AXIS2_PLACEMENT_3D('',#13535,#13536,#13537);
#13539=PLANE('',#13538);
#13540=ORIENTED_EDGE('',*,*,#7828,.T.);
#13542=ORIENTED_EDGE('',*,*,#13541,.T.);
#13544=ORIENTED_EDGE('',*,*,#13543,.F.);
#13545=ORIENTED_EDGE('',*,*,#13503,.F.);
#13546=EDGE_LOOP('',(#13540,#13542,#13544,#13545));
#13547=FACE_OUTER_BOUND('',#13546,.F.);
#13548=ADVANCED_FACE('',(#13547),#13539,.T.);
#13549=CARTESIAN_POINT('',(-1.8365E1,8.035E0,-4.7E0));
#13550=DIRECTION('',(0.E0,1.E0,0.E0));
#13551=DIRECTION('',(0.E0,0.E0,-1.E0));
#13552=AXIS2_PLACEMENT_3D('',#13549,#13550,#13551);
#13553=PLANE('',#13552);
#13554=ORIENTED_EDGE('',*,*,#13525,.F.);
#13556=ORIENTED_EDGE('',*,*,#13555,.T.);
#13558=ORIENTED_EDGE('',*,*,#13557,.T.);
#13559=ORIENTED_EDGE('',*,*,#13176,.F.);
#13560=EDGE_LOOP('',(#13554,#13556,#13558,#13559));
#13561=FACE_OUTER_BOUND('',#13560,.F.);
#13562=ADVANCED_FACE('',(#13561),#13553,.T.);
#13563=CARTESIAN_POINT('',(-1.9435E1,1.E1,0.E0));
#13564=DIRECTION('',(-1.E0,0.E0,0.E0));
#13565=DIRECTION('',(0.E0,0.E0,1.E0));
#13566=AXIS2_PLACEMENT_3D('',#13563,#13564,#13565);
#13567=PLANE('',#13566);
#13568=ORIENTED_EDGE('',*,*,#7826,.F.);
#13570=ORIENTED_EDGE('',*,*,#13569,.F.);
#13572=ORIENTED_EDGE('',*,*,#13571,.F.);
#13574=ORIENTED_EDGE('',*,*,#13573,.F.);
#13576=ORIENTED_EDGE('',*,*,#13575,.F.);
#13578=ORIENTED_EDGE('',*,*,#13577,.F.);
#13580=ORIENTED_EDGE('',*,*,#13579,.F.);
#13581=ORIENTED_EDGE('',*,*,#13541,.F.);
#13582=EDGE_LOOP('',(#13568,#13570,#13572,#13574,#13576,#13578,#13580,#13581));
#13583=FACE_OUTER_BOUND('',#13582,.F.);
#13584=ADVANCED_FACE('',(#13583),#13567,.T.);
#13585=CARTESIAN_POINT('',(-1.9435E1,1.E1,0.E0));
#13586=DIRECTION('',(-1.E0,0.E0,0.E0));
#13587=DIRECTION('',(0.E0,0.E0,1.E0));
#13588=AXIS2_PLACEMENT_3D('',#13585,#13586,#13587);
#13589=PLANE('',#13588);
#13590=ORIENTED_EDGE('',*,*,#13557,.F.);
#13592=ORIENTED_EDGE('',*,*,#13591,.F.);
#13594=ORIENTED_EDGE('',*,*,#13593,.F.);
#13595=ORIENTED_EDGE('',*,*,#13178,.T.);
#13596=EDGE_LOOP('',(#13590,#13592,#13594,#13595));
#13597=FACE_OUTER_BOUND('',#13596,.F.);
#13598=ADVANCED_FACE('',(#13597),#13589,.T.);
#13599=CARTESIAN_POINT('',(-1.8365E1,6.965E0,-1.8365E1));
#13600=DIRECTION('',(0.E0,-1.E0,0.E0));
#13601=DIRECTION('',(0.E0,0.E0,1.E0));
#13602=AXIS2_PLACEMENT_3D('',#13599,#13600,#13601);
#13603=PLANE('',#13602);
#13604=ORIENTED_EDGE('',*,*,#7824,.F.);
#13605=ORIENTED_EDGE('',*,*,#13515,.F.);
#13607=ORIENTED_EDGE('',*,*,#13606,.T.);
#13608=ORIENTED_EDGE('',*,*,#13569,.T.);
#13609=EDGE_LOOP('',(#13604,#13605,#13607,#13608));
#13610=FACE_OUTER_BOUND('',#13609,.F.);
#13611=ADVANCED_FACE('',(#13610),#13603,.T.);
#13612=CARTESIAN_POINT('',(-1.8365E1,6.965E0,-1.8365E1));
#13613=DIRECTION('',(0.E0,-1.E0,0.E0));
#13614=DIRECTION('',(0.E0,0.E0,1.E0));
#13615=AXIS2_PLACEMENT_3D('',#13612,#13613,#13614);
#13616=PLANE('',#13615);
#13617=ORIENTED_EDGE('',*,*,#13528,.F.);
#13618=ORIENTED_EDGE('',*,*,#13180,.T.);
#13619=ORIENTED_EDGE('',*,*,#13593,.T.);
#13621=ORIENTED_EDGE('',*,*,#13620,.F.);
#13622=EDGE_LOOP('',(#13617,#13618,#13619,#13621));
#13623=FACE_OUTER_BOUND('',#13622,.F.);
#13624=ADVANCED_FACE('',(#13623),#13616,.T.);
#13625=CARTESIAN_POINT('',(-1.8365E1,6.465E0,-1.8365E1));
#13626=DIRECTION('',(-1.E0,0.E0,0.E0));
#13627=DIRECTION('',(0.E0,0.E0,1.E0));
#13628=AXIS2_PLACEMENT_3D('',#13625,#13626,#13627);
#13629=CYLINDRICAL_SURFACE('',#13628,5.E-1);
#13630=ORIENTED_EDGE('',*,*,#13513,.F.);
#13632=ORIENTED_EDGE('',*,*,#13631,.T.);
#13633=ORIENTED_EDGE('',*,*,#13571,.T.);
#13634=ORIENTED_EDGE('',*,*,#13606,.F.);
#13635=EDGE_LOOP('',(#13630,#13632,#13633,#13634));
#13636=FACE_OUTER_BOUND('',#13635,.F.);
#13637=ADVANCED_FACE('',(#13636),#13629,.F.);
#13638=CARTESIAN_POINT('',(-1.8365E1,-3.3E0,-1.8865E1));
#13639=DIRECTION('',(0.E0,0.E0,1.E0));
#13640=DIRECTION('',(0.E0,1.E0,0.E0));
#13641=AXIS2_PLACEMENT_3D('',#13638,#13639,#13640);
#13642=PLANE('',#13641);
#13643=ORIENTED_EDGE('',*,*,#13511,.F.);
#13645=ORIENTED_EDGE('',*,*,#13644,.T.);
#13646=ORIENTED_EDGE('',*,*,#13573,.T.);
#13647=ORIENTED_EDGE('',*,*,#13631,.F.);
#13648=EDGE_LOOP('',(#13643,#13645,#13646,#13647));
#13649=FACE_OUTER_BOUND('',#13648,.F.);
#13650=ADVANCED_FACE('',(#13649),#13642,.T.);
#13651=CARTESIAN_POINT('',(-1.8365E1,-3.3E0,-1.9935E1));
#13652=DIRECTION('',(0.E0,-1.E0,0.E0));
#13653=DIRECTION('',(0.E0,0.E0,1.E0));
#13654=AXIS2_PLACEMENT_3D('',#13651,#13652,#13653);
#13655=PLANE('',#13654);
#13656=ORIENTED_EDGE('',*,*,#13509,.F.);
#13658=ORIENTED_EDGE('',*,*,#13657,.T.);
#13659=ORIENTED_EDGE('',*,*,#13575,.T.);
#13660=ORIENTED_EDGE('',*,*,#13644,.F.);
#13661=EDGE_LOOP('',(#13656,#13658,#13659,#13660));
#13662=FACE_OUTER_BOUND('',#13661,.F.);
#13663=ADVANCED_FACE('',(#13662),#13655,.T.);
#13664=CARTESIAN_POINT('',(-1.8365E1,6.465E0,-1.9935E1));
#13665=DIRECTION('',(0.E0,0.E0,-1.E0));
#13666=DIRECTION('',(0.E0,-1.E0,0.E0));
#13667=AXIS2_PLACEMENT_3D('',#13664,#13665,#13666);
#13668=PLANE('',#13667);
#13669=ORIENTED_EDGE('',*,*,#13507,.F.);
#13671=ORIENTED_EDGE('',*,*,#13670,.T.);
#13672=ORIENTED_EDGE('',*,*,#13577,.T.);
#13673=ORIENTED_EDGE('',*,*,#13657,.F.);
#13674=EDGE_LOOP('',(#13669,#13671,#13672,#13673));
#13675=FACE_OUTER_BOUND('',#13674,.F.);
#13676=ADVANCED_FACE('',(#13675),#13668,.T.);
#13677=CARTESIAN_POINT('',(-1.8365E1,6.465E0,-1.8365E1));
#13678=DIRECTION('',(-1.E0,0.E0,0.E0));
#13679=DIRECTION('',(0.E0,0.E0,1.E0));
#13680=AXIS2_PLACEMENT_3D('',#13677,#13678,#13679);
#13681=CYLINDRICAL_SURFACE('',#13680,1.57E0);
#13682=ORIENTED_EDGE('',*,*,#13505,.F.);
#13683=ORIENTED_EDGE('',*,*,#13543,.T.);
#13684=ORIENTED_EDGE('',*,*,#13579,.T.);
#13685=ORIENTED_EDGE('',*,*,#13670,.F.);
#13686=EDGE_LOOP('',(#13682,#13683,#13684,#13685));
#13687=FACE_OUTER_BOUND('',#13686,.F.);
#13688=ADVANCED_FACE('',(#13687),#13681,.T.);
#13689=CARTESIAN_POINT('',(-1.8365E1,6.965E0,-4.7E0));
#13690=DIRECTION('',(0.E0,0.E0,1.E0));
#13691=DIRECTION('',(0.E0,1.E0,0.E0));
#13692=AXIS2_PLACEMENT_3D('',#13689,#13690,#13691);
#13693=PLANE('',#13692);
#13694=ORIENTED_EDGE('',*,*,#13530,.F.);
#13695=ORIENTED_EDGE('',*,*,#13620,.T.);
#13696=ORIENTED_EDGE('',*,*,#13591,.T.);
#13697=ORIENTED_EDGE('',*,*,#13555,.F.);
#13698=EDGE_LOOP('',(#13694,#13695,#13696,#13697));
#13699=FACE_OUTER_BOUND('',#13698,.F.);
#13700=ADVANCED_FACE('',(#13699),#13693,.T.);
#13701=CARTESIAN_POINT('',(-1.4165E1,1.E1,0.E0));
#13702=DIRECTION('',(-1.E0,0.E0,0.E0));
#13703=DIRECTION('',(0.E0,0.E0,1.E0));
#13704=AXIS2_PLACEMENT_3D('',#13701,#13702,#13703);
#13705=PLANE('',#13704);
#13706=ORIENTED_EDGE('',*,*,#7932,.T.);
#13708=ORIENTED_EDGE('',*,*,#13707,.T.);
#13710=ORIENTED_EDGE('',*,*,#13709,.T.);
#13712=ORIENTED_EDGE('',*,*,#13711,.T.);
#13714=ORIENTED_EDGE('',*,*,#13713,.T.);
#13716=ORIENTED_EDGE('',*,*,#13715,.T.);
#13718=ORIENTED_EDGE('',*,*,#13717,.T.);
#13720=ORIENTED_EDGE('',*,*,#13719,.T.);
#13721=EDGE_LOOP('',(#13706,#13708,#13710,#13712,#13714,#13716,#13718,#13720));
#13722=FACE_OUTER_BOUND('',#13721,.F.);
#13723=ADVANCED_FACE('',(#13722),#13705,.F.);
#13724=CARTESIAN_POINT('',(-1.4165E1,1.E1,0.E0));
#13725=DIRECTION('',(-1.E0,0.E0,0.E0));
#13726=DIRECTION('',(0.E0,0.E0,1.E0));
#13727=AXIS2_PLACEMENT_3D('',#13724,#13725,#13726);
#13728=PLANE('',#13727);
#13730=ORIENTED_EDGE('',*,*,#13729,.T.);
#13731=ORIENTED_EDGE('',*,*,#13204,.F.);
#13733=ORIENTED_EDGE('',*,*,#13732,.T.);
#13735=ORIENTED_EDGE('',*,*,#13734,.T.);
#13736=EDGE_LOOP('',(#13730,#13731,#13733,#13735));
#13737=FACE_OUTER_BOUND('',#13736,.F.);
#13738=ADVANCED_FACE('',(#13737),#13728,.F.);
#13739=CARTESIAN_POINT('',(-1.4165E1,3.835E0,-4.7E0));
#13740=DIRECTION('',(0.E0,1.E0,0.E0));
#13741=DIRECTION('',(0.E0,0.E0,-1.E0));
#13742=AXIS2_PLACEMENT_3D('',#13739,#13740,#13741);
#13743=PLANE('',#13742);
#13744=ORIENTED_EDGE('',*,*,#7938,.T.);
#13746=ORIENTED_EDGE('',*,*,#13745,.T.);
#13748=ORIENTED_EDGE('',*,*,#13747,.F.);
#13749=ORIENTED_EDGE('',*,*,#13707,.F.);
#13750=EDGE_LOOP('',(#13744,#13746,#13748,#13749));
#13751=FACE_OUTER_BOUND('',#13750,.F.);
#13752=ADVANCED_FACE('',(#13751),#13743,.T.);
#13753=CARTESIAN_POINT('',(-1.4165E1,3.835E0,-4.7E0));
#13754=DIRECTION('',(0.E0,1.E0,0.E0));
#13755=DIRECTION('',(0.E0,0.E0,-1.E0));
#13756=AXIS2_PLACEMENT_3D('',#13753,#13754,#13755);
#13757=PLANE('',#13756);
#13758=ORIENTED_EDGE('',*,*,#13729,.F.);
#13760=ORIENTED_EDGE('',*,*,#13759,.T.);
#13762=ORIENTED_EDGE('',*,*,#13761,.T.);
#13763=ORIENTED_EDGE('',*,*,#13206,.F.);
#13764=EDGE_LOOP('',(#13758,#13760,#13762,#13763));
#13765=FACE_OUTER_BOUND('',#13764,.F.);
#13766=ADVANCED_FACE('',(#13765),#13757,.T.);
#13767=CARTESIAN_POINT('',(-1.5235E1,1.E1,0.E0));
#13768=DIRECTION('',(-1.E0,0.E0,0.E0));
#13769=DIRECTION('',(0.E0,0.E0,1.E0));
#13770=AXIS2_PLACEMENT_3D('',#13767,#13768,#13769);
#13771=PLANE('',#13770);
#13772=ORIENTED_EDGE('',*,*,#7936,.F.);
#13774=ORIENTED_EDGE('',*,*,#13773,.F.);
#13776=ORIENTED_EDGE('',*,*,#13775,.F.);
#13778=ORIENTED_EDGE('',*,*,#13777,.F.);
#13780=ORIENTED_EDGE('',*,*,#13779,.F.);
#13782=ORIENTED_EDGE('',*,*,#13781,.F.);
#13784=ORIENTED_EDGE('',*,*,#13783,.F.);
#13785=ORIENTED_EDGE('',*,*,#13745,.F.);
#13786=EDGE_LOOP('',(#13772,#13774,#13776,#13778,#13780,#13782,#13784,#13785));
#13787=FACE_OUTER_BOUND('',#13786,.F.);
#13788=ADVANCED_FACE('',(#13787),#13771,.T.);
#13789=CARTESIAN_POINT('',(-1.5235E1,1.E1,0.E0));
#13790=DIRECTION('',(-1.E0,0.E0,0.E0));
#13791=DIRECTION('',(0.E0,0.E0,1.E0));
#13792=AXIS2_PLACEMENT_3D('',#13789,#13790,#13791);
#13793=PLANE('',#13792);
#13794=ORIENTED_EDGE('',*,*,#13761,.F.);
#13796=ORIENTED_EDGE('',*,*,#13795,.F.);
#13798=ORIENTED_EDGE('',*,*,#13797,.F.);
#13799=ORIENTED_EDGE('',*,*,#13208,.T.);
#13800=EDGE_LOOP('',(#13794,#13796,#13798,#13799));
#13801=FACE_OUTER_BOUND('',#13800,.F.);
#13802=ADVANCED_FACE('',(#13801),#13793,.T.);
#13803=CARTESIAN_POINT('',(-1.4165E1,2.765E0,-1.3065E1));
#13804=DIRECTION('',(0.E0,-1.E0,0.E0));
#13805=DIRECTION('',(0.E0,0.E0,1.E0));
#13806=AXIS2_PLACEMENT_3D('',#13803,#13804,#13805);
#13807=PLANE('',#13806);
#13808=ORIENTED_EDGE('',*,*,#7934,.F.);
#13809=ORIENTED_EDGE('',*,*,#13719,.F.);
#13811=ORIENTED_EDGE('',*,*,#13810,.T.);
#13812=ORIENTED_EDGE('',*,*,#13773,.T.);
#13813=EDGE_LOOP('',(#13808,#13809,#13811,#13812));
#13814=FACE_OUTER_BOUND('',#13813,.F.);
#13815=ADVANCED_FACE('',(#13814),#13807,.T.);
#13816=CARTESIAN_POINT('',(-1.4165E1,2.765E0,-1.3065E1));
#13817=DIRECTION('',(0.E0,-1.E0,0.E0));
#13818=DIRECTION('',(0.E0,0.E0,1.E0));
#13819=AXIS2_PLACEMENT_3D('',#13816,#13817,#13818);
#13820=PLANE('',#13819);
#13821=ORIENTED_EDGE('',*,*,#13732,.F.);
#13822=ORIENTED_EDGE('',*,*,#13210,.T.);
#13823=ORIENTED_EDGE('',*,*,#13797,.T.);
#13825=ORIENTED_EDGE('',*,*,#13824,.F.);
#13826=EDGE_LOOP('',(#13821,#13822,#13823,#13825));
#13827=FACE_OUTER_BOUND('',#13826,.F.);
#13828=ADVANCED_FACE('',(#13827),#13820,.T.);
#13829=CARTESIAN_POINT('',(-1.4165E1,2.465E0,-1.3065E1));
#13830=DIRECTION('',(-1.E0,0.E0,0.E0));
#13831=DIRECTION('',(0.E0,0.E0,1.E0));
#13832=AXIS2_PLACEMENT_3D('',#13829,#13830,#13831);
#13833=CYLINDRICAL_SURFACE('',#13832,3.E-1);
#13834=ORIENTED_EDGE('',*,*,#13717,.F.);
#13836=ORIENTED_EDGE('',*,*,#13835,.T.);
#13837=ORIENTED_EDGE('',*,*,#13775,.T.);
#13838=ORIENTED_EDGE('',*,*,#13810,.F.);
#13839=EDGE_LOOP('',(#13834,#13836,#13837,#13838));
#13840=FACE_OUTER_BOUND('',#13839,.F.);
#13841=ADVANCED_FACE('',(#13840),#13833,.F.);
#13842=CARTESIAN_POINT('',(-1.4165E1,-3.3E0,-1.3365E1));
#13843=DIRECTION('',(0.E0,0.E0,1.E0));
#13844=DIRECTION('',(0.E0,1.E0,0.E0));
#13845=AXIS2_PLACEMENT_3D('',#13842,#13843,#13844);
#13846=PLANE('',#13845);
#13847=ORIENTED_EDGE('',*,*,#13715,.F.);
#13849=ORIENTED_EDGE('',*,*,#13848,.T.);
#13850=ORIENTED_EDGE('',*,*,#13777,.T.);
#13851=ORIENTED_EDGE('',*,*,#13835,.F.);
#13852=EDGE_LOOP('',(#13847,#13849,#13850,#13851));
#13853=FACE_OUTER_BOUND('',#13852,.F.);
#13854=ADVANCED_FACE('',(#13853),#13846,.T.);
#13855=CARTESIAN_POINT('',(-1.4165E1,-3.3E0,-1.4435E1));
#13856=DIRECTION('',(0.E0,-1.E0,0.E0));
#13857=DIRECTION('',(0.E0,0.E0,1.E0));
#13858=AXIS2_PLACEMENT_3D('',#13855,#13856,#13857);
#13859=PLANE('',#13858);
#13860=ORIENTED_EDGE('',*,*,#13713,.F.);
#13862=ORIENTED_EDGE('',*,*,#13861,.T.);
#13863=ORIENTED_EDGE('',*,*,#13779,.T.);
#13864=ORIENTED_EDGE('',*,*,#13848,.F.);
#13865=EDGE_LOOP('',(#13860,#13862,#13863,#13864));
#13866=FACE_OUTER_BOUND('',#13865,.F.);
#13867=ADVANCED_FACE('',(#13866),#13859,.T.);
#13868=CARTESIAN_POINT('',(-1.4165E1,2.465E0,-1.4435E1));
#13869=DIRECTION('',(0.E0,0.E0,-1.E0));
#13870=DIRECTION('',(0.E0,-1.E0,0.E0));
#13871=AXIS2_PLACEMENT_3D('',#13868,#13869,#13870);
#13872=PLANE('',#13871);
#13873=ORIENTED_EDGE('',*,*,#13711,.F.);
#13875=ORIENTED_EDGE('',*,*,#13874,.T.);
#13876=ORIENTED_EDGE('',*,*,#13781,.T.);
#13877=ORIENTED_EDGE('',*,*,#13861,.F.);
#13878=EDGE_LOOP('',(#13873,#13875,#13876,#13877));
#13879=FACE_OUTER_BOUND('',#13878,.F.);
#13880=ADVANCED_FACE('',(#13879),#13872,.T.);
#13881=CARTESIAN_POINT('',(-1.4165E1,2.465E0,-1.3065E1));
#13882=DIRECTION('',(-1.E0,0.E0,0.E0));
#13883=DIRECTION('',(0.E0,0.E0,1.E0));
#13884=AXIS2_PLACEMENT_3D('',#13881,#13882,#13883);
#13885=CYLINDRICAL_SURFACE('',#13884,1.37E0);
#13886=ORIENTED_EDGE('',*,*,#13709,.F.);
#13887=ORIENTED_EDGE('',*,*,#13747,.T.);
#13888=ORIENTED_EDGE('',*,*,#13783,.T.);
#13889=ORIENTED_EDGE('',*,*,#13874,.F.);
#13890=EDGE_LOOP('',(#13886,#13887,#13888,#13889));
#13891=FACE_OUTER_BOUND('',#13890,.F.);
#13892=ADVANCED_FACE('',(#13891),#13885,.T.);
#13893=CARTESIAN_POINT('',(-1.4165E1,2.765E0,-4.7E0));
#13894=DIRECTION('',(0.E0,0.E0,1.E0));
#13895=DIRECTION('',(0.E0,1.E0,0.E0));
#13896=AXIS2_PLACEMENT_3D('',#13893,#13894,#13895);
#13897=PLANE('',#13896);
#13898=ORIENTED_EDGE('',*,*,#13734,.F.);
#13899=ORIENTED_EDGE('',*,*,#13824,.T.);
#13900=ORIENTED_EDGE('',*,*,#13795,.T.);
#13901=ORIENTED_EDGE('',*,*,#13759,.F.);
#13902=EDGE_LOOP('',(#13898,#13899,#13900,#13901));
#13903=FACE_OUTER_BOUND('',#13902,.F.);
#13904=ADVANCED_FACE('',(#13903),#13897,.T.);
#13905=CARTESIAN_POINT('',(-1.8365E1,1.E1,0.E0));
#13906=DIRECTION('',(-1.E0,0.E0,0.E0));
#13907=DIRECTION('',(0.E0,0.E0,1.E0));
#13908=AXIS2_PLACEMENT_3D('',#13905,#13906,#13907);
#13909=PLANE('',#13908);
#13910=ORIENTED_EDGE('',*,*,#7942,.T.);
#13912=ORIENTED_EDGE('',*,*,#13911,.T.);
#13914=ORIENTED_EDGE('',*,*,#13913,.T.);
#13916=ORIENTED_EDGE('',*,*,#13915,.T.);
#13918=ORIENTED_EDGE('',*,*,#13917,.T.);
#13920=ORIENTED_EDGE('',*,*,#13919,.T.);
#13922=ORIENTED_EDGE('',*,*,#13921,.T.);
#13924=ORIENTED_EDGE('',*,*,#13923,.T.);
#13925=EDGE_LOOP('',(#13910,#13912,#13914,#13916,#13918,#13920,#13922,#13924));
#13926=FACE_OUTER_BOUND('',#13925,.F.);
#13927=ADVANCED_FACE('',(#13926),#13909,.F.);
#13928=CARTESIAN_POINT('',(-1.8365E1,1.E1,0.E0));
#13929=DIRECTION('',(-1.E0,0.E0,0.E0));
#13930=DIRECTION('',(0.E0,0.E0,1.E0));
#13931=AXIS2_PLACEMENT_3D('',#13928,#13929,#13930);
#13932=PLANE('',#13931);
#13934=ORIENTED_EDGE('',*,*,#13933,.T.);
#13935=ORIENTED_EDGE('',*,*,#13148,.F.);
#13937=ORIENTED_EDGE('',*,*,#13936,.T.);
#13939=ORIENTED_EDGE('',*,*,#13938,.T.);
#13940=EDGE_LOOP('',(#13934,#13935,#13937,#13939));
#13941=FACE_OUTER_BOUND('',#13940,.F.);
#13942=ADVANCED_FACE('',(#13941),#13932,.F.);
#13943=CARTESIAN_POINT('',(-1.8365E1,3.835E0,-4.7E0));
#13944=DIRECTION('',(0.E0,1.E0,0.E0));
#13945=DIRECTION('',(0.E0,0.E0,-1.E0));
#13946=AXIS2_PLACEMENT_3D('',#13943,#13944,#13945);
#13947=PLANE('',#13946);
#13948=ORIENTED_EDGE('',*,*,#7948,.T.);
#13950=ORIENTED_EDGE('',*,*,#13949,.T.);
#13952=ORIENTED_EDGE('',*,*,#13951,.F.);
#13953=ORIENTED_EDGE('',*,*,#13911,.F.);
#13954=EDGE_LOOP('',(#13948,#13950,#13952,#13953));
#13955=FACE_OUTER_BOUND('',#13954,.F.);
#13956=ADVANCED_FACE('',(#13955),#13947,.T.);
#13957=CARTESIAN_POINT('',(-1.8365E1,3.835E0,-4.7E0));
#13958=DIRECTION('',(0.E0,1.E0,0.E0));
#13959=DIRECTION('',(0.E0,0.E0,-1.E0));
#13960=AXIS2_PLACEMENT_3D('',#13957,#13958,#13959);
#13961=PLANE('',#13960);
#13962=ORIENTED_EDGE('',*,*,#13933,.F.);
#13964=ORIENTED_EDGE('',*,*,#13963,.T.);
#13966=ORIENTED_EDGE('',*,*,#13965,.T.);
#13967=ORIENTED_EDGE('',*,*,#13150,.F.);
#13968=EDGE_LOOP('',(#13962,#13964,#13966,#13967));
#13969=FACE_OUTER_BOUND('',#13968,.F.);
#13970=ADVANCED_FACE('',(#13969),#13961,.T.);
#13971=CARTESIAN_POINT('',(-1.9435E1,1.E1,0.E0));
#13972=DIRECTION('',(-1.E0,0.E0,0.E0));
#13973=DIRECTION('',(0.E0,0.E0,1.E0));
#13974=AXIS2_PLACEMENT_3D('',#13971,#13972,#13973);
#13975=PLANE('',#13974);
#13976=ORIENTED_EDGE('',*,*,#7946,.F.);
#13978=ORIENTED_EDGE('',*,*,#13977,.F.);
#13980=ORIENTED_EDGE('',*,*,#13979,.F.);
#13982=ORIENTED_EDGE('',*,*,#13981,.F.);
#13984=ORIENTED_EDGE('',*,*,#13983,.F.);
#13986=ORIENTED_EDGE('',*,*,#13985,.F.);
#13988=ORIENTED_EDGE('',*,*,#13987,.F.);
#13989=ORIENTED_EDGE('',*,*,#13949,.F.);
#13990=EDGE_LOOP('',(#13976,#13978,#13980,#13982,#13984,#13986,#13988,#13989));
#13991=FACE_OUTER_BOUND('',#13990,.F.);
#13992=ADVANCED_FACE('',(#13991),#13975,.T.);
#13993=CARTESIAN_POINT('',(-1.9435E1,1.E1,0.E0));
#13994=DIRECTION('',(-1.E0,0.E0,0.E0));
#13995=DIRECTION('',(0.E0,0.E0,1.E0));
#13996=AXIS2_PLACEMENT_3D('',#13993,#13994,#13995);
#13997=PLANE('',#13996);
#13998=ORIENTED_EDGE('',*,*,#13965,.F.);
#14000=ORIENTED_EDGE('',*,*,#13999,.F.);
#14002=ORIENTED_EDGE('',*,*,#14001,.F.);
#14003=ORIENTED_EDGE('',*,*,#13152,.T.);
#14004=EDGE_LOOP('',(#13998,#14000,#14002,#14003));
#14005=FACE_OUTER_BOUND('',#14004,.F.);
#14006=ADVANCED_FACE('',(#14005),#13997,.T.);
#14007=CARTESIAN_POINT('',(-1.8365E1,2.765E0,-1.3065E1));
#14008=DIRECTION('',(0.E0,-1.E0,0.E0));
#14009=DIRECTION('',(0.E0,0.E0,1.E0));
#14010=AXIS2_PLACEMENT_3D('',#14007,#14008,#14009);
#14011=PLANE('',#14010);
#14012=ORIENTED_EDGE('',*,*,#7944,.F.);
#14013=ORIENTED_EDGE('',*,*,#13923,.F.);
#14015=ORIENTED_EDGE('',*,*,#14014,.T.);
#14016=ORIENTED_EDGE('',*,*,#13977,.T.);
#14017=EDGE_LOOP('',(#14012,#14013,#14015,#14016));
#14018=FACE_OUTER_BOUND('',#14017,.F.);
#14019=ADVANCED_FACE('',(#14018),#14011,.T.);
#14020=CARTESIAN_POINT('',(-1.8365E1,2.765E0,-1.3065E1));
#14021=DIRECTION('',(0.E0,-1.E0,0.E0));
#14022=DIRECTION('',(0.E0,0.E0,1.E0));
#14023=AXIS2_PLACEMENT_3D('',#14020,#14021,#14022);
#14024=PLANE('',#14023);
#14025=ORIENTED_EDGE('',*,*,#13936,.F.);
#14026=ORIENTED_EDGE('',*,*,#13154,.T.);
#14027=ORIENTED_EDGE('',*,*,#14001,.T.);
#14029=ORIENTED_EDGE('',*,*,#14028,.F.);
#14030=EDGE_LOOP('',(#14025,#14026,#14027,#14029));
#14031=FACE_OUTER_BOUND('',#14030,.F.);
#14032=ADVANCED_FACE('',(#14031),#14024,.T.);
#14033=CARTESIAN_POINT('',(-1.8365E1,2.465E0,-1.3065E1));
#14034=DIRECTION('',(-1.E0,0.E0,0.E0));
#14035=DIRECTION('',(0.E0,0.E0,1.E0));
#14036=AXIS2_PLACEMENT_3D('',#14033,#14034,#14035);
#14037=CYLINDRICAL_SURFACE('',#14036,3.E-1);
#14038=ORIENTED_EDGE('',*,*,#13921,.F.);
#14040=ORIENTED_EDGE('',*,*,#14039,.T.);
#14041=ORIENTED_EDGE('',*,*,#13979,.T.);
#14042=ORIENTED_EDGE('',*,*,#14014,.F.);
#14043=EDGE_LOOP('',(#14038,#14040,#14041,#14042));
#14044=FACE_OUTER_BOUND('',#14043,.F.);
#14045=ADVANCED_FACE('',(#14044),#14037,.F.);
#14046=CARTESIAN_POINT('',(-1.8365E1,-3.3E0,-1.3365E1));
#14047=DIRECTION('',(0.E0,0.E0,1.E0));
#14048=DIRECTION('',(0.E0,1.E0,0.E0));
#14049=AXIS2_PLACEMENT_3D('',#14046,#14047,#14048);
#14050=PLANE('',#14049);
#14051=ORIENTED_EDGE('',*,*,#13919,.F.);
#14053=ORIENTED_EDGE('',*,*,#14052,.T.);
#14054=ORIENTED_EDGE('',*,*,#13981,.T.);
#14055=ORIENTED_EDGE('',*,*,#14039,.F.);
#14056=EDGE_LOOP('',(#14051,#14053,#14054,#14055));
#14057=FACE_OUTER_BOUND('',#14056,.F.);
#14058=ADVANCED_FACE('',(#14057),#14050,.T.);
#14059=CARTESIAN_POINT('',(-1.8365E1,-3.3E0,-1.4435E1));
#14060=DIRECTION('',(0.E0,-1.E0,0.E0));
#14061=DIRECTION('',(0.E0,0.E0,1.E0));
#14062=AXIS2_PLACEMENT_3D('',#14059,#14060,#14061);
#14063=PLANE('',#14062);
#14064=ORIENTED_EDGE('',*,*,#13917,.F.);
#14066=ORIENTED_EDGE('',*,*,#14065,.T.);
#14067=ORIENTED_EDGE('',*,*,#13983,.T.);
#14068=ORIENTED_EDGE('',*,*,#14052,.F.);
#14069=EDGE_LOOP('',(#14064,#14066,#14067,#14068));
#14070=FACE_OUTER_BOUND('',#14069,.F.);
#14071=ADVANCED_FACE('',(#14070),#14063,.T.);
#14072=CARTESIAN_POINT('',(-1.8365E1,2.465E0,-1.4435E1));
#14073=DIRECTION('',(0.E0,0.E0,-1.E0));
#14074=DIRECTION('',(0.E0,-1.E0,0.E0));
#14075=AXIS2_PLACEMENT_3D('',#14072,#14073,#14074);
#14076=PLANE('',#14075);
#14077=ORIENTED_EDGE('',*,*,#13915,.F.);
#14079=ORIENTED_EDGE('',*,*,#14078,.T.);
#14080=ORIENTED_EDGE('',*,*,#13985,.T.);
#14081=ORIENTED_EDGE('',*,*,#14065,.F.);
#14082=EDGE_LOOP('',(#14077,#14079,#14080,#14081));
#14083=FACE_OUTER_BOUND('',#14082,.F.);
#14084=ADVANCED_FACE('',(#14083),#14076,.T.);
#14085=CARTESIAN_POINT('',(-1.8365E1,2.465E0,-1.3065E1));
#14086=DIRECTION('',(-1.E0,0.E0,0.E0));
#14087=DIRECTION('',(0.E0,0.E0,1.E0));
#14088=AXIS2_PLACEMENT_3D('',#14085,#14086,#14087);
#14089=CYLINDRICAL_SURFACE('',#14088,1.37E0);
#14090=ORIENTED_EDGE('',*,*,#13913,.F.);
#14091=ORIENTED_EDGE('',*,*,#13951,.T.);
#14092=ORIENTED_EDGE('',*,*,#13987,.T.);
#14093=ORIENTED_EDGE('',*,*,#14078,.F.);
#14094=EDGE_LOOP('',(#14090,#14091,#14092,#14093));
#14095=FACE_OUTER_BOUND('',#14094,.F.);
#14096=ADVANCED_FACE('',(#14095),#14089,.T.);
#14097=CARTESIAN_POINT('',(-1.8365E1,2.765E0,-4.7E0));
#14098=DIRECTION('',(0.E0,0.E0,1.E0));
#14099=DIRECTION('',(0.E0,1.E0,0.E0));
#14100=AXIS2_PLACEMENT_3D('',#14097,#14098,#14099);
#14101=PLANE('',#14100);
#14102=ORIENTED_EDGE('',*,*,#13938,.F.);
#14103=ORIENTED_EDGE('',*,*,#14028,.T.);
#14104=ORIENTED_EDGE('',*,*,#13999,.T.);
#14105=ORIENTED_EDGE('',*,*,#13963,.F.);
#14106=EDGE_LOOP('',(#14102,#14103,#14104,#14105));
#14107=FACE_OUTER_BOUND('',#14106,.F.);
#14108=ADVANCED_FACE('',(#14107),#14101,.T.);
#14109=CARTESIAN_POINT('',(-1.4165E1,6.965E0,-4.7E0));
#14110=DIRECTION('',(0.E0,0.E0,1.E0));
#14111=DIRECTION('',(0.E0,1.E0,0.E0));
#14112=AXIS2_PLACEMENT_3D('',#14109,#14110,#14111);
#14113=PLANE('',#14112);
#14114=ORIENTED_EDGE('',*,*,#12967,.F.);
#14115=ORIENTED_EDGE('',*,*,#13060,.T.);
#14116=ORIENTED_EDGE('',*,*,#13029,.T.);
#14117=ORIENTED_EDGE('',*,*,#12992,.F.);
#14118=EDGE_LOOP('',(#14114,#14115,#14116,#14117));
#14119=FACE_OUTER_BOUND('',#14118,.F.);
#14120=ADVANCED_FACE('',(#14119),#14113,.T.);
#14121=CARTESIAN_POINT('',(-2.2565E1,1.E1,0.E0));
#14122=DIRECTION('',(-1.E0,0.E0,0.E0));
#14123=DIRECTION('',(0.E0,0.E0,1.E0));
#14124=AXIS2_PLACEMENT_3D('',#14121,#14122,#14123);
#14125=PLANE('',#14124);
#14126=ORIENTED_EDGE('',*,*,#7832,.T.);
#14128=ORIENTED_EDGE('',*,*,#14127,.T.);
#14130=ORIENTED_EDGE('',*,*,#14129,.T.);
#14132=ORIENTED_EDGE('',*,*,#14131,.T.);
#14134=ORIENTED_EDGE('',*,*,#14133,.T.);
#14136=ORIENTED_EDGE('',*,*,#14135,.T.);
#14138=ORIENTED_EDGE('',*,*,#14137,.T.);
#14140=ORIENTED_EDGE('',*,*,#14139,.T.);
#14141=EDGE_LOOP('',(#14126,#14128,#14130,#14132,#14134,#14136,#14138,#14140));
#14142=FACE_OUTER_BOUND('',#14141,.F.);
#14143=ADVANCED_FACE('',(#14142),#14125,.F.);
#14144=CARTESIAN_POINT('',(-2.2565E1,1.E1,0.E0));
#14145=DIRECTION('',(-1.E0,0.E0,0.E0));
#14146=DIRECTION('',(0.E0,0.E0,1.E0));
#14147=AXIS2_PLACEMENT_3D('',#14144,#14145,#14146);
#14148=PLANE('',#14147);
#14150=ORIENTED_EDGE('',*,*,#14149,.F.);
#14152=ORIENTED_EDGE('',*,*,#14151,.T.);
#14154=ORIENTED_EDGE('',*,*,#14153,.T.);
#14156=ORIENTED_EDGE('',*,*,#14155,.T.);
#14157=EDGE_LOOP('',(#14150,#14152,#14154,#14156));
#14158=FACE_OUTER_BOUND('',#14157,.F.);
#14159=ADVANCED_FACE('',(#14158),#14148,.F.);
#14160=CARTESIAN_POINT('',(-2.2565E1,8.035E0,-4.7E0));
#14161=DIRECTION('',(0.E0,1.E0,0.E0));
#14162=DIRECTION('',(0.E0,0.E0,-1.E0));
#14163=AXIS2_PLACEMENT_3D('',#14160,#14161,#14162);
#14164=PLANE('',#14163);
#14165=ORIENTED_EDGE('',*,*,#7838,.T.);
#14167=ORIENTED_EDGE('',*,*,#14166,.T.);
#14169=ORIENTED_EDGE('',*,*,#14168,.F.);
#14170=ORIENTED_EDGE('',*,*,#14127,.F.);
#14171=EDGE_LOOP('',(#14165,#14167,#14169,#14170));
#14172=FACE_OUTER_BOUND('',#14171,.F.);
#14173=ADVANCED_FACE('',(#14172),#14164,.T.);
#14174=CARTESIAN_POINT('',(-2.2565E1,8.035E0,-4.7E0));
#14175=DIRECTION('',(0.E0,1.E0,0.E0));
#14176=DIRECTION('',(0.E0,0.E0,-1.E0));
#14177=AXIS2_PLACEMENT_3D('',#14174,#14175,#14176);
#14178=PLANE('',#14177);
#14180=ORIENTED_EDGE('',*,*,#14179,.F.);
#14181=ORIENTED_EDGE('',*,*,#14155,.F.);
#14183=ORIENTED_EDGE('',*,*,#14182,.T.);
#14185=ORIENTED_EDGE('',*,*,#14184,.T.);
#14186=EDGE_LOOP('',(#14180,#14181,#14183,#14185));
#14187=FACE_OUTER_BOUND('',#14186,.F.);
#14188=ADVANCED_FACE('',(#14187),#14178,.T.);
#14189=CARTESIAN_POINT('',(-2.3635E1,1.E1,0.E0));
#14190=DIRECTION('',(-1.E0,0.E0,0.E0));
#14191=DIRECTION('',(0.E0,0.E0,1.E0));
#14192=AXIS2_PLACEMENT_3D('',#14189,#14190,#14191);
#14193=PLANE('',#14192);
#14194=ORIENTED_EDGE('',*,*,#7836,.F.);
#14196=ORIENTED_EDGE('',*,*,#14195,.F.);
#14198=ORIENTED_EDGE('',*,*,#14197,.F.);
#14200=ORIENTED_EDGE('',*,*,#14199,.F.);
#14202=ORIENTED_EDGE('',*,*,#14201,.F.);
#14204=ORIENTED_EDGE('',*,*,#14203,.F.);
#14206=ORIENTED_EDGE('',*,*,#14205,.F.);
#14207=ORIENTED_EDGE('',*,*,#14166,.F.);
#14208=EDGE_LOOP('',(#14194,#14196,#14198,#14200,#14202,#14204,#14206,#14207));
#14209=FACE_OUTER_BOUND('',#14208,.F.);
#14210=ADVANCED_FACE('',(#14209),#14193,.T.);
#14211=CARTESIAN_POINT('',(-2.3635E1,1.E1,0.E0));
#14212=DIRECTION('',(-1.E0,0.E0,0.E0));
#14213=DIRECTION('',(0.E0,0.E0,1.E0));
#14214=AXIS2_PLACEMENT_3D('',#14211,#14212,#14213);
#14215=PLANE('',#14214);
#14217=ORIENTED_EDGE('',*,*,#14216,.T.);
#14218=ORIENTED_EDGE('',*,*,#14184,.F.);
#14220=ORIENTED_EDGE('',*,*,#14219,.F.);
#14222=ORIENTED_EDGE('',*,*,#14221,.F.);
#14223=EDGE_LOOP('',(#14217,#14218,#14220,#14222));
#14224=FACE_OUTER_BOUND('',#14223,.F.);
#14225=ADVANCED_FACE('',(#14224),#14215,.T.);
#14226=CARTESIAN_POINT('',(-2.2565E1,6.965E0,-1.8365E1));
#14227=DIRECTION('',(0.E0,-1.E0,0.E0));
#14228=DIRECTION('',(0.E0,0.E0,1.E0));
#14229=AXIS2_PLACEMENT_3D('',#14226,#14227,#14228);
#14230=PLANE('',#14229);
#14231=ORIENTED_EDGE('',*,*,#7834,.F.);
#14232=ORIENTED_EDGE('',*,*,#14139,.F.);
#14234=ORIENTED_EDGE('',*,*,#14233,.T.);
#14235=ORIENTED_EDGE('',*,*,#14195,.T.);
#14236=EDGE_LOOP('',(#14231,#14232,#14234,#14235));
#14237=FACE_OUTER_BOUND('',#14236,.F.);
#14238=ADVANCED_FACE('',(#14237),#14230,.T.);
#14239=CARTESIAN_POINT('',(-2.2565E1,6.965E0,-1.8365E1));
#14240=DIRECTION('',(0.E0,-1.E0,0.E0));
#14241=DIRECTION('',(0.E0,0.E0,1.E0));
#14242=AXIS2_PLACEMENT_3D('',#14239,#14240,#14241);
#14243=PLANE('',#14242);
#14245=ORIENTED_EDGE('',*,*,#14244,.T.);
#14246=ORIENTED_EDGE('',*,*,#14221,.T.);
#14248=ORIENTED_EDGE('',*,*,#14247,.F.);
#14249=ORIENTED_EDGE('',*,*,#14151,.F.);
#14250=EDGE_LOOP('',(#14245,#14246,#14248,#14249));
#14251=FACE_OUTER_BOUND('',#14250,.F.);
#14252=ADVANCED_FACE('',(#14251),#14243,.T.);
#14253=CARTESIAN_POINT('',(-2.2565E1,6.465E0,-1.8365E1));
#14254=DIRECTION('',(-1.E0,0.E0,0.E0));
#14255=DIRECTION('',(0.E0,0.E0,1.E0));
#14256=AXIS2_PLACEMENT_3D('',#14253,#14254,#14255);
#14257=CYLINDRICAL_SURFACE('',#14256,5.E-1);
#14258=ORIENTED_EDGE('',*,*,#14137,.F.);
#14260=ORIENTED_EDGE('',*,*,#14259,.T.);
#14261=ORIENTED_EDGE('',*,*,#14197,.T.);
#14262=ORIENTED_EDGE('',*,*,#14233,.F.);
#14263=EDGE_LOOP('',(#14258,#14260,#14261,#14262));
#14264=FACE_OUTER_BOUND('',#14263,.F.);
#14265=ADVANCED_FACE('',(#14264),#14257,.F.);
#14266=CARTESIAN_POINT('',(-2.2565E1,-3.3E0,-1.8865E1));
#14267=DIRECTION('',(0.E0,0.E0,1.E0));
#14268=DIRECTION('',(0.E0,1.E0,0.E0));
#14269=AXIS2_PLACEMENT_3D('',#14266,#14267,#14268);
#14270=PLANE('',#14269);
#14271=ORIENTED_EDGE('',*,*,#14135,.F.);
#14273=ORIENTED_EDGE('',*,*,#14272,.T.);
#14274=ORIENTED_EDGE('',*,*,#14199,.T.);
#14275=ORIENTED_EDGE('',*,*,#14259,.F.);
#14276=EDGE_LOOP('',(#14271,#14273,#14274,#14275));
#14277=FACE_OUTER_BOUND('',#14276,.F.);
#14278=ADVANCED_FACE('',(#14277),#14270,.T.);
#14279=CARTESIAN_POINT('',(-2.2565E1,-3.3E0,-1.9935E1));
#14280=DIRECTION('',(0.E0,-1.E0,0.E0));
#14281=DIRECTION('',(0.E0,0.E0,1.E0));
#14282=AXIS2_PLACEMENT_3D('',#14279,#14280,#14281);
#14283=PLANE('',#14282);
#14284=ORIENTED_EDGE('',*,*,#14133,.F.);
#14286=ORIENTED_EDGE('',*,*,#14285,.T.);
#14287=ORIENTED_EDGE('',*,*,#14201,.T.);
#14288=ORIENTED_EDGE('',*,*,#14272,.F.);
#14289=EDGE_LOOP('',(#14284,#14286,#14287,#14288));
#14290=FACE_OUTER_BOUND('',#14289,.F.);
#14291=ADVANCED_FACE('',(#14290),#14283,.T.);
#14292=CARTESIAN_POINT('',(-2.2565E1,6.465E0,-1.9935E1));
#14293=DIRECTION('',(0.E0,0.E0,-1.E0));
#14294=DIRECTION('',(0.E0,-1.E0,0.E0));
#14295=AXIS2_PLACEMENT_3D('',#14292,#14293,#14294);
#14296=PLANE('',#14295);
#14297=ORIENTED_EDGE('',*,*,#14131,.F.);
#14299=ORIENTED_EDGE('',*,*,#14298,.T.);
#14300=ORIENTED_EDGE('',*,*,#14203,.T.);
#14301=ORIENTED_EDGE('',*,*,#14285,.F.);
#14302=EDGE_LOOP('',(#14297,#14299,#14300,#14301));
#14303=FACE_OUTER_BOUND('',#14302,.F.);
#14304=ADVANCED_FACE('',(#14303),#14296,.T.);
#14305=CARTESIAN_POINT('',(-2.2565E1,6.465E0,-1.8365E1));
#14306=DIRECTION('',(-1.E0,0.E0,0.E0));
#14307=DIRECTION('',(0.E0,0.E0,1.E0));
#14308=AXIS2_PLACEMENT_3D('',#14305,#14306,#14307);
#14309=CYLINDRICAL_SURFACE('',#14308,1.57E0);
#14310=ORIENTED_EDGE('',*,*,#14129,.F.);
#14311=ORIENTED_EDGE('',*,*,#14168,.T.);
#14312=ORIENTED_EDGE('',*,*,#14205,.T.);
#14313=ORIENTED_EDGE('',*,*,#14298,.F.);
#14314=EDGE_LOOP('',(#14310,#14311,#14312,#14313));
#14315=FACE_OUTER_BOUND('',#14314,.F.);
#14316=ADVANCED_FACE('',(#14315),#14309,.T.);
#14317=CARTESIAN_POINT('',(0.E0,0.E0,-1.E1));
#14318=DIRECTION('',(0.E0,0.E0,1.E0));
#14319=DIRECTION('',(1.E0,0.E0,0.E0));
#14320=AXIS2_PLACEMENT_3D('',#14317,#14318,#14319);
#14321=PLANE('',#14320);
#14323=ORIENTED_EDGE('',*,*,#14322,.F.);
#14325=ORIENTED_EDGE('',*,*,#14324,.F.);
#14327=ORIENTED_EDGE('',*,*,#14326,.F.);
#14329=ORIENTED_EDGE('',*,*,#14328,.F.);
#14330=EDGE_LOOP('',(#14323,#14325,#14327,#14329));
#14331=FACE_OUTER_BOUND('',#14330,.F.);
#14333=ORIENTED_EDGE('',*,*,#14332,.T.);
#14335=ORIENTED_EDGE('',*,*,#14334,.T.);
#14337=ORIENTED_EDGE('',*,*,#14336,.F.);
#14339=ORIENTED_EDGE('',*,*,#14338,.F.);
#14340=EDGE_LOOP('',(#14333,#14335,#14337,#14339));
#14341=FACE_BOUND('',#14340,.F.);
#14342=ADVANCED_FACE('',(#14331,#14341),#14321,.T.);
#14343=CARTESIAN_POINT('',(0.E0,0.E0,-1.E1));
#14344=DIRECTION('',(0.E0,0.E0,1.E0));
#14345=DIRECTION('',(1.E0,0.E0,0.E0));
#14346=AXIS2_PLACEMENT_3D('',#14343,#14344,#14345);
#14347=PLANE('',#14346);
#14349=ORIENTED_EDGE('',*,*,#14348,.F.);
#14351=ORIENTED_EDGE('',*,*,#14350,.F.);
#14353=ORIENTED_EDGE('',*,*,#14352,.F.);
#14355=ORIENTED_EDGE('',*,*,#14354,.F.);
#14357=ORIENTED_EDGE('',*,*,#14356,.F.);
#14359=ORIENTED_EDGE('',*,*,#14358,.F.);
#14360=EDGE_LOOP('',(#14349,#14351,#14353,#14355,#14357,#14359));
#14361=FACE_OUTER_BOUND('',#14360,.F.);
#14362=ORIENTED_EDGE('',*,*,#14149,.T.);
#14363=ORIENTED_EDGE('',*,*,#14179,.T.);
#14364=ORIENTED_EDGE('',*,*,#14216,.F.);
#14365=ORIENTED_EDGE('',*,*,#14244,.F.);
#14366=EDGE_LOOP('',(#14362,#14363,#14364,#14365));
#14367=FACE_BOUND('',#14366,.F.);
#14368=ADVANCED_FACE('',(#14361,#14367),#14347,.T.);
#14369=CARTESIAN_POINT('',(-2.5E1,4.9E0,0.E0));
#14370=DIRECTION('',(-1.E0,0.E0,0.E0));
#14371=DIRECTION('',(0.E0,-1.E0,0.E0));
#14372=AXIS2_PLACEMENT_3D('',#14369,#14370,#14371);
#14373=PLANE('',#14372);
#14374=ORIENTED_EDGE('',*,*,#7196,.F.);
#14376=ORIENTED_EDGE('',*,*,#14375,.T.);
#14377=ORIENTED_EDGE('',*,*,#14322,.T.);
#14379=ORIENTED_EDGE('',*,*,#14378,.F.);
#14380=EDGE_LOOP('',(#14374,#14376,#14377,#14379));
#14381=FACE_OUTER_BOUND('',#14380,.F.);
#14382=ADVANCED_FACE('',(#14381),#14373,.F.);
#14383=CARTESIAN_POINT('',(-2.12E1,4.9E0,0.E0));
#14384=DIRECTION('',(0.E0,1.E0,0.E0));
#14385=DIRECTION('',(-1.E0,0.E0,0.E0));
#14386=AXIS2_PLACEMENT_3D('',#14383,#14384,#14385);
#14387=PLANE('',#14386);
#14388=ORIENTED_EDGE('',*,*,#7202,.F.);
#14390=ORIENTED_EDGE('',*,*,#14389,.T.);
#14391=ORIENTED_EDGE('',*,*,#14324,.T.);
#14392=ORIENTED_EDGE('',*,*,#14375,.F.);
#14393=EDGE_LOOP('',(#14388,#14390,#14391,#14392));
#14394=FACE_OUTER_BOUND('',#14393,.F.);
#14395=ADVANCED_FACE('',(#14394),#14387,.F.);
#14396=CARTESIAN_POINT('',(-2.12E1,1.3E0,0.E0));
#14397=DIRECTION('',(1.E0,0.E0,0.E0));
#14398=DIRECTION('',(0.E0,1.E0,0.E0));
#14399=AXIS2_PLACEMENT_3D('',#14396,#14397,#14398);
#14400=PLANE('',#14399);
#14401=ORIENTED_EDGE('',*,*,#7200,.F.);
#14403=ORIENTED_EDGE('',*,*,#14402,.T.);
#14404=ORIENTED_EDGE('',*,*,#14326,.T.);
#14405=ORIENTED_EDGE('',*,*,#14389,.F.);
#14406=EDGE_LOOP('',(#14401,#14403,#14404,#14405));
#14407=FACE_OUTER_BOUND('',#14406,.F.);
#14408=ADVANCED_FACE('',(#14407),#14400,.F.);
#14409=CARTESIAN_POINT('',(-2.5E1,1.3E0,0.E0));
#14410=DIRECTION('',(0.E0,-1.E0,0.E0));
#14411=DIRECTION('',(1.E0,0.E0,0.E0));
#14412=AXIS2_PLACEMENT_3D('',#14409,#14410,#14411);
#14413=PLANE('',#14412);
#14414=ORIENTED_EDGE('',*,*,#7198,.F.);
#14415=ORIENTED_EDGE('',*,*,#14378,.T.);
#14416=ORIENTED_EDGE('',*,*,#14328,.T.);
#14417=ORIENTED_EDGE('',*,*,#14402,.F.);
#14418=EDGE_LOOP('',(#14414,#14415,#14416,#14417));
#14419=FACE_OUTER_BOUND('',#14418,.F.);
#14420=ADVANCED_FACE('',(#14419),#14413,.F.);
#14421=CARTESIAN_POINT('',(-2.5E1,9.1E0,0.E0));
#14422=DIRECTION('',(-1.E0,0.E0,0.E0));
#14423=DIRECTION('',(0.E0,-1.E0,0.E0));
#14424=AXIS2_PLACEMENT_3D('',#14421,#14422,#14423);
#14425=PLANE('',#14424);
#14426=ORIENTED_EDGE('',*,*,#7206,.F.);
#14428=ORIENTED_EDGE('',*,*,#14427,.T.);
#14429=ORIENTED_EDGE('',*,*,#14348,.T.);
#14431=ORIENTED_EDGE('',*,*,#14430,.F.);
#14432=EDGE_LOOP('',(#14426,#14428,#14429,#14431));
#14433=FACE_OUTER_BOUND('',#14432,.F.);
#14434=ADVANCED_FACE('',(#14433),#14425,.F.);
#14435=CARTESIAN_POINT('',(-2.12E1,9.1E0,0.E0));
#14436=DIRECTION('',(0.E0,1.E0,0.E0));
#14437=DIRECTION('',(-1.E0,0.E0,0.E0));
#14438=AXIS2_PLACEMENT_3D('',#14435,#14436,#14437);
#14439=PLANE('',#14438);
#14440=ORIENTED_EDGE('',*,*,#7216,.F.);
#14442=ORIENTED_EDGE('',*,*,#14441,.T.);
#14443=ORIENTED_EDGE('',*,*,#14350,.T.);
#14444=ORIENTED_EDGE('',*,*,#14427,.F.);
#14445=EDGE_LOOP('',(#14440,#14442,#14443,#14444));
#14446=FACE_OUTER_BOUND('',#14445,.F.);
#14447=ADVANCED_FACE('',(#14446),#14439,.F.);
#14448=CARTESIAN_POINT('',(-2.12E1,6.3E0,0.E0));
#14449=DIRECTION('',(1.E0,0.E0,0.E0));
#14450=DIRECTION('',(0.E0,1.E0,0.E0));
#14451=AXIS2_PLACEMENT_3D('',#14448,#14449,#14450);
#14452=PLANE('',#14451);
#14453=ORIENTED_EDGE('',*,*,#7214,.F.);
#14455=ORIENTED_EDGE('',*,*,#14454,.T.);
#14456=ORIENTED_EDGE('',*,*,#14352,.T.);
#14457=ORIENTED_EDGE('',*,*,#14441,.F.);
#14458=EDGE_LOOP('',(#14453,#14455,#14456,#14457));
#14459=FACE_OUTER_BOUND('',#14458,.F.);
#14460=ADVANCED_FACE('',(#14459),#14452,.F.);
#14461=CARTESIAN_POINT('',(-2.2E1,5.5E0,0.E0));
#14462=DIRECTION('',(7.071067811865E-1,-7.071067811865E-1,0.E0));
#14463=DIRECTION('',(7.071067811865E-1,7.071067811865E-1,0.E0));
#14464=AXIS2_PLACEMENT_3D('',#14461,#14462,#14463);
#14465=PLANE('',#14464);
#14466=ORIENTED_EDGE('',*,*,#7212,.F.);
#14468=ORIENTED_EDGE('',*,*,#14467,.T.);
#14469=ORIENTED_EDGE('',*,*,#14354,.T.);
#14470=ORIENTED_EDGE('',*,*,#14454,.F.);
#14471=EDGE_LOOP('',(#14466,#14468,#14469,#14470));
#14472=FACE_OUTER_BOUND('',#14471,.F.);
#14473=ADVANCED_FACE('',(#14472),#14465,.F.);
#14474=CARTESIAN_POINT('',(-2.42E1,5.5E0,0.E0));
#14475=DIRECTION('',(0.E0,-1.E0,0.E0));
#14476=DIRECTION('',(1.E0,0.E0,0.E0));
#14477=AXIS2_PLACEMENT_3D('',#14474,#14475,#14476);
#14478=PLANE('',#14477);
#14479=ORIENTED_EDGE('',*,*,#7210,.F.);
#14481=ORIENTED_EDGE('',*,*,#14480,.T.);
#14482=ORIENTED_EDGE('',*,*,#14356,.T.);
#14483=ORIENTED_EDGE('',*,*,#14467,.F.);
#14484=EDGE_LOOP('',(#14479,#14481,#14482,#14483));
#14485=FACE_OUTER_BOUND('',#14484,.F.);
#14486=ADVANCED_FACE('',(#14485),#14478,.F.);
#14487=CARTESIAN_POINT('',(-2.5E1,6.3E0,0.E0));
#14488=DIRECTION('',(-7.071067811865E-1,-7.071067811865E-1,0.E0));
#14489=DIRECTION('',(7.071067811865E-1,-7.071067811865E-1,0.E0));
#14490=AXIS2_PLACEMENT_3D('',#14487,#14488,#14489);
#14491=PLANE('',#14490);
#14492=ORIENTED_EDGE('',*,*,#7208,.F.);
#14493=ORIENTED_EDGE('',*,*,#14430,.T.);
#14494=ORIENTED_EDGE('',*,*,#14358,.T.);
#14495=ORIENTED_EDGE('',*,*,#14480,.F.);
#14496=EDGE_LOOP('',(#14492,#14493,#14494,#14495));
#14497=FACE_OUTER_BOUND('',#14496,.F.);
#14498=ADVANCED_FACE('',(#14497),#14491,.F.);
#14499=CARTESIAN_POINT('',(-2.2565E1,1.E1,0.E0));
#14500=DIRECTION('',(-1.E0,0.E0,0.E0));
#14501=DIRECTION('',(0.E0,0.E0,1.E0));
#14502=AXIS2_PLACEMENT_3D('',#14499,#14500,#14501);
#14503=PLANE('',#14502);
#14504=ORIENTED_EDGE('',*,*,#7952,.T.);
#14506=ORIENTED_EDGE('',*,*,#14505,.T.);
#14508=ORIENTED_EDGE('',*,*,#14507,.T.);
#14510=ORIENTED_EDGE('',*,*,#14509,.T.);
#14512=ORIENTED_EDGE('',*,*,#14511,.T.);
#14514=ORIENTED_EDGE('',*,*,#14513,.T.);
#14516=ORIENTED_EDGE('',*,*,#14515,.T.);
#14518=ORIENTED_EDGE('',*,*,#14517,.T.);
#14519=EDGE_LOOP('',(#14504,#14506,#14508,#14510,#14512,#14514,#14516,#14518));
#14520=FACE_OUTER_BOUND('',#14519,.F.);
#14521=ADVANCED_FACE('',(#14520),#14503,.F.);
#14522=CARTESIAN_POINT('',(-2.2565E1,1.E1,0.E0));
#14523=DIRECTION('',(-1.E0,0.E0,0.E0));
#14524=DIRECTION('',(0.E0,0.E0,1.E0));
#14525=AXIS2_PLACEMENT_3D('',#14522,#14523,#14524);
#14526=PLANE('',#14525);
#14527=ORIENTED_EDGE('',*,*,#14332,.F.);
#14529=ORIENTED_EDGE('',*,*,#14528,.T.);
#14531=ORIENTED_EDGE('',*,*,#14530,.T.);
#14533=ORIENTED_EDGE('',*,*,#14532,.T.);
#14534=EDGE_LOOP('',(#14527,#14529,#14531,#14533));
#14535=FACE_OUTER_BOUND('',#14534,.F.);
#14536=ADVANCED_FACE('',(#14535),#14526,.F.);
#14537=CARTESIAN_POINT('',(-2.2565E1,3.835E0,-4.7E0));
#14538=DIRECTION('',(0.E0,1.E0,0.E0));
#14539=DIRECTION('',(0.E0,0.E0,-1.E0));
#14540=AXIS2_PLACEMENT_3D('',#14537,#14538,#14539);
#14541=PLANE('',#14540);
#14542=ORIENTED_EDGE('',*,*,#7958,.T.);
#14544=ORIENTED_EDGE('',*,*,#14543,.T.);
#14546=ORIENTED_EDGE('',*,*,#14545,.F.);
#14547=ORIENTED_EDGE('',*,*,#14505,.F.);
#14548=EDGE_LOOP('',(#14542,#14544,#14546,#14547));
#14549=FACE_OUTER_BOUND('',#14548,.F.);
#14550=ADVANCED_FACE('',(#14549),#14541,.T.);
#14551=CARTESIAN_POINT('',(-2.2565E1,3.835E0,-4.7E0));
#14552=DIRECTION('',(0.E0,1.E0,0.E0));
#14553=DIRECTION('',(0.E0,0.E0,-1.E0));
#14554=AXIS2_PLACEMENT_3D('',#14551,#14552,#14553);
#14555=PLANE('',#14554);
#14556=ORIENTED_EDGE('',*,*,#14334,.F.);
#14557=ORIENTED_EDGE('',*,*,#14532,.F.);
#14559=ORIENTED_EDGE('',*,*,#14558,.T.);
#14561=ORIENTED_EDGE('',*,*,#14560,.T.);
#14562=EDGE_LOOP('',(#14556,#14557,#14559,#14561));
#14563=FACE_OUTER_BOUND('',#14562,.F.);
#14564=ADVANCED_FACE('',(#14563),#14555,.T.);
#14565=CARTESIAN_POINT('',(-2.3635E1,1.E1,0.E0));
#14566=DIRECTION('',(-1.E0,0.E0,0.E0));
#14567=DIRECTION('',(0.E0,0.E0,1.E0));
#14568=AXIS2_PLACEMENT_3D('',#14565,#14566,#14567);
#14569=PLANE('',#14568);
#14570=ORIENTED_EDGE('',*,*,#7956,.F.);
#14572=ORIENTED_EDGE('',*,*,#14571,.F.);
#14574=ORIENTED_EDGE('',*,*,#14573,.F.);
#14576=ORIENTED_EDGE('',*,*,#14575,.F.);
#14578=ORIENTED_EDGE('',*,*,#14577,.F.);
#14580=ORIENTED_EDGE('',*,*,#14579,.F.);
#14582=ORIENTED_EDGE('',*,*,#14581,.F.);
#14583=ORIENTED_EDGE('',*,*,#14543,.F.);
#14584=EDGE_LOOP('',(#14570,#14572,#14574,#14576,#14578,#14580,#14582,#14583));
#14585=FACE_OUTER_BOUND('',#14584,.F.);
#14586=ADVANCED_FACE('',(#14585),#14569,.T.);
#14587=CARTESIAN_POINT('',(-2.3635E1,1.E1,0.E0));
#14588=DIRECTION('',(-1.E0,0.E0,0.E0));
#14589=DIRECTION('',(0.E0,0.E0,1.E0));
#14590=AXIS2_PLACEMENT_3D('',#14587,#14588,#14589);
#14591=PLANE('',#14590);
#14592=ORIENTED_EDGE('',*,*,#14336,.T.);
#14593=ORIENTED_EDGE('',*,*,#14560,.F.);
#14595=ORIENTED_EDGE('',*,*,#14594,.F.);
#14597=ORIENTED_EDGE('',*,*,#14596,.F.);
#14598=EDGE_LOOP('',(#14592,#14593,#14595,#14597));
#14599=FACE_OUTER_BOUND('',#14598,.F.);
#14600=ADVANCED_FACE('',(#14599),#14591,.T.);
#14601=CARTESIAN_POINT('',(-2.2565E1,2.765E0,-1.3065E1));
#14602=DIRECTION('',(0.E0,-1.E0,0.E0));
#14603=DIRECTION('',(0.E0,0.E0,1.E0));
#14604=AXIS2_PLACEMENT_3D('',#14601,#14602,#14603);
#14605=PLANE('',#14604);
#14606=ORIENTED_EDGE('',*,*,#7954,.F.);
#14607=ORIENTED_EDGE('',*,*,#14517,.F.);
#14609=ORIENTED_EDGE('',*,*,#14608,.T.);
#14610=ORIENTED_EDGE('',*,*,#14571,.T.);
#14611=EDGE_LOOP('',(#14606,#14607,#14609,#14610));
#14612=FACE_OUTER_BOUND('',#14611,.F.);
#14613=ADVANCED_FACE('',(#14612),#14605,.T.);
#14614=CARTESIAN_POINT('',(-2.2565E1,2.765E0,-1.3065E1));
#14615=DIRECTION('',(0.E0,-1.E0,0.E0));
#14616=DIRECTION('',(0.E0,0.E0,1.E0));
#14617=AXIS2_PLACEMENT_3D('',#14614,#14615,#14616);
#14618=PLANE('',#14617);
#14619=ORIENTED_EDGE('',*,*,#14338,.T.);
#14620=ORIENTED_EDGE('',*,*,#14596,.T.);
#14622=ORIENTED_EDGE('',*,*,#14621,.F.);
#14623=ORIENTED_EDGE('',*,*,#14528,.F.);
#14624=EDGE_LOOP('',(#14619,#14620,#14622,#14623));
#14625=FACE_OUTER_BOUND('',#14624,.F.);
#14626=ADVANCED_FACE('',(#14625),#14618,.T.);
#14627=CARTESIAN_POINT('',(-2.2565E1,2.465E0,-1.3065E1));
#14628=DIRECTION('',(-1.E0,0.E0,0.E0));
#14629=DIRECTION('',(0.E0,0.E0,1.E0));
#14630=AXIS2_PLACEMENT_3D('',#14627,#14628,#14629);
#14631=CYLINDRICAL_SURFACE('',#14630,3.E-1);
#14632=ORIENTED_EDGE('',*,*,#14515,.F.);
#14634=ORIENTED_EDGE('',*,*,#14633,.T.);
#14635=ORIENTED_EDGE('',*,*,#14573,.T.);
#14636=ORIENTED_EDGE('',*,*,#14608,.F.);
#14637=EDGE_LOOP('',(#14632,#14634,#14635,#14636));
#14638=FACE_OUTER_BOUND('',#14637,.F.);
#14639=ADVANCED_FACE('',(#14638),#14631,.F.);
#14640=CARTESIAN_POINT('',(-2.2565E1,-3.3E0,-1.3365E1));
#14641=DIRECTION('',(0.E0,0.E0,1.E0));
#14642=DIRECTION('',(0.E0,1.E0,0.E0));
#14643=AXIS2_PLACEMENT_3D('',#14640,#14641,#14642);
#14644=PLANE('',#14643);
#14645=ORIENTED_EDGE('',*,*,#14513,.F.);
#14647=ORIENTED_EDGE('',*,*,#14646,.T.);
#14648=ORIENTED_EDGE('',*,*,#14575,.T.);
#14649=ORIENTED_EDGE('',*,*,#14633,.F.);
#14650=EDGE_LOOP('',(#14645,#14647,#14648,#14649));
#14651=FACE_OUTER_BOUND('',#14650,.F.);
#14652=ADVANCED_FACE('',(#14651),#14644,.T.);
#14653=CARTESIAN_POINT('',(-2.2565E1,-3.3E0,-1.4435E1));
#14654=DIRECTION('',(0.E0,-1.E0,0.E0));
#14655=DIRECTION('',(0.E0,0.E0,1.E0));
#14656=AXIS2_PLACEMENT_3D('',#14653,#14654,#14655);
#14657=PLANE('',#14656);
#14658=ORIENTED_EDGE('',*,*,#14511,.F.);
#14660=ORIENTED_EDGE('',*,*,#14659,.T.);
#14661=ORIENTED_EDGE('',*,*,#14577,.T.);
#14662=ORIENTED_EDGE('',*,*,#14646,.F.);
#14663=EDGE_LOOP('',(#14658,#14660,#14661,#14662));
#14664=FACE_OUTER_BOUND('',#14663,.F.);
#14665=ADVANCED_FACE('',(#14664),#14657,.T.);
#14666=CARTESIAN_POINT('',(-2.2565E1,2.465E0,-1.4435E1));
#14667=DIRECTION('',(0.E0,0.E0,-1.E0));
#14668=DIRECTION('',(0.E0,-1.E0,0.E0));
#14669=AXIS2_PLACEMENT_3D('',#14666,#14667,#14668);
#14670=PLANE('',#14669);
#14671=ORIENTED_EDGE('',*,*,#14509,.F.);
#14673=ORIENTED_EDGE('',*,*,#14672,.T.);
#14674=ORIENTED_EDGE('',*,*,#14579,.T.);
#14675=ORIENTED_EDGE('',*,*,#14659,.F.);
#14676=EDGE_LOOP('',(#14671,#14673,#14674,#14675));
#14677=FACE_OUTER_BOUND('',#14676,.F.);
#14678=ADVANCED_FACE('',(#14677),#14670,.T.);
#14679=CARTESIAN_POINT('',(-2.2565E1,2.465E0,-1.3065E1));
#14680=DIRECTION('',(-1.E0,0.E0,0.E0));
#14681=DIRECTION('',(0.E0,0.E0,1.E0));
#14682=AXIS2_PLACEMENT_3D('',#14679,#14680,#14681);
#14683=CYLINDRICAL_SURFACE('',#14682,1.37E0);
#14684=ORIENTED_EDGE('',*,*,#14507,.F.);
#14685=ORIENTED_EDGE('',*,*,#14545,.T.);
#14686=ORIENTED_EDGE('',*,*,#14581,.T.);
#14687=ORIENTED_EDGE('',*,*,#14672,.F.);
#14688=EDGE_LOOP('',(#14684,#14685,#14686,#14687));
#14689=FACE_OUTER_BOUND('',#14688,.F.);
#14690=ADVANCED_FACE('',(#14689),#14683,.T.);
#14691=CARTESIAN_POINT('',(-2.2565E1,2.765E0,-4.7E0));
#14692=DIRECTION('',(0.E0,0.E0,1.E0));
#14693=DIRECTION('',(0.E0,1.E0,0.E0));
#14694=AXIS2_PLACEMENT_3D('',#14691,#14692,#14693);
#14695=PLANE('',#14694);
#14696=ORIENTED_EDGE('',*,*,#14530,.F.);
#14697=ORIENTED_EDGE('',*,*,#14621,.T.);
#14698=ORIENTED_EDGE('',*,*,#14594,.T.);
#14699=ORIENTED_EDGE('',*,*,#14558,.F.);
#14700=EDGE_LOOP('',(#14696,#14697,#14698,#14699));
#14701=FACE_OUTER_BOUND('',#14700,.F.);
#14702=ADVANCED_FACE('',(#14701),#14695,.T.);
#14703=CARTESIAN_POINT('',(-2.2565E1,6.965E0,-4.7E0));
#14704=DIRECTION('',(0.E0,0.E0,1.E0));
#14705=DIRECTION('',(0.E0,1.E0,0.E0));
#14706=AXIS2_PLACEMENT_3D('',#14703,#14704,#14705);
#14707=PLANE('',#14706);
#14708=ORIENTED_EDGE('',*,*,#14153,.F.);
#14709=ORIENTED_EDGE('',*,*,#14247,.T.);
#14710=ORIENTED_EDGE('',*,*,#14219,.T.);
#14711=ORIENTED_EDGE('',*,*,#14182,.F.);
#14712=EDGE_LOOP('',(#14708,#14709,#14710,#14711));
#14713=FACE_OUTER_BOUND('',#14712,.F.);
#14714=ADVANCED_FACE('',(#14713),#14707,.T.);
#14715=CARTESIAN_POINT('',(2.3635E1,1.E1,0.E0));
#14716=DIRECTION('',(-1.E0,0.E0,0.E0));
#14717=DIRECTION('',(0.E0,0.E0,1.E0));
#14718=AXIS2_PLACEMENT_3D('',#14715,#14716,#14717);
#14719=PLANE('',#14718);
#14720=ORIENTED_EDGE('',*,*,#7842,.T.);
#14722=ORIENTED_EDGE('',*,*,#14721,.T.);
#14724=ORIENTED_EDGE('',*,*,#14723,.T.);
#14726=ORIENTED_EDGE('',*,*,#14725,.T.);
#14728=ORIENTED_EDGE('',*,*,#14727,.T.);
#14730=ORIENTED_EDGE('',*,*,#14729,.T.);
#14732=ORIENTED_EDGE('',*,*,#14731,.T.);
#14734=ORIENTED_EDGE('',*,*,#14733,.T.);
#14735=EDGE_LOOP('',(#14720,#14722,#14724,#14726,#14728,#14730,#14732,#14734));
#14736=FACE_OUTER_BOUND('',#14735,.F.);
#14737=ADVANCED_FACE('',(#14736),#14719,.F.);
#14738=CARTESIAN_POINT('',(2.3635E1,1.E1,0.E0));
#14739=DIRECTION('',(-1.E0,0.E0,0.E0));
#14740=DIRECTION('',(0.E0,0.E0,1.E0));
#14741=AXIS2_PLACEMENT_3D('',#14738,#14739,#14740);
#14742=PLANE('',#14741);
#14743=ORIENTED_EDGE('',*,*,#7538,.F.);
#14745=ORIENTED_EDGE('',*,*,#14744,.T.);
#14747=ORIENTED_EDGE('',*,*,#14746,.T.);
#14749=ORIENTED_EDGE('',*,*,#14748,.T.);
#14750=EDGE_LOOP('',(#14743,#14745,#14747,#14749));
#14751=FACE_OUTER_BOUND('',#14750,.F.);
#14752=ADVANCED_FACE('',(#14751),#14742,.F.);
#14753=CARTESIAN_POINT('',(2.3635E1,3.835E0,-4.7E0));
#14754=DIRECTION('',(0.E0,1.E0,0.E0));
#14755=DIRECTION('',(0.E0,0.E0,-1.E0));
#14756=AXIS2_PLACEMENT_3D('',#14753,#14754,#14755);
#14757=PLANE('',#14756);
#14758=ORIENTED_EDGE('',*,*,#7848,.T.);
#14760=ORIENTED_EDGE('',*,*,#14759,.T.);
#14762=ORIENTED_EDGE('',*,*,#14761,.F.);
#14763=ORIENTED_EDGE('',*,*,#14721,.F.);
#14764=EDGE_LOOP('',(#14758,#14760,#14762,#14763));
#14765=FACE_OUTER_BOUND('',#14764,.F.);
#14766=ADVANCED_FACE('',(#14765),#14757,.T.);
#14767=CARTESIAN_POINT('',(2.3635E1,3.835E0,-4.7E0));
#14768=DIRECTION('',(0.E0,1.E0,0.E0));
#14769=DIRECTION('',(0.E0,0.E0,-1.E0));
#14770=AXIS2_PLACEMENT_3D('',#14767,#14768,#14769);
#14771=PLANE('',#14770);
#14772=ORIENTED_EDGE('',*,*,#7540,.F.);
#14773=ORIENTED_EDGE('',*,*,#14748,.F.);
#14775=ORIENTED_EDGE('',*,*,#14774,.T.);
#14777=ORIENTED_EDGE('',*,*,#14776,.T.);
#14778=EDGE_LOOP('',(#14772,#14773,#14775,#14777));
#14779=FACE_OUTER_BOUND('',#14778,.F.);
#14780=ADVANCED_FACE('',(#14779),#14771,.T.);
#14781=CARTESIAN_POINT('',(2.2565E1,1.E1,0.E0));
#14782=DIRECTION('',(-1.E0,0.E0,0.E0));
#14783=DIRECTION('',(0.E0,0.E0,1.E0));
#14784=AXIS2_PLACEMENT_3D('',#14781,#14782,#14783);
#14785=PLANE('',#14784);
#14786=ORIENTED_EDGE('',*,*,#7846,.F.);
#14788=ORIENTED_EDGE('',*,*,#14787,.F.);
#14790=ORIENTED_EDGE('',*,*,#14789,.F.);
#14792=ORIENTED_EDGE('',*,*,#14791,.F.);
#14794=ORIENTED_EDGE('',*,*,#14793,.F.);
#14796=ORIENTED_EDGE('',*,*,#14795,.F.);
#14798=ORIENTED_EDGE('',*,*,#14797,.F.);
#14799=ORIENTED_EDGE('',*,*,#14759,.F.);
#14800=EDGE_LOOP('',(#14786,#14788,#14790,#14792,#14794,#14796,#14798,#14799));
#14801=FACE_OUTER_BOUND('',#14800,.F.);
#14802=ADVANCED_FACE('',(#14801),#14785,.T.);
#14803=CARTESIAN_POINT('',(2.2565E1,1.E1,0.E0));
#14804=DIRECTION('',(-1.E0,0.E0,0.E0));
#14805=DIRECTION('',(0.E0,0.E0,1.E0));
#14806=AXIS2_PLACEMENT_3D('',#14803,#14804,#14805);
#14807=PLANE('',#14806);
#14808=ORIENTED_EDGE('',*,*,#7542,.T.);
#14809=ORIENTED_EDGE('',*,*,#14776,.F.);
#14811=ORIENTED_EDGE('',*,*,#14810,.F.);
#14813=ORIENTED_EDGE('',*,*,#14812,.F.);
#14814=EDGE_LOOP('',(#14808,#14809,#14811,#14813));
#14815=FACE_OUTER_BOUND('',#14814,.F.);
#14816=ADVANCED_FACE('',(#14815),#14807,.T.);
#14817=CARTESIAN_POINT('',(2.3635E1,2.765E0,-1.3065E1));
#14818=DIRECTION('',(0.E0,-1.E0,0.E0));
#14819=DIRECTION('',(0.E0,0.E0,1.E0));
#14820=AXIS2_PLACEMENT_3D('',#14817,#14818,#14819);
#14821=PLANE('',#14820);
#14822=ORIENTED_EDGE('',*,*,#7844,.F.);
#14823=ORIENTED_EDGE('',*,*,#14733,.F.);
#14825=ORIENTED_EDGE('',*,*,#14824,.T.);
#14826=ORIENTED_EDGE('',*,*,#14787,.T.);
#14827=EDGE_LOOP('',(#14822,#14823,#14825,#14826));
#14828=FACE_OUTER_BOUND('',#14827,.F.);
#14829=ADVANCED_FACE('',(#14828),#14821,.T.);
#14830=CARTESIAN_POINT('',(2.3635E1,2.765E0,-1.3065E1));
#14831=DIRECTION('',(0.E0,-1.E0,0.E0));
#14832=DIRECTION('',(0.E0,0.E0,1.E0));
#14833=AXIS2_PLACEMENT_3D('',#14830,#14831,#14832);
#14834=PLANE('',#14833);
#14835=ORIENTED_EDGE('',*,*,#7544,.T.);
#14836=ORIENTED_EDGE('',*,*,#14812,.T.);
#14838=ORIENTED_EDGE('',*,*,#14837,.F.);
#14839=ORIENTED_EDGE('',*,*,#14744,.F.);
#14840=EDGE_LOOP('',(#14835,#14836,#14838,#14839));
#14841=FACE_OUTER_BOUND('',#14840,.F.);
#14842=ADVANCED_FACE('',(#14841),#14834,.T.);
#14843=CARTESIAN_POINT('',(2.3635E1,2.465E0,-1.3065E1));
#14844=DIRECTION('',(-1.E0,0.E0,0.E0));
#14845=DIRECTION('',(0.E0,0.E0,1.E0));
#14846=AXIS2_PLACEMENT_3D('',#14843,#14844,#14845);
#14847=CYLINDRICAL_SURFACE('',#14846,3.E-1);
#14848=ORIENTED_EDGE('',*,*,#14731,.F.);
#14850=ORIENTED_EDGE('',*,*,#14849,.T.);
#14851=ORIENTED_EDGE('',*,*,#14789,.T.);
#14852=ORIENTED_EDGE('',*,*,#14824,.F.);
#14853=EDGE_LOOP('',(#14848,#14850,#14851,#14852));
#14854=FACE_OUTER_BOUND('',#14853,.F.);
#14855=ADVANCED_FACE('',(#14854),#14847,.F.);
#14856=CARTESIAN_POINT('',(2.3635E1,-3.3E0,-1.3365E1));
#14857=DIRECTION('',(0.E0,0.E0,1.E0));
#14858=DIRECTION('',(0.E0,1.E0,0.E0));
#14859=AXIS2_PLACEMENT_3D('',#14856,#14857,#14858);
#14860=PLANE('',#14859);
#14861=ORIENTED_EDGE('',*,*,#14729,.F.);
#14863=ORIENTED_EDGE('',*,*,#14862,.T.);
#14864=ORIENTED_EDGE('',*,*,#14791,.T.);
#14865=ORIENTED_EDGE('',*,*,#14849,.F.);
#14866=EDGE_LOOP('',(#14861,#14863,#14864,#14865));
#14867=FACE_OUTER_BOUND('',#14866,.F.);
#14868=ADVANCED_FACE('',(#14867),#14860,.T.);
#14869=CARTESIAN_POINT('',(2.3635E1,-3.3E0,-1.4435E1));
#14870=DIRECTION('',(0.E0,-1.E0,0.E0));
#14871=DIRECTION('',(0.E0,0.E0,1.E0));
#14872=AXIS2_PLACEMENT_3D('',#14869,#14870,#14871);
#14873=PLANE('',#14872);
#14874=ORIENTED_EDGE('',*,*,#14727,.F.);
#14876=ORIENTED_EDGE('',*,*,#14875,.T.);
#14877=ORIENTED_EDGE('',*,*,#14793,.T.);
#14878=ORIENTED_EDGE('',*,*,#14862,.F.);
#14879=EDGE_LOOP('',(#14874,#14876,#14877,#14878));
#14880=FACE_OUTER_BOUND('',#14879,.F.);
#14881=ADVANCED_FACE('',(#14880),#14873,.T.);
#14882=CARTESIAN_POINT('',(2.3635E1,2.465E0,-1.4435E1));
#14883=DIRECTION('',(0.E0,0.E0,-1.E0));
#14884=DIRECTION('',(0.E0,-1.E0,0.E0));
#14885=AXIS2_PLACEMENT_3D('',#14882,#14883,#14884);
#14886=PLANE('',#14885);
#14887=ORIENTED_EDGE('',*,*,#14725,.F.);
#14889=ORIENTED_EDGE('',*,*,#14888,.T.);
#14890=ORIENTED_EDGE('',*,*,#14795,.T.);
#14891=ORIENTED_EDGE('',*,*,#14875,.F.);
#14892=EDGE_LOOP('',(#14887,#14889,#14890,#14891));
#14893=FACE_OUTER_BOUND('',#14892,.F.);
#14894=ADVANCED_FACE('',(#14893),#14886,.T.);
#14895=CARTESIAN_POINT('',(2.3635E1,2.465E0,-1.3065E1));
#14896=DIRECTION('',(-1.E0,0.E0,0.E0));
#14897=DIRECTION('',(0.E0,0.E0,1.E0));
#14898=AXIS2_PLACEMENT_3D('',#14895,#14896,#14897);
#14899=CYLINDRICAL_SURFACE('',#14898,1.37E0);
#14900=ORIENTED_EDGE('',*,*,#14723,.F.);
#14901=ORIENTED_EDGE('',*,*,#14761,.T.);
#14902=ORIENTED_EDGE('',*,*,#14797,.T.);
#14903=ORIENTED_EDGE('',*,*,#14888,.F.);
#14904=EDGE_LOOP('',(#14900,#14901,#14902,#14903));
#14905=FACE_OUTER_BOUND('',#14904,.F.);
#14906=ADVANCED_FACE('',(#14905),#14899,.T.);
#14907=CARTESIAN_POINT('',(2.3635E1,2.765E0,-4.7E0));
#14908=DIRECTION('',(0.E0,0.E0,1.E0));
#14909=DIRECTION('',(0.E0,1.E0,0.E0));
#14910=AXIS2_PLACEMENT_3D('',#14907,#14908,#14909);
#14911=PLANE('',#14910);
#14912=ORIENTED_EDGE('',*,*,#14746,.F.);
#14913=ORIENTED_EDGE('',*,*,#14837,.T.);
#14914=ORIENTED_EDGE('',*,*,#14810,.T.);
#14915=ORIENTED_EDGE('',*,*,#14774,.F.);
#14916=EDGE_LOOP('',(#14912,#14913,#14914,#14915));
#14917=FACE_OUTER_BOUND('',#14916,.F.);
#14918=ADVANCED_FACE('',(#14917),#14911,.T.);
#14919=CARTESIAN_POINT('',(-2.58E1,9.E0,-1.28E1));
#14920=DIRECTION('',(0.E0,1.E0,0.E0));
#14921=DIRECTION('',(1.E0,0.E0,0.E0));
#14922=AXIS2_PLACEMENT_3D('',#14919,#14920,#14921);
#14923=PLANE('',#14922);
#14924=ORIENTED_EDGE('',*,*,#7701,.F.);
#14926=ORIENTED_EDGE('',*,*,#14925,.T.);
#14928=ORIENTED_EDGE('',*,*,#14927,.T.);
#14930=ORIENTED_EDGE('',*,*,#14929,.F.);
#14931=EDGE_LOOP('',(#14924,#14926,#14928,#14930));
#14932=FACE_OUTER_BOUND('',#14931,.F.);
#14933=ADVANCED_FACE('',(#14932),#14923,.T.);
#14934=CARTESIAN_POINT('',(-2.58E1,4.E-1,0.E0));
#14935=DIRECTION('',(-1.E0,0.E0,0.E0));
#14936=DIRECTION('',(0.E0,1.E0,0.E0));
#14937=AXIS2_PLACEMENT_3D('',#14934,#14935,#14936);
#14938=PLANE('',#14937);
#14940=ORIENTED_EDGE('',*,*,#14939,.T.);
#14941=ORIENTED_EDGE('',*,*,#7970,.F.);
#14943=ORIENTED_EDGE('',*,*,#14942,.T.);
#14945=ORIENTED_EDGE('',*,*,#14944,.T.);
#14946=ORIENTED_EDGE('',*,*,#14925,.F.);
#14947=ORIENTED_EDGE('',*,*,#7719,.T.);
#14949=ORIENTED_EDGE('',*,*,#14948,.T.);
#14950=ORIENTED_EDGE('',*,*,#7162,.F.);
#14952=ORIENTED_EDGE('',*,*,#14951,.F.);
#14954=ORIENTED_EDGE('',*,*,#14953,.T.);
#14955=EDGE_LOOP('',(#14940,#14941,#14943,#14945,#14946,#14947,#14949,#14950,
#14952,#14954));
#14956=FACE_OUTER_BOUND('',#14955,.F.);
#14957=ADVANCED_FACE('',(#14956),#14938,.T.);
#14958=CARTESIAN_POINT('',(-2.64E1,1.4E0,-2.E0));
#14959=DIRECTION('',(0.E0,1.E0,0.E0));
#14960=DIRECTION('',(1.E0,0.E0,0.E0));
#14961=AXIS2_PLACEMENT_3D('',#14958,#14959,#14960);
#14962=PLANE('',#14961);
#14963=ORIENTED_EDGE('',*,*,#14939,.F.);
#14965=ORIENTED_EDGE('',*,*,#14964,.F.);
#14967=ORIENTED_EDGE('',*,*,#14966,.T.);
#14968=ORIENTED_EDGE('',*,*,#7972,.T.);
#14969=EDGE_LOOP('',(#14963,#14965,#14967,#14968));
#14970=FACE_OUTER_BOUND('',#14969,.F.);
#14971=ADVANCED_FACE('',(#14970),#14962,.T.);
#14972=CARTESIAN_POINT('',(0.E0,0.E0,-2.E0));
#14973=DIRECTION('',(0.E0,0.E0,-1.E0));
#14974=DIRECTION('',(-1.E0,0.E0,0.E0));
#14975=AXIS2_PLACEMENT_3D('',#14972,#14973,#14974);
#14976=PLANE('',#14975);
#14978=ORIENTED_EDGE('',*,*,#14977,.F.);
#14980=ORIENTED_EDGE('',*,*,#14979,.F.);
#14982=ORIENTED_EDGE('',*,*,#14981,.T.);
#14984=ORIENTED_EDGE('',*,*,#14983,.T.);
#14986=ORIENTED_EDGE('',*,*,#14985,.T.);
#14988=ORIENTED_EDGE('',*,*,#14987,.T.);
#14990=ORIENTED_EDGE('',*,*,#14989,.T.);
#14991=EDGE_LOOP('',(#14978,#14980,#14982,#14984,#14986,#14988,#14990));
#14992=FACE_OUTER_BOUND('',#14991,.F.);
#14993=ADVANCED_FACE('',(#14992),#14976,.F.);
#14994=CARTESIAN_POINT('',(0.E0,0.E0,-2.E0));
#14995=DIRECTION('',(0.E0,0.E0,-1.E0));
#14996=DIRECTION('',(-1.E0,0.E0,0.E0));
#14997=AXIS2_PLACEMENT_3D('',#14994,#14995,#14996);
#14998=PLANE('',#14997);
#14999=ORIENTED_EDGE('',*,*,#14953,.F.);
#15001=ORIENTED_EDGE('',*,*,#15000,.F.);
#15003=ORIENTED_EDGE('',*,*,#15002,.F.);
#15005=ORIENTED_EDGE('',*,*,#15004,.T.);
#15007=ORIENTED_EDGE('',*,*,#15006,.T.);
#15009=ORIENTED_EDGE('',*,*,#15008,.T.);
#15010=ORIENTED_EDGE('',*,*,#14964,.T.);
#15011=EDGE_LOOP('',(#14999,#15001,#15003,#15005,#15007,#15009,#15010));
#15012=FACE_OUTER_BOUND('',#15011,.F.);
#15013=ADVANCED_FACE('',(#15012),#14998,.F.);
#15014=CARTESIAN_POINT('',(2.58E1,4.E-1,0.E0));
#15015=DIRECTION('',(0.E0,-1.E0,0.E0));
#15016=DIRECTION('',(-1.E0,0.E0,0.E0));
#15017=AXIS2_PLACEMENT_3D('',#15014,#15015,#15016);
#15018=PLANE('',#15017);
#15020=ORIENTED_EDGE('',*,*,#15019,.T.);
#15021=ORIENTED_EDGE('',*,*,#8002,.F.);
#15023=ORIENTED_EDGE('',*,*,#15022,.T.);
#15025=ORIENTED_EDGE('',*,*,#15024,.T.);
#15027=ORIENTED_EDGE('',*,*,#15026,.F.);
#15028=ORIENTED_EDGE('',*,*,#7705,.T.);
#15030=ORIENTED_EDGE('',*,*,#15029,.T.);
#15032=ORIENTED_EDGE('',*,*,#15031,.T.);
#15033=ORIENTED_EDGE('',*,*,#14942,.F.);
#15034=ORIENTED_EDGE('',*,*,#7968,.F.);
#15036=ORIENTED_EDGE('',*,*,#15035,.T.);
#15037=ORIENTED_EDGE('',*,*,#15002,.T.);
#15039=ORIENTED_EDGE('',*,*,#15038,.T.);
#15040=ORIENTED_EDGE('',*,*,#7158,.F.);
#15042=ORIENTED_EDGE('',*,*,#15041,.F.);
#15043=ORIENTED_EDGE('',*,*,#14977,.T.);
#15044=EDGE_LOOP('',(#15020,#15021,#15023,#15025,#15027,#15028,#15030,#15032,
#15033,#15034,#15036,#15037,#15039,#15040,#15042,#15043));
#15045=FACE_OUTER_BOUND('',#15044,.F.);
#15046=ADVANCED_FACE('',(#15045),#15018,.T.);
#15047=CARTESIAN_POINT('',(2.53E1,0.E0,-2.E0));
#15048=DIRECTION('',(-1.E0,0.E0,0.E0));
#15049=DIRECTION('',(0.E0,1.E0,0.E0));
#15050=AXIS2_PLACEMENT_3D('',#15047,#15048,#15049);
#15051=PLANE('',#15050);
#15052=ORIENTED_EDGE('',*,*,#15019,.F.);
#15053=ORIENTED_EDGE('',*,*,#14989,.F.);
#15055=ORIENTED_EDGE('',*,*,#15054,.T.);
#15056=ORIENTED_EDGE('',*,*,#8004,.T.);
#15057=EDGE_LOOP('',(#15052,#15053,#15055,#15056));
#15058=FACE_OUTER_BOUND('',#15057,.F.);
#15059=ADVANCED_FACE('',(#15058),#15051,.T.);
#15060=CARTESIAN_POINT('',(2.64E1,0.E0,-2.E0));
#15061=DIRECTION('',(0.E0,-1.E0,0.E0));
#15062=DIRECTION('',(-1.E0,0.E0,0.E0));
#15063=AXIS2_PLACEMENT_3D('',#15060,#15061,#15062);
#15064=PLANE('',#15063);
#15065=ORIENTED_EDGE('',*,*,#14987,.F.);
#15067=ORIENTED_EDGE('',*,*,#15066,.T.);
#15068=ORIENTED_EDGE('',*,*,#8006,.T.);
#15069=ORIENTED_EDGE('',*,*,#15054,.F.);
#15070=EDGE_LOOP('',(#15065,#15067,#15068,#15069));
#15071=FACE_OUTER_BOUND('',#15070,.F.);
#15072=ADVANCED_FACE('',(#15071),#15064,.T.);
#15073=CARTESIAN_POINT('',(2.64E1,1.4E0,-2.E0));
#15074=DIRECTION('',(1.E0,0.E0,0.E0));
#15075=DIRECTION('',(0.E0,-1.E0,0.E0));
#15076=AXIS2_PLACEMENT_3D('',#15073,#15074,#15075);
#15077=PLANE('',#15076);
#15078=ORIENTED_EDGE('',*,*,#14985,.F.);
#15080=ORIENTED_EDGE('',*,*,#15079,.T.);
#15081=ORIENTED_EDGE('',*,*,#8008,.T.);
#15082=ORIENTED_EDGE('',*,*,#15066,.F.);
#15083=EDGE_LOOP('',(#15078,#15080,#15081,#15082));
#15084=FACE_OUTER_BOUND('',#15083,.F.);
#15085=ADVANCED_FACE('',(#15084),#15077,.T.);
#15086=CARTESIAN_POINT('',(2.58E1,1.4E0,-2.E0));
#15087=DIRECTION('',(0.E0,1.E0,0.E0));
#15088=DIRECTION('',(1.E0,0.E0,0.E0));
#15089=AXIS2_PLACEMENT_3D('',#15086,#15087,#15088);
#15090=PLANE('',#15089);
#15092=ORIENTED_EDGE('',*,*,#15091,.T.);
#15093=ORIENTED_EDGE('',*,*,#8010,.T.);
#15094=ORIENTED_EDGE('',*,*,#15079,.F.);
#15095=ORIENTED_EDGE('',*,*,#14983,.F.);
#15096=EDGE_LOOP('',(#15092,#15093,#15094,#15095));
#15097=FACE_OUTER_BOUND('',#15096,.F.);
#15098=ADVANCED_FACE('',(#15097),#15090,.T.);
#15099=CARTESIAN_POINT('',(2.58E1,1.E1,0.E0));
#15100=DIRECTION('',(1.E0,0.E0,0.E0));
#15101=DIRECTION('',(0.E0,-1.E0,0.E0));
#15102=AXIS2_PLACEMENT_3D('',#15099,#15100,#15101);
#15103=PLANE('',#15102);
#15104=ORIENTED_EDGE('',*,*,#7711,.T.);
#15106=ORIENTED_EDGE('',*,*,#15105,.T.);
#15108=ORIENTED_EDGE('',*,*,#15107,.T.);
#15109=ORIENTED_EDGE('',*,*,#15022,.F.);
#15110=ORIENTED_EDGE('',*,*,#8000,.F.);
#15111=ORIENTED_EDGE('',*,*,#15091,.F.);
#15112=ORIENTED_EDGE('',*,*,#14981,.F.);
#15114=ORIENTED_EDGE('',*,*,#15113,.T.);
#15115=ORIENTED_EDGE('',*,*,#7178,.F.);
#15117=ORIENTED_EDGE('',*,*,#15116,.T.);
#15118=ORIENTED_EDGE('',*,*,#7988,.F.);
#15120=ORIENTED_EDGE('',*,*,#15119,.F.);
#15121=ORIENTED_EDGE('',*,*,#7174,.F.);
#15123=ORIENTED_EDGE('',*,*,#15122,.F.);
#15124=EDGE_LOOP('',(#15104,#15106,#15108,#15109,#15110,#15111,#15112,#15114,
#15115,#15117,#15118,#15120,#15121,#15123));
#15125=FACE_OUTER_BOUND('',#15124,.F.);
#15126=ADVANCED_FACE('',(#15125),#15103,.T.);
#15127=CARTESIAN_POINT('',(2.48E1,9.E0,-1.28E1));
#15128=DIRECTION('',(0.E0,1.E0,0.E0));
#15129=DIRECTION('',(1.E0,0.E0,0.E0));
#15130=AXIS2_PLACEMENT_3D('',#15127,#15128,#15129);
#15131=PLANE('',#15130);
#15132=ORIENTED_EDGE('',*,*,#7709,.F.);
#15134=ORIENTED_EDGE('',*,*,#15133,.T.);
#15136=ORIENTED_EDGE('',*,*,#15135,.T.);
#15137=ORIENTED_EDGE('',*,*,#15105,.F.);
#15138=EDGE_LOOP('',(#15132,#15134,#15136,#15137));
#15139=FACE_OUTER_BOUND('',#15138,.F.);
#15140=ADVANCED_FACE('',(#15139),#15131,.T.);
#15141=CARTESIAN_POINT('',(2.48E1,4.E-1,-1.28E1));
#15142=DIRECTION('',(-1.E0,0.E0,0.E0));
#15143=DIRECTION('',(0.E0,1.E0,0.E0));
#15144=AXIS2_PLACEMENT_3D('',#15141,#15142,#15143);
#15145=PLANE('',#15144);
#15146=ORIENTED_EDGE('',*,*,#7707,.F.);
#15147=ORIENTED_EDGE('',*,*,#15026,.T.);
#15149=ORIENTED_EDGE('',*,*,#15148,.T.);
#15150=ORIENTED_EDGE('',*,*,#15133,.F.);
#15151=EDGE_LOOP('',(#15146,#15147,#15149,#15150));
#15152=FACE_OUTER_BOUND('',#15151,.F.);
#15153=ADVANCED_FACE('',(#15152),#15145,.T.);
#15154=CARTESIAN_POINT('',(0.E0,0.E0,-1.35E1));
#15155=DIRECTION('',(0.E0,0.E0,-1.E0));
#15156=DIRECTION('',(-1.E0,0.E0,0.E0));
#15157=AXIS2_PLACEMENT_3D('',#15154,#15155,#15156);
#15158=PLANE('',#15157);
#15159=ORIENTED_EDGE('',*,*,#14927,.F.);
#15160=ORIENTED_EDGE('',*,*,#14944,.F.);
#15161=ORIENTED_EDGE('',*,*,#15031,.F.);
#15163=ORIENTED_EDGE('',*,*,#15162,.F.);
#15164=EDGE_LOOP('',(#15159,#15160,#15161,#15163));
#15165=FACE_OUTER_BOUND('',#15164,.F.);
#15166=ADVANCED_FACE('',(#15165),#15158,.T.);
#15167=CARTESIAN_POINT('',(0.E0,0.E0,-1.35E1));
#15168=DIRECTION('',(0.E0,0.E0,-1.E0));
#15169=DIRECTION('',(-1.E0,0.E0,0.E0));
#15170=AXIS2_PLACEMENT_3D('',#15167,#15168,#15169);
#15171=PLANE('',#15170);
#15172=ORIENTED_EDGE('',*,*,#15107,.F.);
#15173=ORIENTED_EDGE('',*,*,#15135,.F.);
#15174=ORIENTED_EDGE('',*,*,#15148,.F.);
#15175=ORIENTED_EDGE('',*,*,#15024,.F.);
#15176=EDGE_LOOP('',(#15172,#15173,#15174,#15175));
#15177=FACE_OUTER_BOUND('',#15176,.F.);
#15178=ADVANCED_FACE('',(#15177),#15171,.T.);
#15179=CARTESIAN_POINT('',(-2.48E1,9.E0,-1.28E1));
#15180=DIRECTION('',(1.E0,0.E0,0.E0));
#15181=DIRECTION('',(0.E0,-1.E0,0.E0));
#15182=AXIS2_PLACEMENT_3D('',#15179,#15180,#15181);
#15183=PLANE('',#15182);
#15184=ORIENTED_EDGE('',*,*,#7703,.F.);
#15185=ORIENTED_EDGE('',*,*,#14929,.T.);
#15186=ORIENTED_EDGE('',*,*,#15162,.T.);
#15187=ORIENTED_EDGE('',*,*,#15029,.F.);
#15188=EDGE_LOOP('',(#15184,#15185,#15186,#15187));
#15189=FACE_OUTER_BOUND('',#15188,.F.);
#15190=ADVANCED_FACE('',(#15189),#15183,.T.);
#15191=CARTESIAN_POINT('',(2.55E1,7.E-1,-1.2815648E1));
#15192=DIRECTION('',(0.E0,0.E0,1.E0));
#15193=DIRECTION('',(1.E0,0.E0,0.E0));
#15194=AXIS2_PLACEMENT_3D('',#15191,#15192,#15193);
#15195=CYLINDRICAL_SURFACE('',#15194,3.E-1);
#15196=ORIENTED_EDGE('',*,*,#15041,.T.);
#15197=ORIENTED_EDGE('',*,*,#7156,.T.);
#15198=ORIENTED_EDGE('',*,*,#15113,.F.);
#15199=ORIENTED_EDGE('',*,*,#14979,.T.);
#15200=EDGE_LOOP('',(#15196,#15197,#15198,#15199));
#15201=FACE_OUTER_BOUND('',#15200,.F.);
#15202=ADVANCED_FACE('',(#15201),#15195,.T.);
#15203=CARTESIAN_POINT('',(2.58E1,2.7E0,0.E0));
#15204=DIRECTION('',(0.E0,0.E0,-1.E0));
#15205=DIRECTION('',(-1.E0,0.E0,0.E0));
#15206=AXIS2_PLACEMENT_3D('',#15203,#15204,#15205);
#15207=CYLINDRICAL_SURFACE('',#15206,4.E-1);
#15208=ORIENTED_EDGE('',*,*,#15119,.T.);
#15209=ORIENTED_EDGE('',*,*,#7990,.T.);
#15210=ORIENTED_EDGE('',*,*,#15116,.F.);
#15211=ORIENTED_EDGE('',*,*,#7176,.F.);
#15212=EDGE_LOOP('',(#15208,#15209,#15210,#15211));
#15213=FACE_OUTER_BOUND('',#15212,.F.);
#15214=ADVANCED_FACE('',(#15213),#15207,.T.);
#15215=CARTESIAN_POINT('',(2.55E1,9.7E0,-1.2815648E1));
#15216=DIRECTION('',(0.E0,0.E0,1.E0));
#15217=DIRECTION('',(1.184237892933E-14,1.E0,0.E0));
#15218=AXIS2_PLACEMENT_3D('',#15215,#15216,#15217);
#15219=CYLINDRICAL_SURFACE('',#15218,3.E-1);
#15220=ORIENTED_EDGE('',*,*,#15122,.T.);
#15221=ORIENTED_EDGE('',*,*,#7172,.T.);
#15223=ORIENTED_EDGE('',*,*,#15222,.F.);
#15224=ORIENTED_EDGE('',*,*,#7713,.T.);
#15225=EDGE_LOOP('',(#15220,#15221,#15223,#15224));
#15226=FACE_OUTER_BOUND('',#15225,.F.);
#15227=ADVANCED_FACE('',(#15226),#15219,.T.);
#15228=CARTESIAN_POINT('',(-2.58E1,1.E1,0.E0));
#15229=DIRECTION('',(0.E0,1.E0,0.E0));
#15230=DIRECTION('',(1.E0,0.E0,0.E0));
#15231=AXIS2_PLACEMENT_3D('',#15228,#15229,#15230);
#15232=PLANE('',#15231);
#15233=ORIENTED_EDGE('',*,*,#15222,.T.);
#15234=ORIENTED_EDGE('',*,*,#7170,.F.);
#15236=ORIENTED_EDGE('',*,*,#15235,.T.);
#15238=ORIENTED_EDGE('',*,*,#15237,.F.);
#15240=ORIENTED_EDGE('',*,*,#15239,.F.);
#15241=ORIENTED_EDGE('',*,*,#7166,.F.);
#15243=ORIENTED_EDGE('',*,*,#15242,.F.);
#15244=ORIENTED_EDGE('',*,*,#7715,.T.);
#15245=EDGE_LOOP('',(#15233,#15234,#15236,#15238,#15240,#15241,#15243,#15244));
#15246=FACE_OUTER_BOUND('',#15245,.F.);
#15247=ADVANCED_FACE('',(#15246),#15232,.T.);
#15248=CARTESIAN_POINT('',(1.7E0,0.E0,0.E0));
#15249=DIRECTION('',(1.E0,0.E0,0.E0));
#15250=DIRECTION('',(0.E0,0.E0,-1.E0));
#15251=AXIS2_PLACEMENT_3D('',#15248,#15249,#15250);
#15252=PLANE('',#15251);
#15253=ORIENTED_EDGE('',*,*,#15235,.F.);
#15255=ORIENTED_EDGE('',*,*,#15254,.F.);
#15257=ORIENTED_EDGE('',*,*,#15256,.F.);
#15259=ORIENTED_EDGE('',*,*,#15258,.F.);
#15260=EDGE_LOOP('',(#15253,#15255,#15257,#15259));
#15261=FACE_OUTER_BOUND('',#15260,.F.);
#15262=ADVANCED_FACE('',(#15261),#15252,.T.);
#15263=CARTESIAN_POINT('',(-1.7E0,1.14E1,-2.3E0));
#15264=DIRECTION('',(0.E0,8.541985556144E-1,5.199469468957E-1));
#15265=DIRECTION('',(0.E0,-5.199469468957E-1,8.541985556144E-1));
#15266=AXIS2_PLACEMENT_3D('',#15263,#15264,#15265);
#15267=PLANE('',#15266);
#15268=ORIENTED_EDGE('',*,*,#7168,.F.);
#15270=ORIENTED_EDGE('',*,*,#15269,.F.);
#15272=ORIENTED_EDGE('',*,*,#15271,.T.);
#15273=ORIENTED_EDGE('',*,*,#15254,.T.);
#15274=EDGE_LOOP('',(#15268,#15270,#15272,#15273));
#15275=FACE_OUTER_BOUND('',#15274,.F.);
#15276=ADVANCED_FACE('',(#15275),#15267,.T.);
#15277=CARTESIAN_POINT('',(-1.7E0,0.E0,0.E0));
#15278=DIRECTION('',(1.E0,0.E0,0.E0));
#15279=DIRECTION('',(0.E0,0.E0,-1.E0));
#15280=AXIS2_PLACEMENT_3D('',#15277,#15278,#15279);
#15281=PLANE('',#15280);
#15282=ORIENTED_EDGE('',*,*,#15239,.T.);
#15284=ORIENTED_EDGE('',*,*,#15283,.T.);
#15286=ORIENTED_EDGE('',*,*,#15285,.T.);
#15287=ORIENTED_EDGE('',*,*,#15269,.T.);
#15288=EDGE_LOOP('',(#15282,#15284,#15286,#15287));
#15289=FACE_OUTER_BOUND('',#15288,.F.);
#15290=ADVANCED_FACE('',(#15289),#15281,.F.);
#15291=CARTESIAN_POINT('',(-1.7E0,1.E1,-3.E0));
#15292=DIRECTION('',(0.E0,0.E0,-1.E0));
#15293=DIRECTION('',(0.E0,1.E0,0.E0));
#15294=AXIS2_PLACEMENT_3D('',#15291,#15292,#15293);
#15295=PLANE('',#15294);
#15296=ORIENTED_EDGE('',*,*,#15237,.T.);
#15297=ORIENTED_EDGE('',*,*,#15258,.T.);
#15299=ORIENTED_EDGE('',*,*,#15298,.F.);
#15300=ORIENTED_EDGE('',*,*,#15283,.F.);
#15301=EDGE_LOOP('',(#15296,#15297,#15299,#15300));
#15302=FACE_OUTER_BOUND('',#15301,.F.);
#15303=ADVANCED_FACE('',(#15302),#15295,.T.);
#15304=CARTESIAN_POINT('',(-1.7E0,1.14E1,-3.E0));
#15305=DIRECTION('',(0.E0,1.E0,0.E0));
#15306=DIRECTION('',(0.E0,0.E0,1.E0));
#15307=AXIS2_PLACEMENT_3D('',#15304,#15305,#15306);
#15308=PLANE('',#15307);
#15309=ORIENTED_EDGE('',*,*,#15285,.F.);
#15310=ORIENTED_EDGE('',*,*,#15298,.T.);
#15311=ORIENTED_EDGE('',*,*,#15256,.T.);
#15312=ORIENTED_EDGE('',*,*,#15271,.F.);
#15313=EDGE_LOOP('',(#15309,#15310,#15311,#15312));
#15314=FACE_OUTER_BOUND('',#15313,.F.);
#15315=ADVANCED_FACE('',(#15314),#15308,.T.);
#15316=CARTESIAN_POINT('',(-2.55E1,9.7E0,-1.2815648E1));
#15317=DIRECTION('',(0.E0,0.E0,1.E0));
#15318=DIRECTION('',(-1.E0,0.E0,0.E0));
#15319=AXIS2_PLACEMENT_3D('',#15316,#15317,#15318);
#15320=CYLINDRICAL_SURFACE('',#15319,3.E-1);
#15321=ORIENTED_EDGE('',*,*,#15242,.T.);
#15322=ORIENTED_EDGE('',*,*,#7164,.T.);
#15323=ORIENTED_EDGE('',*,*,#14948,.F.);
#15324=ORIENTED_EDGE('',*,*,#7717,.T.);
#15325=EDGE_LOOP('',(#15321,#15322,#15323,#15324));
#15326=FACE_OUTER_BOUND('',#15325,.F.);
#15327=ADVANCED_FACE('',(#15326),#15320,.T.);
#15328=CARTESIAN_POINT('',(-2.53E1,4.E-1,-2.E0));
#15329=DIRECTION('',(1.E0,0.E0,0.E0));
#15330=DIRECTION('',(0.E0,-1.E0,0.E0));
#15331=AXIS2_PLACEMENT_3D('',#15328,#15329,#15330);
#15332=PLANE('',#15331);
#15333=ORIENTED_EDGE('',*,*,#15035,.F.);
#15334=ORIENTED_EDGE('',*,*,#7978,.T.);
#15336=ORIENTED_EDGE('',*,*,#15335,.F.);
#15337=ORIENTED_EDGE('',*,*,#15004,.F.);
#15338=EDGE_LOOP('',(#15333,#15334,#15336,#15337));
#15339=FACE_OUTER_BOUND('',#15338,.F.);
#15340=ADVANCED_FACE('',(#15339),#15332,.T.);
#15341=CARTESIAN_POINT('',(-2.53E1,0.E0,-2.E0));
#15342=DIRECTION('',(0.E0,-1.E0,0.E0));
#15343=DIRECTION('',(-1.E0,0.E0,0.E0));
#15344=AXIS2_PLACEMENT_3D('',#15341,#15342,#15343);
#15345=PLANE('',#15344);
#15346=ORIENTED_EDGE('',*,*,#15006,.F.);
#15347=ORIENTED_EDGE('',*,*,#15335,.T.);
#15348=ORIENTED_EDGE('',*,*,#7976,.T.);
#15350=ORIENTED_EDGE('',*,*,#15349,.F.);
#15351=EDGE_LOOP('',(#15346,#15347,#15348,#15350));
#15352=FACE_OUTER_BOUND('',#15351,.F.);
#15353=ADVANCED_FACE('',(#15352),#15345,.T.);
#15354=CARTESIAN_POINT('',(-2.64E1,0.E0,-2.E0));
#15355=DIRECTION('',(-1.E0,0.E0,0.E0));
#15356=DIRECTION('',(0.E0,1.E0,0.E0));
#15357=AXIS2_PLACEMENT_3D('',#15354,#15355,#15356);
#15358=PLANE('',#15357);
#15359=ORIENTED_EDGE('',*,*,#15008,.F.);
#15360=ORIENTED_EDGE('',*,*,#15349,.T.);
#15361=ORIENTED_EDGE('',*,*,#7974,.T.);
#15362=ORIENTED_EDGE('',*,*,#14966,.F.);
#15363=EDGE_LOOP('',(#15359,#15360,#15361,#15362));
#15364=FACE_OUTER_BOUND('',#15363,.F.);
#15365=ADVANCED_FACE('',(#15364),#15358,.T.);
#15366=CARTESIAN_POINT('',(-2.55E1,7.E-1,-1.2815648E1));
#15367=DIRECTION('',(0.E0,0.E0,1.E0));
#15368=DIRECTION('',(-1.184237892934E-14,-1.E0,0.E0));
#15369=AXIS2_PLACEMENT_3D('',#15366,#15367,#15368);
#15370=CYLINDRICAL_SURFACE('',#15369,3.E-1);
#15371=ORIENTED_EDGE('',*,*,#14951,.T.);
#15372=ORIENTED_EDGE('',*,*,#7160,.T.);
#15373=ORIENTED_EDGE('',*,*,#15038,.F.);
#15374=ORIENTED_EDGE('',*,*,#15000,.T.);
#15375=EDGE_LOOP('',(#15371,#15372,#15373,#15374));
#15376=FACE_OUTER_BOUND('',#15375,.F.);
#15377=ADVANCED_FACE('',(#15376),#15370,.T.);
#15378=CLOSED_SHELL('',(#7470,#7485,#7499,#7513,#7526,#7548,#7578,#7592,#7605,
#7618,#7631,#7644,#7656,#7680,#7695,#7962,#7982,#7994,#8014,#8028,#8042,#8056,
#8070,#8084,#8098,#8112,#8125,#8139,#8155,#8168,#8180,#8203,#8219,#8233,#8248,
#8270,#8285,#8298,#8312,#8325,#8338,#8351,#8364,#8376,#8406,#8432,#8462,#8484,
#8498,#8511,#8524,#8537,#8550,#8562,#8576,#8589,#8602,#8614,#8628,#8641,#8654,
#8667,#8680,#8692,#8706,#8719,#8732,#8744,#8767,#8782,#8796,#8810,#8832,#8846,
#8859,#8872,#8885,#8898,#8911,#8924,#8936,#8948,#8971,#8986,#9000,#9014,#9036,
#9050,#9063,#9076,#9089,#9102,#9115,#9128,#9140,#9152,#9175,#9190,#9204,#9218,
#9240,#9254,#9267,#9280,#9293,#9306,#9319,#9332,#9344,#9356,#9368,#9391,#9407,
#9421,#9436,#9458,#9473,#9486,#9500,#9513,#9526,#9539,#9552,#9564,#9590,#9620,
#9646,#9672,#9686,#9699,#9712,#9724,#9738,#9751,#9764,#9777,#9790,#9802,#9816,
#9829,#9842,#9854,#9868,#9881,#9894,#9907,#9920,#9932,#9955,#9970,#9984,#9998,
#10020,#10034,#10047,#10060,#10073,#10086,#10099,#10112,#10124,#10136,#10159,
#10174,#10188,#10202,#10224,#10238,#10251,#10264,#10277,#10290,#10303,#10316,
#10328,#10340,#10363,#10378,#10392,#10406,#10428,#10442,#10455,#10468,#10481,
#10494,#10507,#10520,#10532,#10544,#10556,#10579,#10595,#10609,#10624,#10646,
#10661,#10674,#10688,#10701,#10714,#10727,#10740,#10752,#10782,#10808,#10838,
#10860,#10874,#10887,#10900,#10913,#10926,#10938,#10952,#10965,#10978,#10990,
#11004,#11017,#11030,#11043,#11056,#11068,#11082,#11095,#11108,#11120,#11143,
#11158,#11172,#11186,#11208,#11222,#11235,#11248,#11261,#11274,#11287,#11300,
#11312,#11324,#11347,#11362,#11376,#11390,#11412,#11426,#11439,#11452,#11465,
#11478,#11491,#11504,#11516,#11528,#11551,#11566,#11580,#11594,#11616,#11630,
#11643,#11656,#11669,#11682,#11695,#11708,#11720,#11732,#11744,#11767,#11783,
#11797,#11812,#11834,#11849,#11862,#11876,#11889,#11902,#11915,#11928,#11940,
#11966,#11996,#12022,#12048,#12062,#12075,#12088,#12100,#12114,#12127,#12140,
#12153,#12166,#12178,#12192,#12205,#12218,#12230,#12244,#12257,#12270,#12283,
#12296,#12308,#12331,#12346,#12360,#12374,#12396,#12410,#12423,#12436,#12449,
#12462,#12475,#12488,#12500,#12512,#12535,#12550,#12564,#12578,#12600,#12614,
#12627,#12640,#12653,#12666,#12679,#12692,#12704,#12716,#12739,#12754,#12768,
#12782,#12804,#12818,#12831,#12844,#12857,#12870,#12883,#12896,#12908,#12920,
#12932,#12955,#12971,#12985,#13000,#13022,#13037,#13050,#13064,#13077,#13090,
#13103,#13116,#13128,#13158,#13184,#13214,#13236,#13250,#13263,#13276,#13289,
#13302,#13314,#13328,#13341,#13354,#13366,#13380,#13393,#13406,#13419,#13432,
#13444,#13458,#13471,#13484,#13496,#13519,#13534,#13548,#13562,#13584,#13598,
#13611,#13624,#13637,#13650,#13663,#13676,#13688,#13700,#13723,#13738,#13752,
#13766,#13788,#13802,#13815,#13828,#13841,#13854,#13867,#13880,#13892,#13904,
#13927,#13942,#13956,#13970,#13992,#14006,#14019,#14032,#14045,#14058,#14071,
#14084,#14096,#14108,#14120,#14143,#14159,#14173,#14188,#14210,#14225,#14238,
#14252,#14265,#14278,#14291,#14304,#14316,#14342,#14368,#14382,#14395,#14408,
#14420,#14434,#14447,#14460,#14473,#14486,#14498,#14521,#14536,#14550,#14564,
#14586,#14600,#14613,#14626,#14639,#14652,#14665,#14678,#14690,#14702,#14714,
#14737,#14752,#14766,#14780,#14802,#14816,#14829,#14842,#14855,#14868,#14881,
#14894,#14906,#14918,#14933,#14957,#14971,#14993,#15013,#15046,#15059,#15072,
#15085,#15098,#15126,#15140,#15153,#15166,#15178,#15190,#15202,#15214,#15227,
#15247,#15262,#15276,#15290,#15303,#15315,#15327,#15340,#15353,#15365,#15377));
#15379=MANIFOLD_SOLID_BREP('',#15378);
#15381=DIMENSIONAL_EXPONENTS(0.E0,0.E0,0.E0,0.E0,0.E0,0.E0,0.E0);
#15383=PLANE_ANGLE_MEASURE_WITH_UNIT(PLANE_ANGLE_MEASURE(1.745329251994E-2),
#15382);
#15384=(CONVERSION_BASED_UNIT('DEGREE',#15383)NAMED_UNIT(*)PLANE_ANGLE_UNIT());
#15386=UNCERTAINTY_MEASURE_WITH_UNIT(LENGTH_MEASURE(1.E-3),#15380,'closure',
'Maximum model space distance between geometric entities at asserted connectivities');
#15387=(GEOMETRIC_REPRESENTATION_CONTEXT(3)GLOBAL_UNCERTAINTY_ASSIGNED_CONTEXT((
#15386))GLOBAL_UNIT_ASSIGNED_CONTEXT((#15380,#15384,#15385))REPRESENTATION_CONTEXT('ID1','3'));
#15389=APPLICATION_CONTEXT(
'CONFIGURATION CONTROLLED 3D DESIGNS OF MECHANICAL PARTS AND ASSEMBLIES');
#15390=APPLICATION_PROTOCOL_DEFINITION('international standard',
'config_control_design',1994,#15389);
#15391=DESIGN_CONTEXT('',#15389,'design');
#15392=MECHANICAL_CONTEXT('',#15389,'mechanical');
#15393=PRODUCT('874272402','874272402','NOT SPECIFIED',(#15392));
#15394=PRODUCT_DEFINITION_FORMATION_WITH_SPECIFIED_SOURCE('1','LAST_VERSION',
#15393,.MADE.);
#15398=PRODUCT_CATEGORY('part','');
#15399=PRODUCT_RELATED_PRODUCT_CATEGORY('detail','',(#15393));
#15400=PRODUCT_CATEGORY_RELATIONSHIP('','',#15398,#15399);
#15401=SECURITY_CLASSIFICATION_LEVEL('unclassified');
#15402=SECURITY_CLASSIFICATION('','',#15401);
#15403=CC_DESIGN_SECURITY_CLASSIFICATION(#15402,(#15394));
#15404=APPROVAL_STATUS('approved');
#15405=APPROVAL(#15404,'');
#15406=CC_DESIGN_APPROVAL(#15405,(#15402,#15394,#15395));
#15407=CALENDAR_DATE(113,16,7);
#15408=COORDINATED_UNIVERSAL_TIME_OFFSET(5,30,.AHEAD.);
#15409=LOCAL_TIME(15,5,5.1E1,#15408);
#15410=DATE_AND_TIME(#15407,#15409);
#15411=APPROVAL_DATE_TIME(#15410,#15405);
#15412=DATE_TIME_ROLE('creation_date');
#15413=CC_DESIGN_DATE_AND_TIME_ASSIGNMENT(#15410,#15412,(#15395));
#15414=DATE_TIME_ROLE('classification_date');
#15415=CC_DESIGN_DATE_AND_TIME_ASSIGNMENT(#15410,#15414,(#15402));
#15416=PERSON('UNSPECIFIED','UNSPECIFIED',$,$,$,$);
#15417=ORGANIZATION('UNSPECIFIED','UNSPECIFIED','UNSPECIFIED');
#15418=PERSON_AND_ORGANIZATION(#15416,#15417);
#15419=APPROVAL_ROLE('approver');
#15420=APPROVAL_PERSON_ORGANIZATION(#15418,#15405,#15419);
#15421=PERSON_AND_ORGANIZATION_ROLE('creator');
#15422=CC_DESIGN_PERSON_AND_ORGANIZATION_ASSIGNMENT(#15418,#15421,(#15394,
#15395));
#15423=PERSON_AND_ORGANIZATION_ROLE('design_supplier');
#15424=CC_DESIGN_PERSON_AND_ORGANIZATION_ASSIGNMENT(#15418,#15423,(#15394));
#15425=PERSON_AND_ORGANIZATION_ROLE('classification_officer');
#15426=CC_DESIGN_PERSON_AND_ORGANIZATION_ASSIGNMENT(#15418,#15425,(#15402));
#15427=PERSON_AND_ORGANIZATION_ROLE('design_owner');
#15428=CC_DESIGN_PERSON_AND_ORGANIZATION_ASSIGNMENT(#15418,#15427,(#15393));
#509=CIRCLE('',#508,4.E-1);
#634=CIRCLE('',#633,1.57E0);
#651=CIRCLE('',#650,5.E-1);
#1116=CIRCLE('',#1115,4.E-1);
#1177=CIRCLE('',#1176,5.E-1);
#1194=CIRCLE('',#1193,1.57E0);
#1223=CIRCLE('',#1222,1.57E0);
#1240=CIRCLE('',#1239,5.E-1);
#1269=CIRCLE('',#1268,5.E-1);
#1286=CIRCLE('',#1285,1.57E0);
#1559=CIRCLE('',#1558,1.57E0);
#1576=CIRCLE('',#1575,5.E-1);
#1605=CIRCLE('',#1604,5.E-1);
#1622=CIRCLE('',#1621,1.57E0);
#1675=CIRCLE('',#1674,1.37E0);
#1692=CIRCLE('',#1691,3.E-1);
#1721=CIRCLE('',#1720,3.E-1);
#1738=CIRCLE('',#1737,1.37E0);
#1791=CIRCLE('',#1790,1.37E0);
#1808=CIRCLE('',#1807,3.E-1);
#1837=CIRCLE('',#1836,3.E-1);
#1854=CIRCLE('',#1853,1.37E0);
#1911=CIRCLE('',#1910,1.57E0);
#1928=CIRCLE('',#1927,5.E-1);
#1957=CIRCLE('',#1956,5.E-1);
#1974=CIRCLE('',#1973,1.57E0);
#2247=CIRCLE('',#2246,1.57E0);
#2264=CIRCLE('',#2263,5.E-1);
#2293=CIRCLE('',#2292,5.E-1);
#2310=CIRCLE('',#2309,1.57E0);
#2363=CIRCLE('',#2362,1.37E0);
#2380=CIRCLE('',#2379,3.E-1);
#2409=CIRCLE('',#2408,3.E-1);
#2426=CIRCLE('',#2425,1.37E0);
#2479=CIRCLE('',#2478,1.37E0);
#2496=CIRCLE('',#2495,3.E-1);
#2525=CIRCLE('',#2524,3.E-1);
#2542=CIRCLE('',#2541,1.37E0);
#2599=CIRCLE('',#2598,1.57E0);
#2616=CIRCLE('',#2615,5.E-1);
#2645=CIRCLE('',#2644,5.E-1);
#2662=CIRCLE('',#2661,1.57E0);
#2935=CIRCLE('',#2934,1.57E0);
#2952=CIRCLE('',#2951,5.E-1);
#2981=CIRCLE('',#2980,5.E-1);
#2998=CIRCLE('',#2997,1.57E0);
#3051=CIRCLE('',#3050,1.37E0);
#3068=CIRCLE('',#3067,3.E-1);
#3097=CIRCLE('',#3096,3.E-1);
#3114=CIRCLE('',#3113,1.37E0);
#3167=CIRCLE('',#3166,1.37E0);
#3184=CIRCLE('',#3183,3.E-1);
#3213=CIRCLE('',#3212,3.E-1);
#3230=CIRCLE('',#3229,1.37E0);
#3287=CIRCLE('',#3286,1.57E0);
#3304=CIRCLE('',#3303,5.E-1);
#3333=CIRCLE('',#3332,5.E-1);
#3350=CIRCLE('',#3349,1.57E0);
#3623=CIRCLE('',#3622,1.57E0);
#3640=CIRCLE('',#3639,5.E-1);
#3669=CIRCLE('',#3668,5.E-1);
#3686=CIRCLE('',#3685,1.57E0);
#3739=CIRCLE('',#3738,1.37E0);
#3756=CIRCLE('',#3755,3.E-1);
#3785=CIRCLE('',#3784,3.E-1);
#3802=CIRCLE('',#3801,1.37E0);
#3855=CIRCLE('',#3854,1.37E0);
#3872=CIRCLE('',#3871,3.E-1);
#3901=CIRCLE('',#3900,3.E-1);
#3918=CIRCLE('',#3917,1.37E0);
#3975=CIRCLE('',#3974,1.57E0);
#3992=CIRCLE('',#3991,5.E-1);
#4021=CIRCLE('',#4020,5.E-1);
#4038=CIRCLE('',#4037,1.57E0);
#4311=CIRCLE('',#4310,1.57E0);
#4328=CIRCLE('',#4327,5.E-1);
#4357=CIRCLE('',#4356,5.E-1);
#4374=CIRCLE('',#4373,1.57E0);
#4427=CIRCLE('',#4426,1.37E0);
#4444=CIRCLE('',#4443,3.E-1);
#4473=CIRCLE('',#4472,3.E-1);
#4490=CIRCLE('',#4489,1.37E0);
#4543=CIRCLE('',#4542,1.37E0);
#4560=CIRCLE('',#4559,3.E-1);
#4589=CIRCLE('',#4588,3.E-1);
#4606=CIRCLE('',#4605,1.37E0);
#4663=CIRCLE('',#4662,1.57E0);
#4680=CIRCLE('',#4679,5.E-1);
#4709=CIRCLE('',#4708,5.E-1);
#4726=CIRCLE('',#4725,1.57E0);
#4887=CIRCLE('',#4886,1.37E0);
#4904=CIRCLE('',#4903,3.E-1);
#4933=CIRCLE('',#4932,3.E-1);
#4950=CIRCLE('',#4949,1.37E0);
#5007=CIRCLE('',#5006,1.37E0);
#5024=CIRCLE('',#5023,3.E-1);
#5053=CIRCLE('',#5052,3.E-1);
#5070=CIRCLE('',#5069,1.37E0);
#5275=CIRCLE('',#5274,3.E-1);
#5284=CIRCLE('',#5283,3.E-1);
#5293=CIRCLE('',#5292,3.E-1);
#5302=CIRCLE('',#5301,3.E-1);
#5355=CIRCLE('',#5354,3.E-1);
#5364=CIRCLE('',#5363,3.E-1);
#5381=CIRCLE('',#5380,3.E-1);
#5390=CIRCLE('',#5389,3.E-1);
#7156=EDGE_CURVE('',#5582,#5584,#5275,.T.);
#7158=EDGE_CURVE('',#5582,#5608,#484,.T.);
#7160=EDGE_CURVE('',#5606,#5608,#5381,.T.);
#7162=EDGE_CURVE('',#5606,#5600,#488,.T.);
#7164=EDGE_CURVE('',#5598,#5600,#5355,.T.);
#7166=EDGE_CURVE('',#5598,#5437,#492,.T.);
#7168=EDGE_CURVE('',#5437,#5438,#496,.T.);
#7170=EDGE_CURVE('',#5438,#5592,#500,.T.);
#7172=EDGE_CURVE('',#5590,#5592,#5293,.T.);
#7174=EDGE_CURVE('',#5590,#5425,#504,.T.);
#7176=EDGE_CURVE('',#5425,#5426,#509,.T.);
#7178=EDGE_CURVE('',#5426,#5584,#513,.T.);
#7182=EDGE_CURVE('',#5473,#5474,#20,.T.);
#7184=EDGE_CURVE('',#5474,#5477,#24,.T.);
#7186=EDGE_CURVE('',#5477,#5478,#28,.T.);
#7188=EDGE_CURVE('',#5478,#5481,#32,.T.);
#7190=EDGE_CURVE('',#5481,#5482,#36,.T.);
#7192=EDGE_CURVE('',#5482,#5473,#40,.T.);
#7196=EDGE_CURVE('',#5633,#5634,#44,.T.);
#7198=EDGE_CURVE('',#5634,#5636,#48,.T.);
#7200=EDGE_CURVE('',#5636,#5638,#52,.T.);
#7202=EDGE_CURVE('',#5638,#5633,#56,.T.);
#7206=EDGE_CURVE('',#5641,#5642,#60,.T.);
#7208=EDGE_CURVE('',#5642,#5645,#64,.T.);
#7210=EDGE_CURVE('',#5645,#5646,#68,.T.);
#7212=EDGE_CURVE('',#5646,#5650,#72,.T.);
#7214=EDGE_CURVE('',#5650,#5648,#76,.T.);
#7216=EDGE_CURVE('',#5648,#5641,#80,.T.);
#7220=EDGE_CURVE('',#5693,#5694,#84,.T.);
#7222=EDGE_CURVE('',#5694,#5697,#88,.T.);
#7224=EDGE_CURVE('',#5697,#5698,#92,.T.);
#7226=EDGE_CURVE('',#5698,#5701,#96,.T.);
#7228=EDGE_CURVE('',#5701,#5702,#100,.T.);
#7230=EDGE_CURVE('',#5702,#5693,#104,.T.);
#7234=EDGE_CURVE('',#5705,#5706,#108,.T.);
#7236=EDGE_CURVE('',#5706,#5708,#112,.T.);
#7238=EDGE_CURVE('',#5708,#5710,#116,.T.);
#7240=EDGE_CURVE('',#5710,#5705,#120,.T.);
#7244=EDGE_CURVE('',#5713,#5714,#124,.T.);
#7246=EDGE_CURVE('',#5714,#5717,#128,.T.);
#7248=EDGE_CURVE('',#5717,#5718,#132,.T.);
#7250=EDGE_CURVE('',#5718,#5721,#136,.T.);
#7252=EDGE_CURVE('',#5721,#5722,#140,.T.);
#7254=EDGE_CURVE('',#5722,#5713,#144,.T.);
#7258=EDGE_CURVE('',#5725,#5726,#148,.T.);
#7260=EDGE_CURVE('',#5726,#5728,#152,.T.);
#7262=EDGE_CURVE('',#5728,#5730,#156,.T.);
#7264=EDGE_CURVE('',#5730,#5725,#160,.T.);
#7268=EDGE_CURVE('',#6953,#6954,#164,.T.);
#7270=EDGE_CURVE('',#6954,#6956,#168,.T.);
#7272=EDGE_CURVE('',#6956,#6958,#172,.T.);
#7274=EDGE_CURVE('',#6958,#6960,#176,.T.);
#7276=EDGE_CURVE('',#6960,#6962,#180,.T.);
#7278=EDGE_CURVE('',#6962,#6953,#184,.T.);
#7282=EDGE_CURVE('',#6965,#6966,#188,.T.);
#7284=EDGE_CURVE('',#6966,#6968,#192,.T.);
#7286=EDGE_CURVE('',#6968,#6970,#196,.T.);
#7288=EDGE_CURVE('',#6970,#6965,#200,.T.);
#7292=EDGE_CURVE('',#6973,#6974,#204,.T.);
#7294=EDGE_CURVE('',#6974,#6976,#208,.T.);
#7296=EDGE_CURVE('',#6976,#6978,#212,.T.);
#7298=EDGE_CURVE('',#6978,#6980,#216,.T.);
#7300=EDGE_CURVE('',#6980,#6982,#220,.T.);
#7302=EDGE_CURVE('',#6982,#6973,#224,.T.);
#7306=EDGE_CURVE('',#6985,#6986,#228,.T.);
#7308=EDGE_CURVE('',#6986,#6988,#232,.T.);
#7310=EDGE_CURVE('',#6988,#6990,#236,.T.);
#7312=EDGE_CURVE('',#6990,#6985,#240,.T.);
#7316=EDGE_CURVE('',#7113,#7114,#244,.T.);
#7318=EDGE_CURVE('',#7114,#7116,#248,.T.);
#7320=EDGE_CURVE('',#7116,#7118,#252,.T.);
#7322=EDGE_CURVE('',#7118,#7120,#256,.T.);
#7324=EDGE_CURVE('',#7120,#7122,#260,.T.);
#7326=EDGE_CURVE('',#7122,#7113,#264,.T.);
#7330=EDGE_CURVE('',#7125,#7126,#268,.T.);
#7332=EDGE_CURVE('',#7126,#7128,#272,.T.);
#7334=EDGE_CURVE('',#7128,#7130,#276,.T.);
#7336=EDGE_CURVE('',#7130,#7125,#280,.T.);
#7340=EDGE_CURVE('',#7133,#7134,#284,.T.);
#7342=EDGE_CURVE('',#7134,#7136,#288,.T.);
#7344=EDGE_CURVE('',#7136,#7138,#292,.T.);
#7346=EDGE_CURVE('',#7138,#7140,#296,.T.);
#7348=EDGE_CURVE('',#7140,#7142,#300,.T.);
#7350=EDGE_CURVE('',#7142,#7133,#304,.T.);
#7354=EDGE_CURVE('',#7145,#7146,#308,.T.);
#7356=EDGE_CURVE('',#7146,#7148,#312,.T.);
#7358=EDGE_CURVE('',#7148,#7150,#316,.T.);
#7360=EDGE_CURVE('',#7150,#7145,#320,.T.);
#7364=EDGE_CURVE('',#5773,#5774,#324,.T.);
#7366=EDGE_CURVE('',#5774,#5776,#328,.T.);
#7368=EDGE_CURVE('',#5776,#5778,#332,.T.);
#7370=EDGE_CURVE('',#5778,#5773,#336,.T.);
#7374=EDGE_CURVE('',#5781,#5782,#340,.T.);
#7376=EDGE_CURVE('',#5782,#5785,#344,.T.);
#7378=EDGE_CURVE('',#5785,#5786,#348,.T.);
#7380=EDGE_CURVE('',#5786,#5789,#352,.T.);
#7382=EDGE_CURVE('',#5789,#5790,#356,.T.);
#7384=EDGE_CURVE('',#5790,#5781,#360,.T.);
#7388=EDGE_CURVE('',#5793,#5794,#364,.T.);
#7390=EDGE_CURVE('',#5794,#5796,#368,.T.);
#7392=EDGE_CURVE('',#5796,#5798,#372,.T.);
#7394=EDGE_CURVE('',#5798,#5793,#376,.T.);
#7398=EDGE_CURVE('',#5801,#5802,#380,.T.);
#7400=EDGE_CURVE('',#5802,#5805,#384,.T.);
#7402=EDGE_CURVE('',#5805,#5806,#388,.T.);
#7404=EDGE_CURVE('',#5806,#5809,#392,.T.);
#7406=EDGE_CURVE('',#5809,#5810,#396,.T.);
#7408=EDGE_CURVE('',#5810,#5801,#400,.T.);
#7412=EDGE_CURVE('',#7033,#7034,#404,.T.);
#7414=EDGE_CURVE('',#7034,#7036,#408,.T.);
#7416=EDGE_CURVE('',#7036,#7038,#412,.T.);
#7418=EDGE_CURVE('',#7038,#7033,#416,.T.);
#7422=EDGE_CURVE('',#7041,#7042,#420,.T.);
#7424=EDGE_CURVE('',#7042,#7044,#424,.T.);
#7426=EDGE_CURVE('',#7044,#7046,#428,.T.);
#7428=EDGE_CURVE('',#7046,#7048,#432,.T.);
#7430=EDGE_CURVE('',#7048,#7050,#436,.T.);
#7432=EDGE_CURVE('',#7050,#7041,#440,.T.);
#7436=EDGE_CURVE('',#7053,#7054,#444,.T.);
#7438=EDGE_CURVE('',#7054,#7056,#448,.T.);
#7440=EDGE_CURVE('',#7056,#7058,#452,.T.);
#7442=EDGE_CURVE('',#7058,#7053,#456,.T.);
#7446=EDGE_CURVE('',#7061,#7062,#460,.T.);
#7448=EDGE_CURVE('',#7062,#7064,#464,.T.);
#7450=EDGE_CURVE('',#7064,#7066,#468,.T.);
#7452=EDGE_CURVE('',#7066,#7068,#472,.T.);
#7454=EDGE_CURVE('',#7068,#7070,#476,.T.);
#7456=EDGE_CURVE('',#7070,#7061,#480,.T.);
#7460=EDGE_CURVE('',#5465,#5466,#4,.T.);
#7462=EDGE_CURVE('',#5466,#5468,#8,.T.);
#7464=EDGE_CURVE('',#5468,#5470,#12,.T.);
#7466=EDGE_CURVE('',#5470,#5465,#16,.T.);
#7477=EDGE_CURVE('',#5465,#5445,#517,.T.);
#7479=EDGE_CURVE('',#5445,#5446,#533,.T.);
#7481=EDGE_CURVE('',#5466,#5446,#529,.T.);
#7492=EDGE_CURVE('',#5470,#5450,#521,.T.);
#7494=EDGE_CURVE('',#5450,#5445,#537,.T.);
#7506=EDGE_CURVE('',#5468,#5448,#525,.T.);
#7508=EDGE_CURVE('',#5448,#5450,#541,.T.);
#7521=EDGE_CURVE('',#5446,#5448,#545,.T.);
#7538=EDGE_CURVE('',#5573,#5574,#589,.T.);
#7540=EDGE_CURVE('',#5574,#5578,#593,.T.);
#7542=EDGE_CURVE('',#5577,#5578,#597,.T.);
#7544=EDGE_CURVE('',#5573,#5577,#601,.T.);
#7554=EDGE_CURVE('',#5453,#5454,#549,.T.);
#7556=EDGE_CURVE('',#5462,#5453,#553,.T.);
#7558=EDGE_CURVE('',#5461,#5462,#557,.T.);
#7560=EDGE_CURVE('',#5458,#5461,#561,.T.);
#7562=EDGE_CURVE('',#5457,#5458,#565,.T.);
#7564=EDGE_CURVE('',#5454,#5457,#569,.T.);
#7568=EDGE_CURVE('',#5517,#5518,#573,.T.);
#7570=EDGE_CURVE('',#5518,#5522,#577,.T.);
#7572=EDGE_CURVE('',#5521,#5522,#581,.T.);
#7574=EDGE_CURVE('',#5517,#5521,#585,.T.);
#7585=EDGE_CURVE('',#5473,#5453,#605,.T.);
#7588=EDGE_CURVE('',#5474,#5454,#625,.T.);
#7599=EDGE_CURVE('',#5482,#5462,#609,.T.);
#7612=EDGE_CURVE('',#5481,#5461,#613,.T.);
#7625=EDGE_CURVE('',#5478,#5458,#617,.T.);
#7638=EDGE_CURVE('',#5477,#5457,#621,.T.);
#7662=EDGE_CURVE('',#5509,#5510,#671,.T.);
#7664=EDGE_CURVE('',#5510,#5524,#629,.T.);
#7666=EDGE_CURVE('',#5524,#5485,#634,.T.);
#7668=EDGE_CURVE('',#5485,#5486,#638,.T.);
#7670=EDGE_CURVE('',#5486,#5488,#642,.T.);
#7672=EDGE_CURVE('',#5488,#5490,#646,.T.);
#7674=EDGE_CURVE('',#5490,#5526,#651,.T.);
#7676=EDGE_CURVE('',#5526,#5509,#655,.T.);
#7687=EDGE_CURVE('',#5517,#5493,#659,.T.);
#7689=EDGE_CURVE('',#5493,#5494,#663,.T.);
#7691=EDGE_CURVE('',#5494,#5518,#667,.T.);
#7701=EDGE_CURVE('',#5829,#5830,#1055,.T.);
#7703=EDGE_CURVE('',#5830,#5832,#1059,.T.);
#7705=EDGE_CURVE('',#5851,#5832,#1063,.T.);
#7707=EDGE_CURVE('',#5851,#5852,#1067,.T.);
#7709=EDGE_CURVE('',#5852,#5854,#1071,.T.);
#7711=EDGE_CURVE('',#5589,#5854,#1075,.T.);
#7713=EDGE_CURVE('',#5594,#5589,#5302,.T.);
#7715=EDGE_CURVE('',#5597,#5594,#1079,.T.);
#7717=EDGE_CURVE('',#5602,#5597,#5364,.T.);
#7719=EDGE_CURVE('',#5829,#5602,#1083,.T.);
#7724=EDGE_CURVE('',#5509,#5513,#675,.T.);
#7726=EDGE_CURVE('',#5513,#5514,#679,.T.);
#7728=EDGE_CURVE('',#5510,#5514,#683,.T.);
#7732=EDGE_CURVE('',#5889,#5890,#687,.T.);
#7734=EDGE_CURVE('',#5889,#5893,#691,.T.);
#7736=EDGE_CURVE('',#5893,#5894,#695,.T.);
#7738=EDGE_CURVE('',#5890,#5894,#699,.T.);
#7742=EDGE_CURVE('',#5937,#5938,#703,.T.);
#7744=EDGE_CURVE('',#5937,#5941,#707,.T.);
#7746=EDGE_CURVE('',#5941,#5942,#711,.T.);
#7748=EDGE_CURVE('',#5938,#5942,#715,.T.);
#7752=EDGE_CURVE('',#5985,#5986,#719,.T.);
#7754=EDGE_CURVE('',#5985,#5989,#723,.T.);
#7756=EDGE_CURVE('',#5989,#5990,#727,.T.);
#7758=EDGE_CURVE('',#5986,#5990,#731,.T.);
#7762=EDGE_CURVE('',#6033,#6034,#735,.T.);
#7764=EDGE_CURVE('',#6033,#6037,#739,.T.);
#7766=EDGE_CURVE('',#6037,#6038,#743,.T.);
#7768=EDGE_CURVE('',#6034,#6038,#747,.T.);
#7772=EDGE_CURVE('',#6081,#6082,#751,.T.);
#7774=EDGE_CURVE('',#6081,#6085,#755,.T.);
#7776=EDGE_CURVE('',#6085,#6086,#759,.T.);
#7778=EDGE_CURVE('',#6082,#6086,#763,.T.);
#7782=EDGE_CURVE('',#6369,#6370,#767,.T.);
#7784=EDGE_CURVE('',#6369,#6373,#771,.T.);
#7786=EDGE_CURVE('',#6373,#6374,#775,.T.);
#7788=EDGE_CURVE('',#6370,#6374,#779,.T.);
#7792=EDGE_CURVE('',#6417,#6418,#783,.T.);
#7794=EDGE_CURVE('',#6417,#6421,#787,.T.);
#7796=EDGE_CURVE('',#6421,#6422,#791,.T.);
#7798=EDGE_CURVE('',#6418,#6422,#795,.T.);
#7802=EDGE_CURVE('',#6465,#6466,#799,.T.);
#7804=EDGE_CURVE('',#6465,#6469,#803,.T.);
#7806=EDGE_CURVE('',#6469,#6470,#807,.T.);
#7808=EDGE_CURVE('',#6466,#6470,#811,.T.);
#7812=EDGE_CURVE('',#6513,#6514,#815,.T.);
#7814=EDGE_CURVE('',#6513,#6517,#819,.T.);
#7816=EDGE_CURVE('',#6517,#6518,#823,.T.);
#7818=EDGE_CURVE('',#6514,#6518,#827,.T.);
#7822=EDGE_CURVE('',#6561,#6562,#831,.T.);
#7824=EDGE_CURVE('',#6561,#6565,#835,.T.);
#7826=EDGE_CURVE('',#6565,#6566,#839,.T.);
#7828=EDGE_CURVE('',#6562,#6566,#843,.T.);
#7832=EDGE_CURVE('',#6609,#6610,#847,.T.);
#7834=EDGE_CURVE('',#6609,#6613,#851,.T.);
#7836=EDGE_CURVE('',#6613,#6614,#855,.T.);
#7838=EDGE_CURVE('',#6610,#6614,#859,.T.);
#7842=EDGE_CURVE('',#5565,#5566,#863,.T.);
#7844=EDGE_CURVE('',#5565,#5569,#867,.T.);
#7846=EDGE_CURVE('',#5569,#5570,#871,.T.);
#7848=EDGE_CURVE('',#5566,#5570,#875,.T.);
#7852=EDGE_CURVE('',#6129,#6130,#879,.T.);
#7854=EDGE_CURVE('',#6129,#6133,#883,.T.);
#7856=EDGE_CURVE('',#6133,#6134,#887,.T.);
#7858=EDGE_CURVE('',#6130,#6134,#891,.T.);
#7862=EDGE_CURVE('',#6177,#6178,#895,.T.);
#7864=EDGE_CURVE('',#6177,#6181,#899,.T.);
#7866=EDGE_CURVE('',#6181,#6182,#903,.T.);
#7868=EDGE_CURVE('',#6178,#6182,#907,.T.);
#7872=EDGE_CURVE('',#6225,#6226,#911,.T.);
#7874=EDGE_CURVE('',#6225,#6229,#915,.T.);
#7876=EDGE_CURVE('',#6229,#6230,#919,.T.);
#7878=EDGE_CURVE('',#6226,#6230,#923,.T.);
#7882=EDGE_CURVE('',#6273,#6274,#927,.T.);
#7884=EDGE_CURVE('',#6273,#6277,#931,.T.);
#7886=EDGE_CURVE('',#6277,#6278,#935,.T.);
#7888=EDGE_CURVE('',#6274,#6278,#939,.T.);
#7892=EDGE_CURVE('',#6321,#6322,#943,.T.);
#7894=EDGE_CURVE('',#6321,#6325,#947,.T.);
#7896=EDGE_CURVE('',#6325,#6326,#951,.T.);
#7898=EDGE_CURVE('',#6322,#6326,#955,.T.);
#7902=EDGE_CURVE('',#6657,#6658,#959,.T.);
#7904=EDGE_CURVE('',#6657,#6661,#963,.T.);
#7906=EDGE_CURVE('',#6661,#6662,#967,.T.);
#7908=EDGE_CURVE('',#6658,#6662,#971,.T.);
#7912=EDGE_CURVE('',#6705,#6706,#975,.T.);
#7914=EDGE_CURVE('',#6705,#6709,#979,.T.);
#7916=EDGE_CURVE('',#6709,#6710,#983,.T.);
#7918=EDGE_CURVE('',#6706,#6710,#987,.T.);
#7922=EDGE_CURVE('',#6753,#6754,#991,.T.);
#7924=EDGE_CURVE('',#6753,#6757,#995,.T.);
#7926=EDGE_CURVE('',#6757,#6758,#999,.T.);
#7928=EDGE_CURVE('',#6754,#6758,#1003,.T.);
#7932=EDGE_CURVE('',#6801,#6802,#1007,.T.);
#7934=EDGE_CURVE('',#6801,#6805,#1011,.T.);
#7936=EDGE_CURVE('',#6805,#6806,#1015,.T.);
#7938=EDGE_CURVE('',#6802,#6806,#1019,.T.);
#7942=EDGE_CURVE('',#6849,#6850,#1023,.T.);
#7944=EDGE_CURVE('',#6849,#6853,#1027,.T.);
#7946=EDGE_CURVE('',#6853,#6854,#1031,.T.);
#7948=EDGE_CURVE('',#6850,#6854,#1035,.T.);
#7952=EDGE_CURVE('',#6897,#6898,#1039,.T.);
#7954=EDGE_CURVE('',#6897,#6901,#1043,.T.);
#7956=EDGE_CURVE('',#6901,#6902,#1047,.T.);
#7958=EDGE_CURVE('',#6898,#6902,#1051,.T.);
#7968=EDGE_CURVE('',#5835,#5836,#1087,.T.);
#7970=EDGE_CURVE('',#5836,#5838,#1091,.T.);
#7972=EDGE_CURVE('',#5406,#5838,#1095,.T.);
#7974=EDGE_CURVE('',#5405,#5406,#1099,.T.);
#7976=EDGE_CURVE('',#5408,#5405,#1103,.T.);
#7978=EDGE_CURVE('',#5835,#5408,#1107,.T.);
#7988=EDGE_CURVE('',#5841,#5842,#1111,.T.);
#7990=EDGE_CURVE('',#5841,#5842,#1116,.T.);
#8000=EDGE_CURVE('',#5845,#5846,#1120,.T.);
#8002=EDGE_CURVE('',#5846,#5848,#1124,.T.);
#8004=EDGE_CURVE('',#5412,#5848,#1128,.T.);
#8006=EDGE_CURVE('',#5411,#5412,#1132,.T.);
#8008=EDGE_CURVE('',#5414,#5411,#1136,.T.);
#8010=EDGE_CURVE('',#5845,#5414,#1140,.T.);
#8022=EDGE_CURVE('',#5526,#5530,#1144,.T.);
#8024=EDGE_CURVE('',#5530,#5513,#1172,.T.);
#8035=EDGE_CURVE('',#5521,#5505,#1210,.T.);
#8037=EDGE_CURVE('',#5493,#5505,#1214,.T.);
#8049=EDGE_CURVE('',#5490,#5502,#1148,.T.);
#8051=EDGE_CURVE('',#5502,#5530,#1177,.T.);
#8063=EDGE_CURVE('',#5488,#5500,#1152,.T.);
#8065=EDGE_CURVE('',#5500,#5502,#1181,.T.);
#8077=EDGE_CURVE('',#5486,#5498,#1156,.T.);
#8079=EDGE_CURVE('',#5498,#5500,#1185,.T.);
#8091=EDGE_CURVE('',#5485,#5497,#1160,.T.);
#8093=EDGE_CURVE('',#5497,#5498,#1189,.T.);
#8105=EDGE_CURVE('',#5524,#5528,#1164,.T.);
#8107=EDGE_CURVE('',#5528,#5497,#1194,.T.);
#8119=EDGE_CURVE('',#5514,#5528,#1198,.T.);
#8133=EDGE_CURVE('',#5494,#5506,#1168,.T.);
#8135=EDGE_CURVE('',#5506,#5522,#1202,.T.);
#8163=EDGE_CURVE('',#5505,#5506,#1206,.T.);
#8187=EDGE_CURVE('',#5890,#5857,#1218,.T.);
#8189=EDGE_CURVE('',#5857,#5858,#1223,.T.);
#8191=EDGE_CURVE('',#5858,#5860,#1227,.T.);
#8193=EDGE_CURVE('',#5860,#5862,#1231,.T.);
#8195=EDGE_CURVE('',#5862,#5864,#1235,.T.);
#8197=EDGE_CURVE('',#5864,#5866,#1240,.T.);
#8199=EDGE_CURVE('',#5866,#5889,#1244,.T.);
#8209=EDGE_CURVE('',#5897,#5898,#1410,.T.);
#8211=EDGE_CURVE('',#5897,#5869,#1248,.T.);
#8213=EDGE_CURVE('',#5869,#5870,#1252,.T.);
#8215=EDGE_CURVE('',#5870,#5898,#1256,.T.);
#8226=EDGE_CURVE('',#5894,#5873,#1290,.T.);
#8228=EDGE_CURVE('',#5857,#5873,#1326,.T.);
#8239=EDGE_CURVE('',#5898,#5902,#1414,.T.);
#8242=EDGE_CURVE('',#5870,#5886,#1260,.T.);
#8244=EDGE_CURVE('',#5886,#5902,#1294,.T.);
#8255=EDGE_CURVE('',#5882,#5893,#1264,.T.);
#8257=EDGE_CURVE('',#5880,#5882,#1269,.T.);
#8259=EDGE_CURVE('',#5878,#5880,#1273,.T.);
#8261=EDGE_CURVE('',#5876,#5878,#1277,.T.);
#8263=EDGE_CURVE('',#5874,#5876,#1281,.T.);
#8265=EDGE_CURVE('',#5873,#5874,#1286,.T.);
#8276=EDGE_CURVE('',#5901,#5902,#1418,.T.);
#8279=EDGE_CURVE('',#5885,#5886,#1298,.T.);
#8281=EDGE_CURVE('',#5901,#5885,#1302,.T.);
#8293=EDGE_CURVE('',#5866,#5882,#1306,.T.);
#8304=EDGE_CURVE('',#5897,#5901,#1422,.T.);
#8307=EDGE_CURVE('',#5869,#5885,#1902,.T.);
#8319=EDGE_CURVE('',#5864,#5880,#1310,.T.);
#8332=EDGE_CURVE('',#5862,#5878,#1314,.T.);
#8345=EDGE_CURVE('',#5860,#5876,#1318,.T.);
#8358=EDGE_CURVE('',#5858,#5874,#1322,.T.);
#8382=EDGE_CURVE('',#5653,#5654,#1330,.T.);
#8384=EDGE_CURVE('',#5662,#5653,#1334,.T.);
#8386=EDGE_CURVE('',#5661,#5662,#1338,.T.);
#8388=EDGE_CURVE('',#5658,#5661,#1342,.T.);
#8390=EDGE_CURVE('',#5657,#5658,#1346,.T.);
#8392=EDGE_CURVE('',#5654,#5657,#1350,.T.);
#8396=EDGE_CURVE('',#6185,#6186,#1458,.T.);
#8398=EDGE_CURVE('',#6186,#6190,#1462,.T.);
#8400=EDGE_CURVE('',#6189,#6190,#1466,.T.);
#8402=EDGE_CURVE('',#6185,#6189,#1470,.T.);
#8412=EDGE_CURVE('',#5665,#5666,#1354,.T.);
#8414=EDGE_CURVE('',#5670,#5665,#1358,.T.);
#8416=EDGE_CURVE('',#5668,#5670,#1362,.T.);
#8418=EDGE_CURVE('',#5666,#5668,#1366,.T.);
#8422=EDGE_CURVE('',#5945,#5946,#1426,.T.);
#8424=EDGE_CURVE('',#5946,#5950,#1430,.T.);
#8426=EDGE_CURVE('',#5949,#5950,#1434,.T.);
#8428=EDGE_CURVE('',#5945,#5949,#1438,.T.);
#8438=EDGE_CURVE('',#5673,#5674,#1370,.T.);
#8440=EDGE_CURVE('',#5682,#5673,#1374,.T.);
#8442=EDGE_CURVE('',#5681,#5682,#1378,.T.);
#8444=EDGE_CURVE('',#5678,#5681,#1382,.T.);
#8446=EDGE_CURVE('',#5677,#5678,#1386,.T.);
#8448=EDGE_CURVE('',#5674,#5677,#1390,.T.);
#8452=EDGE_CURVE('',#6137,#6138,#1442,.T.);
#8454=EDGE_CURVE('',#6138,#6142,#1446,.T.);
#8456=EDGE_CURVE('',#6141,#6142,#1450,.T.);
#8458=EDGE_CURVE('',#6137,#6141,#1454,.T.);
#8468=EDGE_CURVE('',#5685,#5686,#1394,.T.);
#8470=EDGE_CURVE('',#5690,#5685,#1398,.T.);
#8472=EDGE_CURVE('',#5688,#5690,#1402,.T.);
#8474=EDGE_CURVE('',#5686,#5688,#1406,.T.);
#8491=EDGE_CURVE('',#5693,#5653,#1474,.T.);
#8494=EDGE_CURVE('',#5694,#5654,#1494,.T.);
#8505=EDGE_CURVE('',#5702,#5662,#1478,.T.);
#8518=EDGE_CURVE('',#5701,#5661,#1482,.T.);
#8531=EDGE_CURVE('',#5698,#5658,#1486,.T.);
#8544=EDGE_CURVE('',#5697,#5657,#1490,.T.);
#8569=EDGE_CURVE('',#5705,#5665,#1498,.T.);
#8572=EDGE_CURVE('',#5706,#5666,#1510,.T.);
#8583=EDGE_CURVE('',#5710,#5670,#1502,.T.);
#8596=EDGE_CURVE('',#5708,#5668,#1506,.T.);
#8621=EDGE_CURVE('',#5713,#5673,#1514,.T.);
#8624=EDGE_CURVE('',#5714,#5674,#1534,.T.);
#8635=EDGE_CURVE('',#5722,#5682,#1518,.T.);
#8648=EDGE_CURVE('',#5721,#5681,#1522,.T.);
#8661=EDGE_CURVE('',#5718,#5678,#1526,.T.);
#8674=EDGE_CURVE('',#5717,#5677,#1530,.T.);
#8699=EDGE_CURVE('',#5725,#5685,#1538,.T.);
#8702=EDGE_CURVE('',#5726,#5686,#1550,.T.);
#8713=EDGE_CURVE('',#5730,#5690,#1542,.T.);
#8726=EDGE_CURVE('',#5728,#5688,#1546,.T.);
#8751=EDGE_CURVE('',#5938,#5905,#1554,.T.);
#8753=EDGE_CURVE('',#5905,#5906,#1559,.T.);
#8755=EDGE_CURVE('',#5906,#5908,#1563,.T.);
#8757=EDGE_CURVE('',#5908,#5910,#1567,.T.);
#8759=EDGE_CURVE('',#5910,#5912,#1571,.T.);
#8761=EDGE_CURVE('',#5912,#5914,#1576,.T.);
#8763=EDGE_CURVE('',#5914,#5937,#1580,.T.);
#8774=EDGE_CURVE('',#5945,#5917,#1584,.T.);
#8776=EDGE_CURVE('',#5917,#5918,#1588,.T.);
#8778=EDGE_CURVE('',#5918,#5946,#1592,.T.);
#8789=EDGE_CURVE('',#5942,#5921,#1626,.T.);
#8791=EDGE_CURVE('',#5905,#5921,#1662,.T.);
#8804=EDGE_CURVE('',#5918,#5934,#1596,.T.);
#8806=EDGE_CURVE('',#5934,#5950,#1630,.T.);
#8817=EDGE_CURVE('',#5930,#5941,#1600,.T.);
#8819=EDGE_CURVE('',#5928,#5930,#1605,.T.);
#8821=EDGE_CURVE('',#5926,#5928,#1609,.T.);
#8823=EDGE_CURVE('',#5924,#5926,#1613,.T.);
#8825=EDGE_CURVE('',#5922,#5924,#1617,.T.);
#8827=EDGE_CURVE('',#5921,#5922,#1622,.T.);
#8840=EDGE_CURVE('',#5933,#5934,#1634,.T.);
#8842=EDGE_CURVE('',#5949,#5933,#1638,.T.);
#8854=EDGE_CURVE('',#5914,#5930,#1642,.T.);
#8867=EDGE_CURVE('',#5917,#5933,#1666,.T.);
#8879=EDGE_CURVE('',#5912,#5928,#1646,.T.);
#8892=EDGE_CURVE('',#5910,#5926,#1650,.T.);
#8905=EDGE_CURVE('',#5908,#5924,#1654,.T.);
#8918=EDGE_CURVE('',#5906,#5922,#1658,.T.);
#8955=EDGE_CURVE('',#6130,#6097,#1670,.T.);
#8957=EDGE_CURVE('',#6097,#6098,#1675,.T.);
#8959=EDGE_CURVE('',#6098,#6100,#1679,.T.);
#8961=EDGE_CURVE('',#6100,#6102,#1683,.T.);
#8963=EDGE_CURVE('',#6102,#6104,#1687,.T.);
#8965=EDGE_CURVE('',#6104,#6106,#1692,.T.);
#8967=EDGE_CURVE('',#6106,#6129,#1696,.T.);
#8978=EDGE_CURVE('',#6137,#6109,#1700,.T.);
#8980=EDGE_CURVE('',#6109,#6110,#1704,.T.);
#8982=EDGE_CURVE('',#6110,#6138,#1708,.T.);
#8993=EDGE_CURVE('',#6134,#6113,#1742,.T.);
#8995=EDGE_CURVE('',#6097,#6113,#1778,.T.);
#9008=EDGE_CURVE('',#6110,#6126,#1712,.T.);
#9010=EDGE_CURVE('',#6126,#6142,#1746,.T.);
#9021=EDGE_CURVE('',#6122,#6133,#1716,.T.);
#9023=EDGE_CURVE('',#6120,#6122,#1721,.T.);
#9025=EDGE_CURVE('',#6118,#6120,#1725,.T.);
#9027=EDGE_CURVE('',#6116,#6118,#1729,.T.);
#9029=EDGE_CURVE('',#6114,#6116,#1733,.T.);
#9031=EDGE_CURVE('',#6113,#6114,#1738,.T.);
#9044=EDGE_CURVE('',#6125,#6126,#1750,.T.);
#9046=EDGE_CURVE('',#6141,#6125,#1754,.T.);
#9058=EDGE_CURVE('',#6106,#6122,#1758,.T.);
#9071=EDGE_CURVE('',#6109,#6125,#1782,.T.);
#9083=EDGE_CURVE('',#6104,#6120,#1762,.T.);
#9096=EDGE_CURVE('',#6102,#6118,#1766,.T.);
#9109=EDGE_CURVE('',#6100,#6116,#1770,.T.);
#9122=EDGE_CURVE('',#6098,#6114,#1774,.T.);
#9159=EDGE_CURVE('',#6178,#6145,#1786,.T.);
#9161=EDGE_CURVE('',#6145,#6146,#1791,.T.);
#9163=EDGE_CURVE('',#6146,#6148,#1795,.T.);
#9165=EDGE_CURVE('',#6148,#6150,#1799,.T.);
#9167=EDGE_CURVE('',#6150,#6152,#1803,.T.);
#9169=EDGE_CURVE('',#6152,#6154,#1808,.T.);
#9171=EDGE_CURVE('',#6154,#6177,#1812,.T.);
#9182=EDGE_CURVE('',#6185,#6157,#1816,.T.);
#9184=EDGE_CURVE('',#6157,#6158,#1820,.T.);
#9186=EDGE_CURVE('',#6158,#6186,#1824,.T.);
#9197=EDGE_CURVE('',#6182,#6161,#1858,.T.);
#9199=EDGE_CURVE('',#6145,#6161,#1894,.T.);
#9212=EDGE_CURVE('',#6158,#6174,#1828,.T.);
#9214=EDGE_CURVE('',#6174,#6190,#1862,.T.);
#9225=EDGE_CURVE('',#6170,#6181,#1832,.T.);
#9227=EDGE_CURVE('',#6168,#6170,#1837,.T.);
#9229=EDGE_CURVE('',#6166,#6168,#1841,.T.);
#9231=EDGE_CURVE('',#6164,#6166,#1845,.T.);
#9233=EDGE_CURVE('',#6162,#6164,#1849,.T.);
#9235=EDGE_CURVE('',#6161,#6162,#1854,.T.);
#9248=EDGE_CURVE('',#6173,#6174,#1866,.T.);
#9250=EDGE_CURVE('',#6189,#6173,#1870,.T.);
#9262=EDGE_CURVE('',#6154,#6170,#1874,.T.);
#9275=EDGE_CURVE('',#6157,#6173,#1898,.T.);
#9287=EDGE_CURVE('',#6152,#6168,#1878,.T.);
#9300=EDGE_CURVE('',#6150,#6166,#1882,.T.);
#9313=EDGE_CURVE('',#6148,#6164,#1886,.T.);
#9326=EDGE_CURVE('',#6146,#6162,#1890,.T.);
#9375=EDGE_CURVE('',#5986,#5953,#1906,.T.);
#9377=EDGE_CURVE('',#5953,#5954,#1911,.T.);
#9379=EDGE_CURVE('',#5954,#5956,#1915,.T.);
#9381=EDGE_CURVE('',#5956,#5958,#1919,.T.);
#9383=EDGE_CURVE('',#5958,#5960,#1923,.T.);
#9385=EDGE_CURVE('',#5960,#5962,#1928,.T.);
#9387=EDGE_CURVE('',#5962,#5985,#1932,.T.);
#9397=EDGE_CURVE('',#5993,#5994,#2098,.T.);
#9399=EDGE_CURVE('',#5993,#5965,#1936,.T.);
#9401=EDGE_CURVE('',#5965,#5966,#1940,.T.);
#9403=EDGE_CURVE('',#5966,#5994,#1944,.T.);
#9414=EDGE_CURVE('',#5990,#5969,#1978,.T.);
#9416=EDGE_CURVE('',#5953,#5969,#2014,.T.);
#9427=EDGE_CURVE('',#5994,#5998,#2102,.T.);
#9430=EDGE_CURVE('',#5966,#5982,#1948,.T.);
#9432=EDGE_CURVE('',#5982,#5998,#1982,.T.);
#9443=EDGE_CURVE('',#5978,#5989,#1952,.T.);
#9445=EDGE_CURVE('',#5976,#5978,#1957,.T.);
#9447=EDGE_CURVE('',#5974,#5976,#1961,.T.);
#9449=EDGE_CURVE('',#5972,#5974,#1965,.T.);
#9451=EDGE_CURVE('',#5970,#5972,#1969,.T.);
#9453=EDGE_CURVE('',#5969,#5970,#1974,.T.);
#9464=EDGE_CURVE('',#5997,#5998,#2106,.T.);
#9467=EDGE_CURVE('',#5981,#5982,#1986,.T.);
#9469=EDGE_CURVE('',#5997,#5981,#1990,.T.);
#9481=EDGE_CURVE('',#5962,#5978,#1994,.T.);
#9492=EDGE_CURVE('',#5993,#5997,#2110,.T.);
#9495=EDGE_CURVE('',#5965,#5981,#2590,.T.);
#9507=EDGE_CURVE('',#5960,#5976,#1998,.T.);
#9520=EDGE_CURVE('',#5958,#5974,#2002,.T.);
#9533=EDGE_CURVE('',#5956,#5972,#2006,.T.);
#9546=EDGE_CURVE('',#5954,#5970,#2010,.T.);
#9570=EDGE_CURVE('',#5733,#5734,#2018,.T.);
#9572=EDGE_CURVE('',#5738,#5733,#2022,.T.);
#9574=EDGE_CURVE('',#5736,#5738,#2026,.T.);
#9576=EDGE_CURVE('',#5734,#5736,#2030,.T.);
#9580=EDGE_CURVE('',#6281,#6282,#2146,.T.);
#9582=EDGE_CURVE('',#6282,#6286,#2150,.T.);
#9584=EDGE_CURVE('',#6285,#6286,#2154,.T.);
#9586=EDGE_CURVE('',#6281,#6285,#2158,.T.);
#9596=EDGE_CURVE('',#5741,#5742,#2034,.T.);
#9598=EDGE_CURVE('',#5750,#5741,#2038,.T.);
#9600=EDGE_CURVE('',#5749,#5750,#2042,.T.);
#9602=EDGE_CURVE('',#5746,#5749,#2046,.T.);
#9604=EDGE_CURVE('',#5745,#5746,#2050,.T.);
#9606=EDGE_CURVE('',#5742,#5745,#2054,.T.);
#9610=EDGE_CURVE('',#6041,#6042,#2114,.T.);
#9612=EDGE_CURVE('',#6042,#6046,#2118,.T.);
#9614=EDGE_CURVE('',#6045,#6046,#2122,.T.);
#9616=EDGE_CURVE('',#6041,#6045,#2126,.T.);
#9626=EDGE_CURVE('',#5753,#5754,#2058,.T.);
#9628=EDGE_CURVE('',#5758,#5753,#2062,.T.);
#9630=EDGE_CURVE('',#5756,#5758,#2066,.T.);
#9632=EDGE_CURVE('',#5754,#5756,#2070,.T.);
#9636=EDGE_CURVE('',#6233,#6234,#2130,.T.);
#9638=EDGE_CURVE('',#6234,#6238,#2134,.T.);
#9640=EDGE_CURVE('',#6237,#6238,#2138,.T.);
#9642=EDGE_CURVE('',#6233,#6237,#2142,.T.);
#9652=EDGE_CURVE('',#5761,#5762,#2074,.T.);
#9654=EDGE_CURVE('',#5770,#5761,#2078,.T.);
#9656=EDGE_CURVE('',#5769,#5770,#2082,.T.);
#9658=EDGE_CURVE('',#5766,#5769,#2086,.T.);
#9660=EDGE_CURVE('',#5765,#5766,#2090,.T.);
#9662=EDGE_CURVE('',#5762,#5765,#2094,.T.);
#9679=EDGE_CURVE('',#5773,#5733,#2162,.T.);
#9682=EDGE_CURVE('',#5774,#5734,#2174,.T.);
#9693=EDGE_CURVE('',#5778,#5738,#2166,.T.);
#9706=EDGE_CURVE('',#5776,#5736,#2170,.T.);
#9731=EDGE_CURVE('',#5781,#5741,#2178,.T.);
#9734=EDGE_CURVE('',#5782,#5742,#2198,.T.);
#9745=EDGE_CURVE('',#5790,#5750,#2182,.T.);
#9758=EDGE_CURVE('',#5789,#5749,#2186,.T.);
#9771=EDGE_CURVE('',#5786,#5746,#2190,.T.);
#9784=EDGE_CURVE('',#5785,#5745,#2194,.T.);
#9809=EDGE_CURVE('',#5793,#5753,#2202,.T.);
#9812=EDGE_CURVE('',#5794,#5754,#2214,.T.);
#9823=EDGE_CURVE('',#5798,#5758,#2206,.T.);
#9836=EDGE_CURVE('',#5796,#5756,#2210,.T.);
#9861=EDGE_CURVE('',#5801,#5761,#2218,.T.);
#9864=EDGE_CURVE('',#5802,#5762,#2238,.T.);
#9875=EDGE_CURVE('',#5810,#5770,#2222,.T.);
#9888=EDGE_CURVE('',#5809,#5769,#2226,.T.);
#9901=EDGE_CURVE('',#5806,#5766,#2230,.T.);
#9914=EDGE_CURVE('',#5805,#5765,#2234,.T.);
#9939=EDGE_CURVE('',#6034,#6001,#2242,.T.);
#9941=EDGE_CURVE('',#6001,#6002,#2247,.T.);
#9943=EDGE_CURVE('',#6002,#6004,#2251,.T.);
#9945=EDGE_CURVE('',#6004,#6006,#2255,.T.);
#9947=EDGE_CURVE('',#6006,#6008,#2259,.T.);
#9949=EDGE_CURVE('',#6008,#6010,#2264,.T.);
#9951=EDGE_CURVE('',#6010,#6033,#2268,.T.);
#9962=EDGE_CURVE('',#6041,#6013,#2272,.T.);
#9964=EDGE_CURVE('',#6013,#6014,#2276,.T.);
#9966=EDGE_CURVE('',#6014,#6042,#2280,.T.);
#9977=EDGE_CURVE('',#6038,#6017,#2314,.T.);
#9979=EDGE_CURVE('',#6001,#6017,#2350,.T.);
#9992=EDGE_CURVE('',#6014,#6030,#2284,.T.);
#9994=EDGE_CURVE('',#6030,#6046,#2318,.T.);
#10005=EDGE_CURVE('',#6026,#6037,#2288,.T.);
#10007=EDGE_CURVE('',#6024,#6026,#2293,.T.);
#10009=EDGE_CURVE('',#6022,#6024,#2297,.T.);
#10011=EDGE_CURVE('',#6020,#6022,#2301,.T.);
#10013=EDGE_CURVE('',#6018,#6020,#2305,.T.);
#10015=EDGE_CURVE('',#6017,#6018,#2310,.T.);
#10028=EDGE_CURVE('',#6029,#6030,#2322,.T.);
#10030=EDGE_CURVE('',#6045,#6029,#2326,.T.);
#10042=EDGE_CURVE('',#6010,#6026,#2330,.T.);
#10055=EDGE_CURVE('',#6013,#6029,#2354,.T.);
#10067=EDGE_CURVE('',#6008,#6024,#2334,.T.);
#10080=EDGE_CURVE('',#6006,#6022,#2338,.T.);
#10093=EDGE_CURVE('',#6004,#6020,#2342,.T.);
#10106=EDGE_CURVE('',#6002,#6018,#2346,.T.);
#10143=EDGE_CURVE('',#6226,#6193,#2358,.T.);
#10145=EDGE_CURVE('',#6193,#6194,#2363,.T.);
#10147=EDGE_CURVE('',#6194,#6196,#2367,.T.);
#10149=EDGE_CURVE('',#6196,#6198,#2371,.T.);
#10151=EDGE_CURVE('',#6198,#6200,#2375,.T.);
#10153=EDGE_CURVE('',#6200,#6202,#2380,.T.);
#10155=EDGE_CURVE('',#6202,#6225,#2384,.T.);
#10166=EDGE_CURVE('',#6233,#6205,#2388,.T.);
#10168=EDGE_CURVE('',#6205,#6206,#2392,.T.);
#10170=EDGE_CURVE('',#6206,#6234,#2396,.T.);
#10181=EDGE_CURVE('',#6230,#6209,#2430,.T.);
#10183=EDGE_CURVE('',#6193,#6209,#2466,.T.);
#10196=EDGE_CURVE('',#6206,#6222,#2400,.T.);
#10198=EDGE_CURVE('',#6222,#6238,#2434,.T.);
#10209=EDGE_CURVE('',#6218,#6229,#2404,.T.);
#10211=EDGE_CURVE('',#6216,#6218,#2409,.T.);
#10213=EDGE_CURVE('',#6214,#6216,#2413,.T.);
#10215=EDGE_CURVE('',#6212,#6214,#2417,.T.);
#10217=EDGE_CURVE('',#6210,#6212,#2421,.T.);
#10219=EDGE_CURVE('',#6209,#6210,#2426,.T.);
#10232=EDGE_CURVE('',#6221,#6222,#2438,.T.);
#10234=EDGE_CURVE('',#6237,#6221,#2442,.T.);
#10246=EDGE_CURVE('',#6202,#6218,#2446,.T.);
#10259=EDGE_CURVE('',#6205,#6221,#2470,.T.);
#10271=EDGE_CURVE('',#6200,#6216,#2450,.T.);
#10284=EDGE_CURVE('',#6198,#6214,#2454,.T.);
#10297=EDGE_CURVE('',#6196,#6212,#2458,.T.);
#10310=EDGE_CURVE('',#6194,#6210,#2462,.T.);
#10347=EDGE_CURVE('',#6274,#6241,#2474,.T.);
#10349=EDGE_CURVE('',#6241,#6242,#2479,.T.);
#10351=EDGE_CURVE('',#6242,#6244,#2483,.T.);
#10353=EDGE_CURVE('',#6244,#6246,#2487,.T.);
#10355=EDGE_CURVE('',#6246,#6248,#2491,.T.);
#10357=EDGE_CURVE('',#6248,#6250,#2496,.T.);
#10359=EDGE_CURVE('',#6250,#6273,#2500,.T.);
#10370=EDGE_CURVE('',#6281,#6253,#2504,.T.);
#10372=EDGE_CURVE('',#6253,#6254,#2508,.T.);
#10374=EDGE_CURVE('',#6254,#6282,#2512,.T.);
#10385=EDGE_CURVE('',#6278,#6257,#2546,.T.);
#10387=EDGE_CURVE('',#6241,#6257,#2582,.T.);
#10400=EDGE_CURVE('',#6254,#6270,#2516,.T.);
#10402=EDGE_CURVE('',#6270,#6286,#2550,.T.);
#10413=EDGE_CURVE('',#6266,#6277,#2520,.T.);
#10415=EDGE_CURVE('',#6264,#6266,#2525,.T.);
#10417=EDGE_CURVE('',#6262,#6264,#2529,.T.);
#10419=EDGE_CURVE('',#6260,#6262,#2533,.T.);
#10421=EDGE_CURVE('',#6258,#6260,#2537,.T.);
#10423=EDGE_CURVE('',#6257,#6258,#2542,.T.);
#10436=EDGE_CURVE('',#6269,#6270,#2554,.T.);
#10438=EDGE_CURVE('',#6285,#6269,#2558,.T.);
#10450=EDGE_CURVE('',#6250,#6266,#2562,.T.);
#10463=EDGE_CURVE('',#6253,#6269,#2586,.T.);
#10475=EDGE_CURVE('',#6248,#6264,#2566,.T.);
#10488=EDGE_CURVE('',#6246,#6262,#2570,.T.);
#10501=EDGE_CURVE('',#6244,#6260,#2574,.T.);
#10514=EDGE_CURVE('',#6242,#6258,#2578,.T.);
#10563=EDGE_CURVE('',#6082,#6049,#2594,.T.);
#10565=EDGE_CURVE('',#6049,#6050,#2599,.T.);
#10567=EDGE_CURVE('',#6050,#6052,#2603,.T.);
#10569=EDGE_CURVE('',#6052,#6054,#2607,.T.);
#10571=EDGE_CURVE('',#6054,#6056,#2611,.T.);
#10573=EDGE_CURVE('',#6056,#6058,#2616,.T.);
#10575=EDGE_CURVE('',#6058,#6081,#2620,.T.);
#10585=EDGE_CURVE('',#6062,#6088,#2624,.T.);
#10587=EDGE_CURVE('',#6090,#6088,#2786,.T.);
#10589=EDGE_CURVE('',#6090,#6061,#2628,.T.);
#10591=EDGE_CURVE('',#6061,#6062,#2632,.T.);
#10602=EDGE_CURVE('',#6086,#6065,#2666,.T.);
#10604=EDGE_CURVE('',#6049,#6065,#2702,.T.);
#10616=EDGE_CURVE('',#6062,#6078,#2636,.T.);
#10618=EDGE_CURVE('',#6078,#6092,#2670,.T.);
#10620=EDGE_CURVE('',#6088,#6092,#2790,.T.);
#10631=EDGE_CURVE('',#6074,#6085,#2640,.T.);
#10633=EDGE_CURVE('',#6072,#6074,#2645,.T.);
#10635=EDGE_CURVE('',#6070,#6072,#2649,.T.);
#10637=EDGE_CURVE('',#6068,#6070,#2653,.T.);
#10639=EDGE_CURVE('',#6066,#6068,#2657,.T.);
#10641=EDGE_CURVE('',#6065,#6066,#2662,.T.);
#10653=EDGE_CURVE('',#6077,#6078,#2674,.T.);
#10655=EDGE_CURVE('',#6094,#6077,#2678,.T.);
#10657=EDGE_CURVE('',#6094,#6092,#2794,.T.);
#10669=EDGE_CURVE('',#6058,#6074,#2682,.T.);
#10681=EDGE_CURVE('',#6090,#6094,#2798,.T.);
#10684=EDGE_CURVE('',#6061,#6077,#3278,.T.);
#10695=EDGE_CURVE('',#6056,#6072,#2686,.T.);
#10708=EDGE_CURVE('',#6054,#6070,#2690,.T.);
#10721=EDGE_CURVE('',#6052,#6068,#2694,.T.);
#10734=EDGE_CURVE('',#6050,#6066,#2698,.T.);
#10758=EDGE_CURVE('',#6913,#6914,#2706,.T.);
#10760=EDGE_CURVE('',#6922,#6913,#2710,.T.);
#10762=EDGE_CURVE('',#6920,#6922,#2714,.T.);
#10764=EDGE_CURVE('',#6918,#6920,#2718,.T.);
#10766=EDGE_CURVE('',#6916,#6918,#2722,.T.);
#10768=EDGE_CURVE('',#6914,#6916,#2726,.T.);
#10772=EDGE_CURVE('',#6666,#6664,#2834,.T.);
#10774=EDGE_CURVE('',#6664,#6668,#2838,.T.);
#10776=EDGE_CURVE('',#6670,#6668,#2842,.T.);
#10778=EDGE_CURVE('',#6666,#6670,#2846,.T.);
#10788=EDGE_CURVE('',#6925,#6926,#2730,.T.);
#10790=EDGE_CURVE('',#6930,#6925,#2734,.T.);
#10792=EDGE_CURVE('',#6928,#6930,#2738,.T.);
#10794=EDGE_CURVE('',#6926,#6928,#2742,.T.);
#10798=EDGE_CURVE('',#6378,#6376,#2802,.T.);
#10800=EDGE_CURVE('',#6376,#6380,#2806,.T.);
#10802=EDGE_CURVE('',#6382,#6380,#2810,.T.);
#10804=EDGE_CURVE('',#6378,#6382,#2814,.T.);
#10814=EDGE_CURVE('',#6933,#6934,#2746,.T.);
#10816=EDGE_CURVE('',#6942,#6933,#2750,.T.);
#10818=EDGE_CURVE('',#6940,#6942,#2754,.T.);
#10820=EDGE_CURVE('',#6938,#6940,#2758,.T.);
#10822=EDGE_CURVE('',#6936,#6938,#2762,.T.);
#10824=EDGE_CURVE('',#6934,#6936,#2766,.T.);
#10828=EDGE_CURVE('',#6330,#6328,#2818,.T.);
#10830=EDGE_CURVE('',#6328,#6332,#2822,.T.);
#10832=EDGE_CURVE('',#6334,#6332,#2826,.T.);
#10834=EDGE_CURVE('',#6330,#6334,#2830,.T.);
#10844=EDGE_CURVE('',#6945,#6946,#2770,.T.);
#10846=EDGE_CURVE('',#6950,#6945,#2774,.T.);
#10848=EDGE_CURVE('',#6948,#6950,#2778,.T.);
#10850=EDGE_CURVE('',#6946,#6948,#2782,.T.);
#10867=EDGE_CURVE('',#6953,#6913,#2850,.T.);
#10870=EDGE_CURVE('',#6954,#6914,#2870,.T.);
#10881=EDGE_CURVE('',#6962,#6922,#2854,.T.);
#10894=EDGE_CURVE('',#6960,#6920,#2858,.T.);
#10907=EDGE_CURVE('',#6958,#6918,#2862,.T.);
#10920=EDGE_CURVE('',#6956,#6916,#2866,.T.);
#10945=EDGE_CURVE('',#6965,#6925,#2874,.T.);
#10948=EDGE_CURVE('',#6966,#6926,#2886,.T.);
#10959=EDGE_CURVE('',#6970,#6930,#2878,.T.);
#10972=EDGE_CURVE('',#6968,#6928,#2882,.T.);
#10997=EDGE_CURVE('',#6973,#6933,#2890,.T.);
#11000=EDGE_CURVE('',#6974,#6934,#2910,.T.);
#11011=EDGE_CURVE('',#6982,#6942,#2894,.T.);
#11024=EDGE_CURVE('',#6980,#6940,#2898,.T.);
#11037=EDGE_CURVE('',#6978,#6938,#2902,.T.);
#11050=EDGE_CURVE('',#6976,#6936,#2906,.T.);
#11075=EDGE_CURVE('',#6985,#6945,#2914,.T.);
#11078=EDGE_CURVE('',#6986,#6946,#2926,.T.);
#11089=EDGE_CURVE('',#6990,#6950,#2918,.T.);
#11102=EDGE_CURVE('',#6988,#6948,#2922,.T.);
#11127=EDGE_CURVE('',#6370,#6337,#2930,.T.);
#11129=EDGE_CURVE('',#6337,#6338,#2935,.T.);
#11131=EDGE_CURVE('',#6338,#6340,#2939,.T.);
#11133=EDGE_CURVE('',#6340,#6342,#2943,.T.);
#11135=EDGE_CURVE('',#6342,#6344,#2947,.T.);
#11137=EDGE_CURVE('',#6344,#6346,#2952,.T.);
#11139=EDGE_CURVE('',#6346,#6369,#2956,.T.);
#11149=EDGE_CURVE('',#6350,#6376,#2960,.T.);
#11152=EDGE_CURVE('',#6378,#6349,#2964,.T.);
#11154=EDGE_CURVE('',#6349,#6350,#2968,.T.);
#11165=EDGE_CURVE('',#6374,#6353,#3002,.T.);
#11167=EDGE_CURVE('',#6337,#6353,#3038,.T.);
#11179=EDGE_CURVE('',#6350,#6366,#2972,.T.);
#11181=EDGE_CURVE('',#6366,#6380,#3006,.T.);
#11193=EDGE_CURVE('',#6362,#6373,#2976,.T.);
#11195=EDGE_CURVE('',#6360,#6362,#2981,.T.);
#11197=EDGE_CURVE('',#6358,#6360,#2985,.T.);
#11199=EDGE_CURVE('',#6356,#6358,#2989,.T.);
#11201=EDGE_CURVE('',#6354,#6356,#2993,.T.);
#11203=EDGE_CURVE('',#6353,#6354,#2998,.T.);
#11215=EDGE_CURVE('',#6365,#6366,#3010,.T.);
#11217=EDGE_CURVE('',#6382,#6365,#3014,.T.);
#11230=EDGE_CURVE('',#6346,#6362,#3018,.T.);
#11244=EDGE_CURVE('',#6349,#6365,#3042,.T.);
#11255=EDGE_CURVE('',#6344,#6360,#3022,.T.);
#11268=EDGE_CURVE('',#6342,#6358,#3026,.T.);
#11281=EDGE_CURVE('',#6340,#6356,#3030,.T.);
#11294=EDGE_CURVE('',#6338,#6354,#3034,.T.);
#11331=EDGE_CURVE('',#6322,#6289,#3046,.T.);
#11333=EDGE_CURVE('',#6289,#6290,#3051,.T.);
#11335=EDGE_CURVE('',#6290,#6292,#3055,.T.);
#11337=EDGE_CURVE('',#6292,#6294,#3059,.T.);
#11339=EDGE_CURVE('',#6294,#6296,#3063,.T.);
#11341=EDGE_CURVE('',#6296,#6298,#3068,.T.);
#11343=EDGE_CURVE('',#6298,#6321,#3072,.T.);
#11353=EDGE_CURVE('',#6302,#6328,#3076,.T.);
#11356=EDGE_CURVE('',#6330,#6301,#3080,.T.);
#11358=EDGE_CURVE('',#6301,#6302,#3084,.T.);
#11369=EDGE_CURVE('',#6326,#6305,#3118,.T.);
#11371=EDGE_CURVE('',#6289,#6305,#3154,.T.);
#11383=EDGE_CURVE('',#6302,#6318,#3088,.T.);
#11385=EDGE_CURVE('',#6318,#6332,#3122,.T.);
#11397=EDGE_CURVE('',#6314,#6325,#3092,.T.);
#11399=EDGE_CURVE('',#6312,#6314,#3097,.T.);
#11401=EDGE_CURVE('',#6310,#6312,#3101,.T.);
#11403=EDGE_CURVE('',#6308,#6310,#3105,.T.);
#11405=EDGE_CURVE('',#6306,#6308,#3109,.T.);
#11407=EDGE_CURVE('',#6305,#6306,#3114,.T.);
#11419=EDGE_CURVE('',#6317,#6318,#3126,.T.);
#11421=EDGE_CURVE('',#6334,#6317,#3130,.T.);
#11434=EDGE_CURVE('',#6298,#6314,#3134,.T.);
#11448=EDGE_CURVE('',#6301,#6317,#3158,.T.);
#11459=EDGE_CURVE('',#6296,#6312,#3138,.T.);
#11472=EDGE_CURVE('',#6294,#6310,#3142,.T.);
#11485=EDGE_CURVE('',#6292,#6308,#3146,.T.);
#11498=EDGE_CURVE('',#6290,#6306,#3150,.T.);
#11535=EDGE_CURVE('',#6658,#6625,#3162,.T.);
#11537=EDGE_CURVE('',#6625,#6626,#3167,.T.);
#11539=EDGE_CURVE('',#6626,#6628,#3171,.T.);
#11541=EDGE_CURVE('',#6628,#6630,#3175,.T.);
#11543=EDGE_CURVE('',#6630,#6632,#3179,.T.);
#11545=EDGE_CURVE('',#6632,#6634,#3184,.T.);
#11547=EDGE_CURVE('',#6634,#6657,#3188,.T.);
#11557=EDGE_CURVE('',#6638,#6664,#3192,.T.);
#11560=EDGE_CURVE('',#6666,#6637,#3196,.T.);
#11562=EDGE_CURVE('',#6637,#6638,#3200,.T.);
#11573=EDGE_CURVE('',#6662,#6641,#3234,.T.);
#11575=EDGE_CURVE('',#6625,#6641,#3270,.T.);
#11587=EDGE_CURVE('',#6638,#6654,#3204,.T.);
#11589=EDGE_CURVE('',#6654,#6668,#3238,.T.);
#11601=EDGE_CURVE('',#6650,#6661,#3208,.T.);
#11603=EDGE_CURVE('',#6648,#6650,#3213,.T.);
#11605=EDGE_CURVE('',#6646,#6648,#3217,.T.);
#11607=EDGE_CURVE('',#6644,#6646,#3221,.T.);
#11609=EDGE_CURVE('',#6642,#6644,#3225,.T.);
#11611=EDGE_CURVE('',#6641,#6642,#3230,.T.);
#11623=EDGE_CURVE('',#6653,#6654,#3242,.T.);
#11625=EDGE_CURVE('',#6670,#6653,#3246,.T.);
#11638=EDGE_CURVE('',#6634,#6650,#3250,.T.);
#11652=EDGE_CURVE('',#6637,#6653,#3274,.T.);
#11663=EDGE_CURVE('',#6632,#6648,#3254,.T.);
#11676=EDGE_CURVE('',#6630,#6646,#3258,.T.);
#11689=EDGE_CURVE('',#6628,#6644,#3262,.T.);
#11702=EDGE_CURVE('',#6626,#6642,#3266,.T.);
#11751=EDGE_CURVE('',#6418,#6385,#3282,.T.);
#11753=EDGE_CURVE('',#6385,#6386,#3287,.T.);
#11755=EDGE_CURVE('',#6386,#6388,#3291,.T.);
#11757=EDGE_CURVE('',#6388,#6390,#3295,.T.);
#11759=EDGE_CURVE('',#6390,#6392,#3299,.T.);
#11761=EDGE_CURVE('',#6392,#6394,#3304,.T.);
#11763=EDGE_CURVE('',#6394,#6417,#3308,.T.);
#11773=EDGE_CURVE('',#6398,#6424,#3312,.T.);
#11775=EDGE_CURVE('',#6426,#6424,#3474,.T.);
#11777=EDGE_CURVE('',#6426,#6397,#3316,.T.);
#11779=EDGE_CURVE('',#6397,#6398,#3320,.T.);
#11790=EDGE_CURVE('',#6422,#6401,#3354,.T.);
#11792=EDGE_CURVE('',#6385,#6401,#3390,.T.);
#11804=EDGE_CURVE('',#6398,#6414,#3324,.T.);
#11806=EDGE_CURVE('',#6414,#6428,#3358,.T.);
#11808=EDGE_CURVE('',#6424,#6428,#3478,.T.);
#11819=EDGE_CURVE('',#6410,#6421,#3328,.T.);
#11821=EDGE_CURVE('',#6408,#6410,#3333,.T.);
#11823=EDGE_CURVE('',#6406,#6408,#3337,.T.);
#11825=EDGE_CURVE('',#6404,#6406,#3341,.T.);
#11827=EDGE_CURVE('',#6402,#6404,#3345,.T.);
#11829=EDGE_CURVE('',#6401,#6402,#3350,.T.);
#11841=EDGE_CURVE('',#6413,#6414,#3362,.T.);
#11843=EDGE_CURVE('',#6430,#6413,#3366,.T.);
#11845=EDGE_CURVE('',#6430,#6428,#3482,.T.);
#11857=EDGE_CURVE('',#6394,#6410,#3370,.T.);
#11869=EDGE_CURVE('',#6426,#6430,#3486,.T.);
#11872=EDGE_CURVE('',#6397,#6413,#3966,.T.);
#11883=EDGE_CURVE('',#6392,#6408,#3374,.T.);
#11896=EDGE_CURVE('',#6390,#6406,#3378,.T.);
#11909=EDGE_CURVE('',#6388,#6404,#3382,.T.);
#11922=EDGE_CURVE('',#6386,#6402,#3386,.T.);
#11946=EDGE_CURVE('',#6993,#6994,#3394,.T.);
#11948=EDGE_CURVE('',#6998,#6993,#3398,.T.);
#11950=EDGE_CURVE('',#6996,#6998,#3402,.T.);
#11952=EDGE_CURVE('',#6994,#6996,#3406,.T.);
#11956=EDGE_CURVE('',#6762,#6760,#3522,.T.);
#11958=EDGE_CURVE('',#6760,#6764,#3526,.T.);
#11960=EDGE_CURVE('',#6766,#6764,#3530,.T.);
#11962=EDGE_CURVE('',#6762,#6766,#3534,.T.);
#11972=EDGE_CURVE('',#7001,#7002,#3410,.T.);
#11974=EDGE_CURVE('',#7010,#7001,#3414,.T.);
#11976=EDGE_CURVE('',#7008,#7010,#3418,.T.);
#11978=EDGE_CURVE('',#7006,#7008,#3422,.T.);
#11980=EDGE_CURVE('',#7004,#7006,#3426,.T.);
#11982=EDGE_CURVE('',#7002,#7004,#3430,.T.);
#11986=EDGE_CURVE('',#6474,#6472,#3490,.T.);
#11988=EDGE_CURVE('',#6472,#6476,#3494,.T.);
#11990=EDGE_CURVE('',#6478,#6476,#3498,.T.);
#11992=EDGE_CURVE('',#6474,#6478,#3502,.T.);
#12002=EDGE_CURVE('',#7013,#7014,#3434,.T.);
#12004=EDGE_CURVE('',#7018,#7013,#3438,.T.);
#12006=EDGE_CURVE('',#7016,#7018,#3442,.T.);
#12008=EDGE_CURVE('',#7014,#7016,#3446,.T.);
#12012=EDGE_CURVE('',#6714,#6712,#3506,.T.);
#12014=EDGE_CURVE('',#6712,#6716,#3510,.T.);
#12016=EDGE_CURVE('',#6718,#6716,#3514,.T.);
#12018=EDGE_CURVE('',#6714,#6718,#3518,.T.);
#12028=EDGE_CURVE('',#7021,#7022,#3450,.T.);
#12030=EDGE_CURVE('',#7030,#7021,#3454,.T.);
#12032=EDGE_CURVE('',#7028,#7030,#3458,.T.);
#12034=EDGE_CURVE('',#7026,#7028,#3462,.T.);
#12036=EDGE_CURVE('',#7024,#7026,#3466,.T.);
#12038=EDGE_CURVE('',#7022,#7024,#3470,.T.);
#12055=EDGE_CURVE('',#7033,#6993,#3538,.T.);
#12058=EDGE_CURVE('',#7034,#6994,#3550,.T.);
#12069=EDGE_CURVE('',#7038,#6998,#3542,.T.);
#12082=EDGE_CURVE('',#7036,#6996,#3546,.T.);
#12107=EDGE_CURVE('',#7041,#7001,#3554,.T.);
#12110=EDGE_CURVE('',#7042,#7002,#3574,.T.);
#12121=EDGE_CURVE('',#7050,#7010,#3558,.T.);
#12134=EDGE_CURVE('',#7048,#7008,#3562,.T.);
#12147=EDGE_CURVE('',#7046,#7006,#3566,.T.);
#12160=EDGE_CURVE('',#7044,#7004,#3570,.T.);
#12185=EDGE_CURVE('',#7053,#7013,#3578,.T.);
#12188=EDGE_CURVE('',#7054,#7014,#3590,.T.);
#12199=EDGE_CURVE('',#7058,#7018,#3582,.T.);
#12212=EDGE_CURVE('',#7056,#7016,#3586,.T.);
#12237=EDGE_CURVE('',#7061,#7021,#3594,.T.);
#12240=EDGE_CURVE('',#7062,#7022,#3614,.T.);
#12251=EDGE_CURVE('',#7070,#7030,#3598,.T.);
#12264=EDGE_CURVE('',#7068,#7028,#3602,.T.);
#12277=EDGE_CURVE('',#7066,#7026,#3606,.T.);
#12290=EDGE_CURVE('',#7064,#7024,#3610,.T.);
#12315=EDGE_CURVE('',#6466,#6433,#3618,.T.);
#12317=EDGE_CURVE('',#6433,#6434,#3623,.T.);
#12319=EDGE_CURVE('',#6434,#6436,#3627,.T.);
#12321=EDGE_CURVE('',#6436,#6438,#3631,.T.);
#12323=EDGE_CURVE('',#6438,#6440,#3635,.T.);
#12325=EDGE_CURVE('',#6440,#6442,#3640,.T.);
#12327=EDGE_CURVE('',#6442,#6465,#3644,.T.);
#12337=EDGE_CURVE('',#6446,#6472,#3648,.T.);
#12340=EDGE_CURVE('',#6474,#6445,#3652,.T.);
#12342=EDGE_CURVE('',#6445,#6446,#3656,.T.);
#12353=EDGE_CURVE('',#6470,#6449,#3690,.T.);
#12355=EDGE_CURVE('',#6433,#6449,#3726,.T.);
#12367=EDGE_CURVE('',#6446,#6462,#3660,.T.);
#12369=EDGE_CURVE('',#6462,#6476,#3694,.T.);
#12381=EDGE_CURVE('',#6458,#6469,#3664,.T.);
#12383=EDGE_CURVE('',#6456,#6458,#3669,.T.);
#12385=EDGE_CURVE('',#6454,#6456,#3673,.T.);
#12387=EDGE_CURVE('',#6452,#6454,#3677,.T.);
#12389=EDGE_CURVE('',#6450,#6452,#3681,.T.);
#12391=EDGE_CURVE('',#6449,#6450,#3686,.T.);
#12403=EDGE_CURVE('',#6461,#6462,#3698,.T.);
#12405=EDGE_CURVE('',#6478,#6461,#3702,.T.);
#12418=EDGE_CURVE('',#6442,#6458,#3706,.T.);
#12432=EDGE_CURVE('',#6445,#6461,#3730,.T.);
#12443=EDGE_CURVE('',#6440,#6456,#3710,.T.);
#12456=EDGE_CURVE('',#6438,#6454,#3714,.T.);
#12469=EDGE_CURVE('',#6436,#6452,#3718,.T.);
#12482=EDGE_CURVE('',#6434,#6450,#3722,.T.);
#12519=EDGE_CURVE('',#6706,#6673,#3734,.T.);
#12521=EDGE_CURVE('',#6673,#6674,#3739,.T.);
#12523=EDGE_CURVE('',#6674,#6676,#3743,.T.);
#12525=EDGE_CURVE('',#6676,#6678,#3747,.T.);
#12527=EDGE_CURVE('',#6678,#6680,#3751,.T.);
#12529=EDGE_CURVE('',#6680,#6682,#3756,.T.);
#12531=EDGE_CURVE('',#6682,#6705,#3760,.T.);
#12541=EDGE_CURVE('',#6686,#6712,#3764,.T.);
#12544=EDGE_CURVE('',#6714,#6685,#3768,.T.);
#12546=EDGE_CURVE('',#6685,#6686,#3772,.T.);
#12557=EDGE_CURVE('',#6710,#6689,#3806,.T.);
#12559=EDGE_CURVE('',#6673,#6689,#3842,.T.);
#12571=EDGE_CURVE('',#6686,#6702,#3776,.T.);
#12573=EDGE_CURVE('',#6702,#6716,#3810,.T.);
#12585=EDGE_CURVE('',#6698,#6709,#3780,.T.);
#12587=EDGE_CURVE('',#6696,#6698,#3785,.T.);
#12589=EDGE_CURVE('',#6694,#6696,#3789,.T.);
#12591=EDGE_CURVE('',#6692,#6694,#3793,.T.);
#12593=EDGE_CURVE('',#6690,#6692,#3797,.T.);
#12595=EDGE_CURVE('',#6689,#6690,#3802,.T.);
#12607=EDGE_CURVE('',#6701,#6702,#3814,.T.);
#12609=EDGE_CURVE('',#6718,#6701,#3818,.T.);
#12622=EDGE_CURVE('',#6682,#6698,#3822,.T.);
#12636=EDGE_CURVE('',#6685,#6701,#3846,.T.);
#12647=EDGE_CURVE('',#6680,#6696,#3826,.T.);
#12660=EDGE_CURVE('',#6678,#6694,#3830,.T.);
#12673=EDGE_CURVE('',#6676,#6692,#3834,.T.);
#12686=EDGE_CURVE('',#6674,#6690,#3838,.T.);
#12723=EDGE_CURVE('',#6754,#6721,#3850,.T.);
#12725=EDGE_CURVE('',#6721,#6722,#3855,.T.);
#12727=EDGE_CURVE('',#6722,#6724,#3859,.T.);
#12729=EDGE_CURVE('',#6724,#6726,#3863,.T.);
#12731=EDGE_CURVE('',#6726,#6728,#3867,.T.);
#12733=EDGE_CURVE('',#6728,#6730,#3872,.T.);
#12735=EDGE_CURVE('',#6730,#6753,#3876,.T.);
#12745=EDGE_CURVE('',#6734,#6760,#3880,.T.);
#12748=EDGE_CURVE('',#6762,#6733,#3884,.T.);
#12750=EDGE_CURVE('',#6733,#6734,#3888,.T.);
#12761=EDGE_CURVE('',#6758,#6737,#3922,.T.);
#12763=EDGE_CURVE('',#6721,#6737,#3958,.T.);
#12775=EDGE_CURVE('',#6734,#6750,#3892,.T.);
#12777=EDGE_CURVE('',#6750,#6764,#3926,.T.);
#12789=EDGE_CURVE('',#6746,#6757,#3896,.T.);
#12791=EDGE_CURVE('',#6744,#6746,#3901,.T.);
#12793=EDGE_CURVE('',#6742,#6744,#3905,.T.);
#12795=EDGE_CURVE('',#6740,#6742,#3909,.T.);
#12797=EDGE_CURVE('',#6738,#6740,#3913,.T.);
#12799=EDGE_CURVE('',#6737,#6738,#3918,.T.);
#12811=EDGE_CURVE('',#6749,#6750,#3930,.T.);
#12813=EDGE_CURVE('',#6766,#6749,#3934,.T.);
#12826=EDGE_CURVE('',#6730,#6746,#3938,.T.);
#12840=EDGE_CURVE('',#6733,#6749,#3962,.T.);
#12851=EDGE_CURVE('',#6728,#6744,#3942,.T.);
#12864=EDGE_CURVE('',#6726,#6742,#3946,.T.);
#12877=EDGE_CURVE('',#6724,#6740,#3950,.T.);
#12890=EDGE_CURVE('',#6722,#6738,#3954,.T.);
#12939=EDGE_CURVE('',#6514,#6481,#3970,.T.);
#12941=EDGE_CURVE('',#6481,#6482,#3975,.T.);
#12943=EDGE_CURVE('',#6482,#6484,#3979,.T.);
#12945=EDGE_CURVE('',#6484,#6486,#3983,.T.);
#12947=EDGE_CURVE('',#6486,#6488,#3987,.T.);
#12949=EDGE_CURVE('',#6488,#6490,#3992,.T.);
#12951=EDGE_CURVE('',#6490,#6513,#3996,.T.);
#12961=EDGE_CURVE('',#6494,#6520,#4000,.T.);
#12963=EDGE_CURVE('',#6522,#6520,#4162,.T.);
#12965=EDGE_CURVE('',#6522,#6493,#4004,.T.);
#12967=EDGE_CURVE('',#6493,#6494,#4008,.T.);
#12978=EDGE_CURVE('',#6518,#6497,#4042,.T.);
#12980=EDGE_CURVE('',#6481,#6497,#4078,.T.);
#12992=EDGE_CURVE('',#6494,#6510,#4012,.T.);
#12994=EDGE_CURVE('',#6510,#6524,#4046,.T.);
#12996=EDGE_CURVE('',#6520,#6524,#4166,.T.);
#13007=EDGE_CURVE('',#6506,#6517,#4016,.T.);
#13009=EDGE_CURVE('',#6504,#6506,#4021,.T.);
#13011=EDGE_CURVE('',#6502,#6504,#4025,.T.);
#13013=EDGE_CURVE('',#6500,#6502,#4029,.T.);
#13015=EDGE_CURVE('',#6498,#6500,#4033,.T.);
#13017=EDGE_CURVE('',#6497,#6498,#4038,.T.);
#13029=EDGE_CURVE('',#6509,#6510,#4050,.T.);
#13031=EDGE_CURVE('',#6526,#6509,#4054,.T.);
#13033=EDGE_CURVE('',#6526,#6524,#4170,.T.);
#13045=EDGE_CURVE('',#6490,#6506,#4058,.T.);
#13057=EDGE_CURVE('',#6522,#6526,#4174,.T.);
#13060=EDGE_CURVE('',#6493,#6509,#4654,.T.);
#13071=EDGE_CURVE('',#6488,#6504,#4062,.T.);
#13084=EDGE_CURVE('',#6486,#6502,#4066,.T.);
#13097=EDGE_CURVE('',#6484,#6500,#4070,.T.);
#13110=EDGE_CURVE('',#6482,#6498,#4074,.T.);
#13134=EDGE_CURVE('',#7073,#7074,#4082,.T.);
#13136=EDGE_CURVE('',#7082,#7073,#4086,.T.);
#13138=EDGE_CURVE('',#7080,#7082,#4090,.T.);
#13140=EDGE_CURVE('',#7078,#7080,#4094,.T.);
#13142=EDGE_CURVE('',#7076,#7078,#4098,.T.);
#13144=EDGE_CURVE('',#7074,#7076,#4102,.T.);
#13148=EDGE_CURVE('',#6858,#6856,#4210,.T.);
#13150=EDGE_CURVE('',#6856,#6860,#4214,.T.);
#13152=EDGE_CURVE('',#6862,#6860,#4218,.T.);
#13154=EDGE_CURVE('',#6858,#6862,#4222,.T.);
#13164=EDGE_CURVE('',#7085,#7086,#4106,.T.);
#13166=EDGE_CURVE('',#7090,#7085,#4110,.T.);
#13168=EDGE_CURVE('',#7088,#7090,#4114,.T.);
#13170=EDGE_CURVE('',#7086,#7088,#4118,.T.);
#13174=EDGE_CURVE('',#6570,#6568,#4178,.T.);
#13176=EDGE_CURVE('',#6568,#6572,#4182,.T.);
#13178=EDGE_CURVE('',#6574,#6572,#4186,.T.);
#13180=EDGE_CURVE('',#6570,#6574,#4190,.T.);
#13190=EDGE_CURVE('',#7093,#7094,#4122,.T.);
#13192=EDGE_CURVE('',#7102,#7093,#4126,.T.);
#13194=EDGE_CURVE('',#7100,#7102,#4130,.T.);
#13196=EDGE_CURVE('',#7098,#7100,#4134,.T.);
#13198=EDGE_CURVE('',#7096,#7098,#4138,.T.);
#13200=EDGE_CURVE('',#7094,#7096,#4142,.T.);
#13204=EDGE_CURVE('',#6810,#6808,#4194,.T.);
#13206=EDGE_CURVE('',#6808,#6812,#4198,.T.);
#13208=EDGE_CURVE('',#6814,#6812,#4202,.T.);
#13210=EDGE_CURVE('',#6810,#6814,#4206,.T.);
#13220=EDGE_CURVE('',#7105,#7106,#4146,.T.);
#13222=EDGE_CURVE('',#7110,#7105,#4150,.T.);
#13224=EDGE_CURVE('',#7108,#7110,#4154,.T.);
#13226=EDGE_CURVE('',#7106,#7108,#4158,.T.);
#13243=EDGE_CURVE('',#7113,#7073,#4226,.T.);
#13246=EDGE_CURVE('',#7114,#7074,#4246,.T.);
#13257=EDGE_CURVE('',#7122,#7082,#4230,.T.);
#13270=EDGE_CURVE('',#7120,#7080,#4234,.T.);
#13283=EDGE_CURVE('',#7118,#7078,#4238,.T.);
#13296=EDGE_CURVE('',#7116,#7076,#4242,.T.);
#13321=EDGE_CURVE('',#7125,#7085,#4250,.T.);
#13324=EDGE_CURVE('',#7126,#7086,#4262,.T.);
#13335=EDGE_CURVE('',#7130,#7090,#4254,.T.);
#13348=EDGE_CURVE('',#7128,#7088,#4258,.T.);
#13373=EDGE_CURVE('',#7133,#7093,#4266,.T.);
#13376=EDGE_CURVE('',#7134,#7094,#4286,.T.);
#13387=EDGE_CURVE('',#7142,#7102,#4270,.T.);
#13400=EDGE_CURVE('',#7140,#7100,#4274,.T.);
#13413=EDGE_CURVE('',#7138,#7098,#4278,.T.);
#13426=EDGE_CURVE('',#7136,#7096,#4282,.T.);
#13451=EDGE_CURVE('',#7145,#7105,#4290,.T.);
#13454=EDGE_CURVE('',#7146,#7106,#4302,.T.);
#13465=EDGE_CURVE('',#7150,#7110,#4294,.T.);
#13478=EDGE_CURVE('',#7148,#7108,#4298,.T.);
#13503=EDGE_CURVE('',#6562,#6529,#4306,.T.);
#13505=EDGE_CURVE('',#6529,#6530,#4311,.T.);
#13507=EDGE_CURVE('',#6530,#6532,#4315,.T.);
#13509=EDGE_CURVE('',#6532,#6534,#4319,.T.);
#13511=EDGE_CURVE('',#6534,#6536,#4323,.T.);
#13513=EDGE_CURVE('',#6536,#6538,#4328,.T.);
#13515=EDGE_CURVE('',#6538,#6561,#4332,.T.);
#13525=EDGE_CURVE('',#6542,#6568,#4336,.T.);
#13528=EDGE_CURVE('',#6570,#6541,#4340,.T.);
#13530=EDGE_CURVE('',#6541,#6542,#4344,.T.);
#13541=EDGE_CURVE('',#6566,#6545,#4378,.T.);
#13543=EDGE_CURVE('',#6529,#6545,#4414,.T.);
#13555=EDGE_CURVE('',#6542,#6558,#4348,.T.);
#13557=EDGE_CURVE('',#6558,#6572,#4382,.T.);
#13569=EDGE_CURVE('',#6554,#6565,#4352,.T.);
#13571=EDGE_CURVE('',#6552,#6554,#4357,.T.);
#13573=EDGE_CURVE('',#6550,#6552,#4361,.T.);
#13575=EDGE_CURVE('',#6548,#6550,#4365,.T.);
#13577=EDGE_CURVE('',#6546,#6548,#4369,.T.);
#13579=EDGE_CURVE('',#6545,#6546,#4374,.T.);
#13591=EDGE_CURVE('',#6557,#6558,#4386,.T.);
#13593=EDGE_CURVE('',#6574,#6557,#4390,.T.);
#13606=EDGE_CURVE('',#6538,#6554,#4394,.T.);
#13620=EDGE_CURVE('',#6541,#6557,#4418,.T.);
#13631=EDGE_CURVE('',#6536,#6552,#4398,.T.);
#13644=EDGE_CURVE('',#6534,#6550,#4402,.T.);
#13657=EDGE_CURVE('',#6532,#6548,#4406,.T.);
#13670=EDGE_CURVE('',#6530,#6546,#4410,.T.);
#13707=EDGE_CURVE('',#6802,#6769,#4422,.T.);
#13709=EDGE_CURVE('',#6769,#6770,#4427,.T.);
#13711=EDGE_CURVE('',#6770,#6772,#4431,.T.);
#13713=EDGE_CURVE('',#6772,#6774,#4435,.T.);
#13715=EDGE_CURVE('',#6774,#6776,#4439,.T.);
#13717=EDGE_CURVE('',#6776,#6778,#4444,.T.);
#13719=EDGE_CURVE('',#6778,#6801,#4448,.T.);
#13729=EDGE_CURVE('',#6782,#6808,#4452,.T.);
#13732=EDGE_CURVE('',#6810,#6781,#4456,.T.);
#13734=EDGE_CURVE('',#6781,#6782,#4460,.T.);
#13745=EDGE_CURVE('',#6806,#6785,#4494,.T.);
#13747=EDGE_CURVE('',#6769,#6785,#4530,.T.);
#13759=EDGE_CURVE('',#6782,#6798,#4464,.T.);
#13761=EDGE_CURVE('',#6798,#6812,#4498,.T.);
#13773=EDGE_CURVE('',#6794,#6805,#4468,.T.);
#13775=EDGE_CURVE('',#6792,#6794,#4473,.T.);
#13777=EDGE_CURVE('',#6790,#6792,#4477,.T.);
#13779=EDGE_CURVE('',#6788,#6790,#4481,.T.);
#13781=EDGE_CURVE('',#6786,#6788,#4485,.T.);
#13783=EDGE_CURVE('',#6785,#6786,#4490,.T.);
#13795=EDGE_CURVE('',#6797,#6798,#4502,.T.);
#13797=EDGE_CURVE('',#6814,#6797,#4506,.T.);
#13810=EDGE_CURVE('',#6778,#6794,#4510,.T.);
#13824=EDGE_CURVE('',#6781,#6797,#4534,.T.);
#13835=EDGE_CURVE('',#6776,#6792,#4514,.T.);
#13848=EDGE_CURVE('',#6774,#6790,#4518,.T.);
#13861=EDGE_CURVE('',#6772,#6788,#4522,.T.);
#13874=EDGE_CURVE('',#6770,#6786,#4526,.T.);
#13911=EDGE_CURVE('',#6850,#6817,#4538,.T.);
#13913=EDGE_CURVE('',#6817,#6818,#4543,.T.);
#13915=EDGE_CURVE('',#6818,#6820,#4547,.T.);
#13917=EDGE_CURVE('',#6820,#6822,#4551,.T.);
#13919=EDGE_CURVE('',#6822,#6824,#4555,.T.);
#13921=EDGE_CURVE('',#6824,#6826,#4560,.T.);
#13923=EDGE_CURVE('',#6826,#6849,#4564,.T.);
#13933=EDGE_CURVE('',#6830,#6856,#4568,.T.);
#13936=EDGE_CURVE('',#6858,#6829,#4572,.T.);
#13938=EDGE_CURVE('',#6829,#6830,#4576,.T.);
#13949=EDGE_CURVE('',#6854,#6833,#4610,.T.);
#13951=EDGE_CURVE('',#6817,#6833,#4646,.T.);
#13963=EDGE_CURVE('',#6830,#6846,#4580,.T.);
#13965=EDGE_CURVE('',#6846,#6860,#4614,.T.);
#13977=EDGE_CURVE('',#6842,#6853,#4584,.T.);
#13979=EDGE_CURVE('',#6840,#6842,#4589,.T.);
#13981=EDGE_CURVE('',#6838,#6840,#4593,.T.);
#13983=EDGE_CURVE('',#6836,#6838,#4597,.T.);
#13985=EDGE_CURVE('',#6834,#6836,#4601,.T.);
#13987=EDGE_CURVE('',#6833,#6834,#4606,.T.);
#13999=EDGE_CURVE('',#6845,#6846,#4618,.T.);
#14001=EDGE_CURVE('',#6862,#6845,#4622,.T.);
#14014=EDGE_CURVE('',#6826,#6842,#4626,.T.);
#14028=EDGE_CURVE('',#6829,#6845,#4650,.T.);
#14039=EDGE_CURVE('',#6824,#6840,#4630,.T.);
#14052=EDGE_CURVE('',#6822,#6838,#4634,.T.);
#14065=EDGE_CURVE('',#6820,#6836,#4638,.T.);
#14078=EDGE_CURVE('',#6818,#6834,#4642,.T.);
#14127=EDGE_CURVE('',#6610,#6577,#4658,.T.);
#14129=EDGE_CURVE('',#6577,#6578,#4663,.T.);
#14131=EDGE_CURVE('',#6578,#6580,#4667,.T.);
#14133=EDGE_CURVE('',#6580,#6582,#4671,.T.);
#14135=EDGE_CURVE('',#6582,#6584,#4675,.T.);
#14137=EDGE_CURVE('',#6584,#6586,#4680,.T.);
#14139=EDGE_CURVE('',#6586,#6609,#4684,.T.);
#14149=EDGE_CURVE('',#6617,#6618,#4810,.T.);
#14151=EDGE_CURVE('',#6617,#6589,#4688,.T.);
#14153=EDGE_CURVE('',#6589,#6590,#4692,.T.);
#14155=EDGE_CURVE('',#6590,#6618,#4696,.T.);
#14166=EDGE_CURVE('',#6614,#6593,#4730,.T.);
#14168=EDGE_CURVE('',#6577,#6593,#4766,.T.);
#14179=EDGE_CURVE('',#6618,#6622,#4814,.T.);
#14182=EDGE_CURVE('',#6590,#6606,#4700,.T.);
#14184=EDGE_CURVE('',#6606,#6622,#4734,.T.);
#14195=EDGE_CURVE('',#6602,#6613,#4704,.T.);
#14197=EDGE_CURVE('',#6600,#6602,#4709,.T.);
#14199=EDGE_CURVE('',#6598,#6600,#4713,.T.);
#14201=EDGE_CURVE('',#6596,#6598,#4717,.T.);
#14203=EDGE_CURVE('',#6594,#6596,#4721,.T.);
#14205=EDGE_CURVE('',#6593,#6594,#4726,.T.);
#14216=EDGE_CURVE('',#6621,#6622,#4818,.T.);
#14219=EDGE_CURVE('',#6605,#6606,#4738,.T.);
#14221=EDGE_CURVE('',#6621,#6605,#4742,.T.);
#14233=EDGE_CURVE('',#6586,#6602,#4746,.T.);
#14244=EDGE_CURVE('',#6617,#6621,#4822,.T.);
#14247=EDGE_CURVE('',#6589,#6605,#4998,.T.);
#14259=EDGE_CURVE('',#6584,#6600,#4750,.T.);
#14272=EDGE_CURVE('',#6582,#6598,#4754,.T.);
#14285=EDGE_CURVE('',#6580,#6596,#4758,.T.);
#14298=EDGE_CURVE('',#6578,#6594,#4762,.T.);
#14322=EDGE_CURVE('',#5613,#5614,#4770,.T.);
#14324=EDGE_CURVE('',#5618,#5613,#4774,.T.);
#14326=EDGE_CURVE('',#5616,#5618,#4778,.T.);
#14328=EDGE_CURVE('',#5614,#5616,#4782,.T.);
#14332=EDGE_CURVE('',#6905,#6906,#4826,.T.);
#14334=EDGE_CURVE('',#6906,#6910,#4830,.T.);
#14336=EDGE_CURVE('',#6909,#6910,#4834,.T.);
#14338=EDGE_CURVE('',#6905,#6909,#4838,.T.);
#14348=EDGE_CURVE('',#5621,#5622,#4786,.T.);
#14350=EDGE_CURVE('',#5630,#5621,#4790,.T.);
#14352=EDGE_CURVE('',#5629,#5630,#4794,.T.);
#14354=EDGE_CURVE('',#5626,#5629,#4798,.T.);
#14356=EDGE_CURVE('',#5625,#5626,#4802,.T.);
#14358=EDGE_CURVE('',#5622,#5625,#4806,.T.);
#14375=EDGE_CURVE('',#5633,#5613,#4842,.T.);
#14378=EDGE_CURVE('',#5634,#5614,#4854,.T.);
#14389=EDGE_CURVE('',#5638,#5618,#4846,.T.);
#14402=EDGE_CURVE('',#5636,#5616,#4850,.T.);
#14427=EDGE_CURVE('',#5641,#5621,#4858,.T.);
#14430=EDGE_CURVE('',#5642,#5622,#4878,.T.);
#14441=EDGE_CURVE('',#5648,#5630,#4862,.T.);
#14454=EDGE_CURVE('',#5650,#5629,#4866,.T.);
#14467=EDGE_CURVE('',#5646,#5626,#4870,.T.);
#14480=EDGE_CURVE('',#5645,#5625,#4874,.T.);
#14505=EDGE_CURVE('',#6898,#6865,#4882,.T.);
#14507=EDGE_CURVE('',#6865,#6866,#4887,.T.);
#14509=EDGE_CURVE('',#6866,#6868,#4891,.T.);
#14511=EDGE_CURVE('',#6868,#6870,#4895,.T.);
#14513=EDGE_CURVE('',#6870,#6872,#4899,.T.);
#14515=EDGE_CURVE('',#6872,#6874,#4904,.T.);
#14517=EDGE_CURVE('',#6874,#6897,#4908,.T.);
#14528=EDGE_CURVE('',#6905,#6877,#4912,.T.);
#14530=EDGE_CURVE('',#6877,#6878,#4916,.T.);
#14532=EDGE_CURVE('',#6878,#6906,#4920,.T.);
#14543=EDGE_CURVE('',#6902,#6881,#4954,.T.);
#14545=EDGE_CURVE('',#6865,#6881,#4990,.T.);
#14558=EDGE_CURVE('',#6878,#6894,#4924,.T.);
#14560=EDGE_CURVE('',#6894,#6910,#4958,.T.);
#14571=EDGE_CURVE('',#6890,#6901,#4928,.T.);
#14573=EDGE_CURVE('',#6888,#6890,#4933,.T.);
#14575=EDGE_CURVE('',#6886,#6888,#4937,.T.);
#14577=EDGE_CURVE('',#6884,#6886,#4941,.T.);
#14579=EDGE_CURVE('',#6882,#6884,#4945,.T.);
#14581=EDGE_CURVE('',#6881,#6882,#4950,.T.);
#14594=EDGE_CURVE('',#6893,#6894,#4962,.T.);
#14596=EDGE_CURVE('',#6909,#6893,#4966,.T.);
#14608=EDGE_CURVE('',#6874,#6890,#4970,.T.);
#14621=EDGE_CURVE('',#6877,#6893,#4994,.T.);
#14633=EDGE_CURVE('',#6872,#6888,#4974,.T.);
#14646=EDGE_CURVE('',#6870,#6886,#4978,.T.);
#14659=EDGE_CURVE('',#6868,#6884,#4982,.T.);
#14672=EDGE_CURVE('',#6866,#6882,#4986,.T.);
#14721=EDGE_CURVE('',#5566,#5533,#5002,.T.);
#14723=EDGE_CURVE('',#5533,#5534,#5007,.T.);
#14725=EDGE_CURVE('',#5534,#5536,#5011,.T.);
#14727=EDGE_CURVE('',#5536,#5538,#5015,.T.);
#14729=EDGE_CURVE('',#5538,#5540,#5019,.T.);
#14731=EDGE_CURVE('',#5540,#5542,#5024,.T.);
#14733=EDGE_CURVE('',#5542,#5565,#5028,.T.);
#14744=EDGE_CURVE('',#5573,#5545,#5032,.T.);
#14746=EDGE_CURVE('',#5545,#5546,#5036,.T.);
#14748=EDGE_CURVE('',#5546,#5574,#5040,.T.);
#14759=EDGE_CURVE('',#5570,#5549,#5074,.T.);
#14761=EDGE_CURVE('',#5533,#5549,#5110,.T.);
#14774=EDGE_CURVE('',#5546,#5562,#5044,.T.);
#14776=EDGE_CURVE('',#5562,#5578,#5078,.T.);
#14787=EDGE_CURVE('',#5558,#5569,#5048,.T.);
#14789=EDGE_CURVE('',#5556,#5558,#5053,.T.);
#14791=EDGE_CURVE('',#5554,#5556,#5057,.T.);
#14793=EDGE_CURVE('',#5552,#5554,#5061,.T.);
#14795=EDGE_CURVE('',#5550,#5552,#5065,.T.);
#14797=EDGE_CURVE('',#5549,#5550,#5070,.T.);
#14810=EDGE_CURVE('',#5561,#5562,#5082,.T.);
#14812=EDGE_CURVE('',#5577,#5561,#5086,.T.);
#14824=EDGE_CURVE('',#5542,#5558,#5090,.T.);
#14837=EDGE_CURVE('',#5545,#5561,#5114,.T.);
#14849=EDGE_CURVE('',#5540,#5556,#5094,.T.);
#14862=EDGE_CURVE('',#5538,#5554,#5098,.T.);
#14875=EDGE_CURVE('',#5536,#5552,#5102,.T.);
#14888=EDGE_CURVE('',#5534,#5550,#5106,.T.);
#14925=EDGE_CURVE('',#5829,#5813,#5118,.T.);
#14927=EDGE_CURVE('',#5813,#5814,#5234,.T.);
#14929=EDGE_CURVE('',#5830,#5814,#5266,.T.);
#14939=EDGE_CURVE('',#5416,#5838,#5122,.T.);
#14942=EDGE_CURVE('',#5836,#5818,#5126,.T.);
#14944=EDGE_CURVE('',#5818,#5813,#5238,.T.);
#14948=EDGE_CURVE('',#5602,#5600,#5359,.T.);
#14951=EDGE_CURVE('',#5605,#5606,#5376,.T.);
#14953=EDGE_CURVE('',#5605,#5416,#5130,.T.);
#14964=EDGE_CURVE('',#5394,#5416,#5166,.T.);
#14966=EDGE_CURVE('',#5394,#5406,#5134,.T.);
#14977=EDGE_CURVE('',#5581,#5420,#5190,.T.);
#14979=EDGE_CURVE('',#5586,#5581,#5284,.T.);
#14981=EDGE_CURVE('',#5586,#5422,#5214,.T.);
#14983=EDGE_CURVE('',#5422,#5402,#5138,.T.);
#14985=EDGE_CURVE('',#5402,#5399,#5142,.T.);
#14987=EDGE_CURVE('',#5399,#5400,#5146,.T.);
#14989=EDGE_CURVE('',#5400,#5420,#5150,.T.);
#15000=EDGE_CURVE('',#5610,#5605,#5390,.T.);
#15002=EDGE_CURVE('',#5418,#5610,#5186,.T.);
#15004=EDGE_CURVE('',#5418,#5396,#5154,.T.);
#15006=EDGE_CURVE('',#5396,#5393,#5158,.T.);
#15008=EDGE_CURVE('',#5393,#5394,#5162,.T.);
#15019=EDGE_CURVE('',#5420,#5848,#5170,.T.);
#15022=EDGE_CURVE('',#5846,#5822,#5174,.T.);
#15024=EDGE_CURVE('',#5822,#5824,#5262,.T.);
#15026=EDGE_CURVE('',#5851,#5824,#5230,.T.);
#15029=EDGE_CURVE('',#5832,#5816,#5178,.T.);
#15031=EDGE_CURVE('',#5816,#5818,#5242,.T.);
#15035=EDGE_CURVE('',#5835,#5418,#5182,.T.);
#15038=EDGE_CURVE('',#5610,#5608,#5385,.T.);
#15041=EDGE_CURVE('',#5581,#5582,#5270,.T.);
#15054=EDGE_CURVE('',#5400,#5412,#5194,.T.);
#15066=EDGE_CURVE('',#5399,#5411,#5198,.T.);
#15079=EDGE_CURVE('',#5402,#5414,#5202,.T.);
#15091=EDGE_CURVE('',#5422,#5845,#5210,.T.);
#15105=EDGE_CURVE('',#5854,#5821,#5206,.T.);
#15107=EDGE_CURVE('',#5821,#5822,#5250,.T.);
#15113=EDGE_CURVE('',#5586,#5584,#5279,.T.);
#15116=EDGE_CURVE('',#5426,#5842,#5218,.T.);
#15119=EDGE_CURVE('',#5425,#5841,#5222,.T.);
#15122=EDGE_CURVE('',#5589,#5590,#5288,.T.);
#15133=EDGE_CURVE('',#5852,#5826,#5226,.T.);
#15135=EDGE_CURVE('',#5826,#5821,#5254,.T.);
#15148=EDGE_CURVE('',#5824,#5826,#5258,.T.);
#15162=EDGE_CURVE('',#5814,#5816,#5246,.T.);
#15222=EDGE_CURVE('',#5594,#5592,#5297,.T.);
#15235=EDGE_CURVE('',#5438,#5442,#5306,.T.);
#15237=EDGE_CURVE('',#5440,#5442,#5310,.T.);
#15239=EDGE_CURVE('',#5437,#5440,#5314,.T.);
#15242=EDGE_CURVE('',#5597,#5598,#5350,.T.);
#15254=EDGE_CURVE('',#5434,#5438,#5318,.T.);
#15256=EDGE_CURVE('',#5433,#5434,#5322,.T.);
#15258=EDGE_CURVE('',#5442,#5433,#5326,.T.);
#15269=EDGE_CURVE('',#5430,#5437,#5342,.T.);
#15271=EDGE_CURVE('',#5430,#5434,#5330,.T.);
#15283=EDGE_CURVE('',#5440,#5429,#5334,.T.);
#15285=EDGE_CURVE('',#5429,#5430,#5338,.T.);
#15298=EDGE_CURVE('',#5429,#5433,#5346,.T.);
#15335=EDGE_CURVE('',#5396,#5408,#5368,.T.);
#15349=EDGE_CURVE('',#5393,#5405,#5372,.T.);
#15380=(LENGTH_UNIT()NAMED_UNIT(*)SI_UNIT(.MILLI.,.METRE.));
#15382=(NAMED_UNIT(*)PLANE_ANGLE_UNIT()SI_UNIT($,.RADIAN.));
#15385=(NAMED_UNIT(*)SI_UNIT($,.STERADIAN.)SOLID_ANGLE_UNIT());
#15388=ADVANCED_BREP_SHAPE_REPRESENTATION('',(#15379),#15387);
#15395=PRODUCT_DEFINITION('design','',#15394,#15391);
#15396=PRODUCT_DEFINITION_SHAPE('','SHAPE FOR 874272402.',#15395);
#15397=SHAPE_DEFINITION_REPRESENTATION(#15396,#15388);
ENDSEC;
END-ISO-10303-21;
